series,case,mesh,source_nbands,sum_band_max,bands,C_est_plus,C_est_minus,C_est_spin,C_est_charge,Fukui_C_spin,min_energy_gap_eV,min_abs_spin,Fukui_min_link_sv,Fukui_max_abs_flux_rad,Gamma_point_contribution,aggregation
all_stored_bands,mesh12-source48-occupied-all,12,48,48,1:10,1.03826932633231,-1.0382688155787558,1.038269070955533,5.10753554117116e-07,1.0,0.535028374770217,0.593697673089969,0.6416980663642268,1.4074852145674046,0.4389796294293275,POSTPROCESS_SUM_OF_NATIVE_POINT_CURVATURE
additional_control,mesh12-source48-occupied-cap48,12,48,48,1:10,1.03826932633231,-1.0382688155787558,1.038269070955533,5.10753554117116e-07,1.0,0.535028374770217,0.593697673089969,0.6416980663642268,1.4074852145674046,0.4389796294293275,POSTPROCESS_SUM_OF_NATIVE_POINT_CURVATURE
all_stored_bands,mesh12-source48-pair-all,12,48,48,9:10,-29.027118632712277,29.02711706245403,-29.027117847583153,-1.570258248762002e-06,2.0,0.04742811211133491,0.33480239842984977,0.18228450808828436,1.1483861026102056,-29.64050608934311,POSTPROCESS_SUM_OF_NATIVE_POINT_CURVATURE
additional_control,mesh12-source48-pair-cap48,12,48,48,9:10,-29.027118632712277,29.02711706245403,-29.027117847583153,-1.570258248762002e-06,2.0,0.04742811211133491,0.33480239842984977,0.18228450808828436,1.1483861026102056,-29.64050608934311,POSTPROCESS_SUM_OF_NATIVE_POINT_CURVATURE
all_stored_bands,mesh12-source64-occupied-all,12,64,64,1:10,1.0404932732540129,-1.040407349162071,1.0404503112080419,8.592409194196904e-05,1.0,0.5350283747994766,0.5936976709252871,0.6416980663642268,1.4074852145674046,0.4389099376166127,POSTPROCESS_SUM_OF_NATIVE_POINT_CURVATURE
mesh,mesh12-source64-occupied-cap48,12,64,48,1:10,1.0382696706876444,-1.0382696742482669,1.0382696724679557,-3.5606224635387207e-09,1.0,0.5350283747994766,0.5936976709252871,0.6416980663642268,1.4074852145674046,0.43897960133744646,POSTPROCESS_SUM_OF_NATIVE_POINT_CURVATURE
all_stored_bands,mesh12-source64-pair-all,12,64,64,9:10,-29.02317084157855,29.023254678301623,-29.023212759940087,8.383672307132883e-05,2.0,0.047428112147666734,0.33480239961254565,0.18228450808828436,1.1483861026102056,-29.64024081873542,POSTPROCESS_SUM_OF_NATIVE_POINT_CURVATURE
mesh,mesh12-source64-pair-cap48,12,64,48,9:10,-29.02711651686099,29.02711598883623,-29.027116252848607,-5.280247599159793e-07,2.0,0.047428112147666734,0.33480239961254565,0.18228450808828436,1.1483861026102056,-29.640506224864588,POSTPROCESS_SUM_OF_NATIVE_POINT_CURVATURE
all_stored_bands,mesh18-source64-occupied-all,18,64,64,1:10,1.0289625966873177,-1.028936464024114,1.028949530355716,2.613266320361518e-05,1.0,0.5350283748098648,0.5936976656737831,0.76171333708428,0.8991067869996588,0.19506634489587238,POSTPROCESS_SUM_OF_NATIVE_POINT_CURVATURE
mesh,mesh18-source64-occupied-cap48,18,64,48,1:10,1.0268699095694789,-1.0268699415358034,1.0268699255526412,-3.196632447632908e-08,1.0,0.5350283748098648,0.5936976656737831,0.76171333708428,0.8991067869996588,0.19510204192430958,POSTPROCESS_SUM_OF_NATIVE_POINT_CURVATURE
all_stored_bands,mesh18-source64-pair-all,18,64,64,9:10,-12.249687389844246,12.249656021060492,-12.249671705452368,-3.1368783753649154e-05,2.0,0.047428112124265454,0.3348024039214421,0.3544917622692217,0.944532303935396,-13.173457425857064,POSTPROCESS_SUM_OF_NATIVE_POINT_CURVATURE
mesh,mesh18-source64-pair-cap48,18,64,48,9:10,-12.253754335863793,12.253754301578333,-12.253754318721063,-3.4285459804550555e-08,2.0,0.047428112124265454,0.3348024039214421,0.3544917622692217,0.944532303935396,-13.173557840495187,POSTPROCESS_SUM_OF_NATIVE_POINT_CURVATURE
all_stored_bands,mesh6-source48-occupied-all,6,48,48,1:10,1.9997765050333969,-1.9997730764796544,1.9997747907565255,3.42855374246831e-06,1.0,0.5350283747424058,0.5936976675874522,0.4649304519649987,2.0748614989623095,1.7559184698605883,POSTPROCESS_SUM_OF_NATIVE_POINT_CURVATURE
source_padding,mesh6-source48-occupied-cap48,6,48,48,1:10,1.9997765050333969,-1.9997730764796544,1.9997747907565255,3.42855374246831e-06,1.0,0.5350283747424058,0.5936976675874522,0.4649304519649987,2.0748614989623095,1.7559184698605883,POSTPROCESS_SUM_OF_NATIVE_POINT_CURVATURE
all_stored_bands,mesh6-source48-pair-all,6,48,48,9:10,-118.76613304093394,118.76613207391257,-118.76613255742325,-9.670213643175884e-07,2.0,0.04742811210316722,0.33480239595095707,0.04316562185758426,2.8906691696478415,-118.56202314429765,POSTPROCESS_SUM_OF_NATIVE_POINT_CURVATURE
source_padding,mesh6-source48-pair-cap48,6,48,48,9:10,-118.76613304093394,118.76613207391257,-118.76613255742325,-9.670213643175884e-07,2.0,0.04742811210316722,0.33480239595095707,0.04316562185758426,2.8906691696478415,-118.56202314429765,POSTPROCESS_SUM_OF_NATIVE_POINT_CURVATURE
all_stored_bands,mesh6-source64-occupied-all,6,64,64,1:10,2.001082166739542,-2.000730370571394,2.000906268655468,0.00035179616814806636,1.0,0.535028374756481,0.5936976751648982,0.4649304514829463,2.0748614987706775,1.7556398810617992,POSTPROCESS_SUM_OF_NATIVE_POINT_CURVATURE
mesh,mesh6-source64-occupied-cap48,6,64,48,1:10,1.9997800150308815,-1.9997800113547948,1.9997800131928383,3.6760867683227616e-09,1.0,0.535028374756481,0.5936976751648982,0.4649304514829463,2.0748614987706775,1.755918405158539,POSTPROCESS_SUM_OF_NATIVE_POINT_CURVATURE
all_stored_bands,mesh6-source64-pair-all,6,64,64,9:10,-118.76235911650178,118.76273027530051,-118.76254469590114,0.0003711587987282883,2.0,0.04742811211730569,0.3348023986434227,0.04316562193822391,2.890669021997178,-118.56096133440633,POSTPROCESS_SUM_OF_NATIVE_POINT_CURVATURE
mesh,mesh6-source64-pair-cap48,6,64,48,9:10,-118.76612881110522,118.76612802923849,-118.76612842017185,-7.818667313586047e-07,2.0,0.04742811211730569,0.3348023986434227,0.04316562193822391,2.890669021997178,-118.5620223552667,POSTPROCESS_SUM_OF_NATIVE_POINT_CURVATURE
all_stored_bands,mesh6-source80-occupied-all,6,80,80,1:10,2.0063201180896453,-2.0063506980711048,2.006335408080375,-3.0579981459499805e-05,1.0,0.535028374779025,0.5936976689258271,0.4649304528055125,2.074861496327058,1.7555639185470604,POSTPROCESS_SUM_OF_NATIVE_POINT_CURVATURE
cutoff,mesh6-source80-occupied-cap16,6,80,16,1:10,2.007934821149287,-2.007934826605161,2.007934823877224,-5.455873974824499e-09,1.0,0.535028374779025,0.5936976689258271,0.4649304528055125,2.074861496327058,1.7692477273984468,POSTPROCESS_SUM_OF_NATIVE_POINT_CURVATURE
cutoff,mesh6-source80-occupied-cap24,6,80,24,1:10,2.0018004879218823,-2.0018004927534925,2.001800490337687,-4.831610223021698e-09,1.0,0.535028374779025,0.5936976689258271,0.4649304528055125,2.074861496327058,1.7612794939689762,POSTPROCESS_SUM_OF_NATIVE_POINT_CURVATURE
cutoff,mesh6-source80-occupied-cap32,6,80,32,1:10,1.9991414090986508,-1.9991414150343592,1.999141412066505,-5.935708369264603e-09,1.0,0.535028374779025,0.5936976689258271,0.4649304528055125,2.074861496327058,1.757595605247373,POSTPROCESS_SUM_OF_NATIVE_POINT_CURVATURE
cutoff,mesh6-source80-occupied-cap48,6,80,48,1:10,1.9997800258328935,-1.9997800323341708,1.9997800290835321,-6.5012772942907304e-09,1.0,0.535028374779025,0.5936976689258271,0.4649304528055125,2.074861496327058,1.7559184158518601,POSTPROCESS_SUM_OF_NATIVE_POINT_CURVATURE
cutoff,mesh6-source80-occupied-cap64,6,80,64,1:10,2.00069480543165,-2.000694814309661,2.000694809870655,-8.878010770985156e-09,1.0,0.535028374779025,0.5936976689258271,0.4649304528055125,2.074861496327058,1.7555102233410627,POSTPROCESS_SUM_OF_NATIVE_POINT_CURVATURE
cutoff,mesh6-source80-occupied-cap80,6,80,80,1:10,2.0063201180896453,-2.0063506980711048,2.006335408080375,-3.0579981459499805e-05,1.0,0.535028374779025,0.5936976689258271,0.4649304528055125,2.074861496327058,1.7555639185470604,POSTPROCESS_SUM_OF_NATIVE_POINT_CURVATURE
all_stored_bands,mesh6-source80-pair-all,6,80,80,9:10,-118.75600103602441,118.7560475048603,-118.75602427044237,4.6468835890323135e-05,2.0000000000000004,0.04742811210009279,0.3348024002097127,0.04316562323624188,2.8906689922713675,-118.56155886739626,POSTPROCESS_SUM_OF_NATIVE_POINT_CURVATURE
cutoff,mesh6-source80-pair-cap16,6,80,16,9:10,-118.90000573343063,118.90000524425103,-118.90000548884083,-4.891795981620817e-07,2.0000000000000004,0.04742811210009279,0.3348024002097127,0.04316562323624188,2.8906689922713675,-118.64772048495908,POSTPROCESS_SUM_OF_NATIVE_POINT_CURVATURE
cutoff,mesh6-source80-pair-cap24,6,80,24,9:10,-118.7578300582322,118.7578295630987,-118.75782981066544,-4.951335057512551e-07,2.0000000000000004,0.04742811210009279,0.3348024002097127,0.04316562323624188,2.8906689922713675,-118.55184200497733,POSTPROCESS_SUM_OF_NATIVE_POINT_CURVATURE
cutoff,mesh6-source80-pair-cap32,6,80,32,9:10,-118.76213887643193,118.76213838028148,-118.76213862835671,-4.961504487255297e-07,2.0000000000000004,0.04742811210009279,0.3348024002097127,0.04316562323624188,2.8906689922713675,-118.54680140915269,POSTPROCESS_SUM_OF_NATIVE_POINT_CURVATURE
cutoff,mesh6-source80-pair-cap48,6,80,48,9:10,-118.76612977680436,118.76612928050993,-118.76612952865715,-4.962944331055041e-07,2.0000000000000004,0.04742811210009279,0.3348024002097127,0.04316562323624188,2.8906689922713675,-118.5620234905418,POSTPROCESS_SUM_OF_NATIVE_POINT_CURVATURE
cutoff,mesh6-source80-pair-cap64,6,80,64,9:10,-118.76320844459099,118.76320795009426,-118.76320819734262,-4.944967315623217e-07,2.0000000000000004,0.04742811210009279,0.3348024002097127,0.04316562323624188,2.8906689922713675,-118.56161466770031,POSTPROCESS_SUM_OF_NATIVE_POINT_CURVATURE
cutoff,mesh6-source80-pair-cap80,6,80,80,9:10,-118.75600103602441,118.7560475048603,-118.75602427044237,4.6468835890323135e-05,2.0000000000000004,0.04742811210009279,0.3348024002097127,0.04316562323624188,2.8906689922713675,-118.56155886739626,POSTPROCESS_SUM_OF_NATIVE_POINT_CURVATURE
