k_index,q1,q2,q3,E1_eV,E2_eV,E3_eV,E4_eV,E5_eV,E6_eV,E7_eV,E8_eV,E9_eV,E10_eV,E11_eV,E12_eV,E13_eV,E14_eV,E15_eV,E16_eV
1,0.0,0.0,0.0,-22.298747449791662,-22.298747449791662,-10.38411860284152,-10.38411860284152,-5.7653439137147,-5.7653439137147,-5.756085499272379,-5.756085499272379,0.5222289730842065,0.5222289730842065,1.324620583712508,1.3246205840022272,1.6923927975326098,1.692392799367498,2.6001190832539605,2.6001190845094095
2,0.0208333333333333,0.0208333333333333,0.0,-22.26781067665391,-22.26781067665391,-10.347118168615967,-10.347118168615967,-5.888099049258168,-5.888099049258168,-5.828736457977087,-5.828736457977087,0.5641713856893468,0.5641713856893468,1.3671324953315618,1.3671324955303372,1.7354093722054227,1.735409373994403,2.6427673544818098,2.642767355773852
3,0.0416666666666667,0.0416666666666667,0.0,-22.175152194697837,-22.175152194697837,-10.236317011987348,-10.236317011987348,-6.24748095702795,-6.24748095702795,-6.03039299950542,-6.03039299950542,0.6900217528716409,0.6900217529231307,1.4946314924235733,1.4946314926810222,1.8644644490638327,1.864464450917465,2.7706836119180904,2.7706836132053354
4,0.0625,0.0625,0.0,-22.020891735874024,-22.020891735874024,-10.05222746001629,-10.05222746001629,-6.787787095791488,-6.787787095791488,-6.354177764525431,-6.354177764525431,0.8998329927104607,0.8998329927612299,1.707006307423868,1.7070063076777138,2.079569597528749,2.079569599356438,2.983783512863988,2.983783514133217
5,0.0833333333333333,0.0833333333333333,0.0,-21.805374438776035,-21.805374438776035,-9.795758369920511,-9.795758369920511,-7.450186158889552,-7.450186158889552,-6.784040044610095,-6.784040044610095,1.193622694056317,1.193622694107322,2.0040449728031797,2.0040449731092096,2.380736475876419,2.3807364777636018,3.281905081950942,3.2819050832770706
6,0.1041666666666667,0.1041666666666667,0.0,-21.529051795702625,-21.529051795702625,-9.46827614013839,-9.46827614013839,-8.184624034036986,-8.184624034036986,-7.300240713402822,-7.300240713402822,1.5713202834969406,1.5713202835476676,2.385405130005892,2.385405130259525,2.7679690218879958,2.767969023764882,3.6647869691414057,3.6647869704602987
7,0.125,0.125,0.0,-21.1926491220356,-21.1926491220356,-9.071712032827211,-9.071712032827211,-8.953710155806775,-8.953710155806775,-7.881667539573204,-7.881667539573204,2.0327302901254245,2.0327302901778403,2.8505251377891407,2.85052513805122,3.2412580230224797,3.241258024857032,4.131996920317359,4.131996921575338
8,0.1458333333333333,0.1458333333333333,0.0,-20.796991724319724,-20.796991724319724,-9.731129492730151,-9.731129492730151,-8.608670336937678,-8.608670336937678,-8.507665912795439,-8.507665912795439,2.5774979733487875,2.5774979734000176,3.3984875021816485,3.398487502437801,3.8005795052514033,3.800579507095704,4.635714343741498,4.682666748422196
9,0.1666666666666667,0.1666666666666667,0.0,-20.343386790625736,-20.343386790625736,-10.498675928394947,-10.498675928394947,-9.159284971661144,-9.159284971661144,-8.08269021705765,-8.08269021705765,3.2050568567087363,3.2050568567614754,3.7000974851920803,3.7000974851920803,4.027697305614234,4.027697305825191,4.44588772187036,4.445887723698022
10,0.1875,0.1875,0.0,-19.833485010574883,-19.833485010574883,-11.243751085053027,-11.243751085053027,-9.819642341495623,-9.819642341495623,-7.498572132650153,-7.498572132650153,2.7650813129302416,2.7650813129302416,3.914522782867046,3.914522782867046,4.735152979506333,4.735152979736657,5.177107300015736,5.1771073018583404
11,0.2083333333333333,0.2083333333333333,0.0,-19.2696175550688,-19.2696175550688,-11.957606423407684,-11.957606423407684,-10.474061588690478,-10.474061588690478,-6.862753683569666,-6.862753683569666,1.8475417798281035,1.8475417798841254,4.704474174599465,4.704474174655488,5.514526839510159,5.514526839734247,5.994110483601242,5.994110485472879
12,0.2291666666666667,0.2291666666666667,0.0,-18.655205287308213,-18.655205287308213,-12.634069498143983,-12.634069498143983,-11.10951813770495,-11.10951813770495,-6.183957800790292,-6.183957800790292,0.9609400557659757,0.9609400557659757,5.572498198061386,5.572498198061386,6.34995100642,6.349951006625358,6.896667570992101,6.896667572840311
13,0.25,0.25,0.0,-17.995621017402094,-17.995621017402094,-13.268864096122442,-13.268864096122442,-11.713713349225634,-11.713713349225634,-5.474009208586539,-5.474009208586539,0.11557449774449602,0.11557449774449602,6.51407454596726,6.51407454596726,7.191123180893017,7.191123180962221,7.884305623954111,7.8843056258226305
14,0.2708333333333333,0.2708333333333333,0.0,-17.299900907857953,-17.299900907857953,-13.858755016568583,-13.858755016568583,-12.273048641352325,-12.273048641352325,-4.748828253106511,-4.748828253106511,-0.6805152839494546,-0.6805152839494546,7.519698879575419,7.519698879575419,7.85362882488666,7.85362882488666,8.955803443210012,8.955803445045136
15,0.2916666666666666,0.2916666666666666,0.0,-16.58569755930111,-16.58569755930111,-14.401535981089788,-14.401535981089788,-12.767715924715494,-12.767715924715494,-4.029416306631598,-4.029416306631598,-1.4211195734048454,-1.4211195734048454,8.042193015815368,8.042193015815368,8.565409647359267,8.565409647359267,10.094643261620812,10.103878789766075
16,0.3125,0.3125,0.0,-15.89483092743692,-15.89483092743692,-14.895558703930305,-14.895558703930305,-13.156489470349875,-13.156489470349875,-3.3422101157232786,-3.3422101157232786,-2.1013969507311954,-2.1013969507311954,7.959943279704677,7.959943279704677,9.57245029263931,9.57245029263931,10.35244732462844,10.352448994581152
17,0.3333333333333333,0.3333333333333333,0.0,-15.340679629244708,-15.340679629244708,-15.338528679573848,-15.338528679573848,-13.330494210381094,-13.330494210381094,-2.7175740581722696,-2.7175740581722696,-2.7175731461545203,-2.7175731461545203,7.902457032754503,7.902457032754503,10.206888995943771,10.206888995943771,10.210921760418124,10.210921760483835
18,0.34375,0.3125,0.0,-15.542610176938133,-15.542610176938133,-15.178481262023528,-15.178481262023528,-13.273395909017179,-13.273395909017179,-3.0006749868621503,-3.0006749868621503,-2.4381696612341113,-2.4381696612341113,7.920701332361429,7.920701332361429,10.084357265239902,10.084357265239902,10.211304536608559,10.211304536678234
19,0.3541666666666666,0.2916666666666666,0.0,-15.73281492914714,-15.73281492914714,-15.117156404751576,-15.117156404685733,-13.099773048223026,-13.099773048223026,-3.2666974103818736,-3.2666974103818736,-2.1849586611228426,-2.1849586611228426,7.977717590911611,7.977717590911611,9.93578487094623,9.935784871012073,10.070521478804809,10.07052147952908
20,0.3645833333333333,0.2708333333333333,0.0,-15.910132269727907,-15.910132269661087,-15.136562449452388,-15.136562449452388,-12.830345741212334,-12.830345741212334,-3.5153674075615227,-3.5153674075615227,-1.9601497878854428,-1.9601497878186238,8.074198704189804,8.074198704189804,9.772684222355739,9.772684222422559,9.831923409808507,9.831923415822214
21,0.375,0.25,0.0,-16.074503093081653,-16.074503093081653,-15.20511158015443,-15.205111580085182,-12.498793311857938,-12.498793311857938,-3.746448530459356,-3.746448530459356,-1.7648497480372571,-1.7648497480372571,8.207209470640015,8.207209470640015,9.454969969811692,9.454969969811692,9.603553629823748,9.603553629892996
22,0.3854166666666666,0.2291666666666667,0.0,-16.22586768465898,-16.22586768465898,-15.297986254892479,-15.297986254892479,-12.132516778260488,-12.132516778260488,-3.959724475199513,-3.959724475199513,-1.598971855425257,-1.598971855425257,8.369963723031443,8.369963723031443,8.95275842608741,8.95275842608741,9.434927394674821,9.434927556360492
23,0.3958333333333333,0.2083333333333333,0.0,-16.364201501111673,-16.364201501111673,-15.400058268721919,-15.400058268721919,-11.749814114066867,-11.749814114066867,-4.155015695538276,-4.155015695538276,-1.4613160456073864,-1.4613160456073864,8.397903066502193,8.397903066502193,8.551574690652023,8.551574690652023,9.271849834081163,9.27184983515395
24,0.40625,0.1875,0.0,-16.489472619134787,-16.489472619134787,-15.502601308537079,-15.502601308467662,-11.363248925569936,-11.363248925569936,-4.332156496987752,-4.332156496987752,-1.3497152872169398,-1.3497152872169398,7.831902539564759,7.831902539564759,8.737208741356005,8.737208741356005,9.117927044264393,9.11792704502797
25,0.4166666666666666,0.1666666666666667,0.0,-16.60161761500061,-16.60161761500061,-15.6005314319743,-15.6005314319743,-10.982520685731473,-10.982520685731473,-4.491003980410619,-4.491003980346052,-1.2613308779041765,-1.2613308779041765,7.277007940273574,7.277007940273574,8.909527130096105,8.909527141718044,8.975813814655439,8.975814102363074
26,0.4270833333333333,0.1458333333333333,0.0,-16.70063202142417,-16.70063202142417,-15.69075051099788,-15.69075051099788,-10.616206600749553,-10.616206600749553,-4.631435627680923,-4.631435627621317,-1.1929573089818233,-1.1929573089818233,6.748521315940553,6.748521315940553,8.84740290053724,8.847402900835267,9.033373869390237,9.033945582708895
27,0.4375,0.125,0.0,-16.786487552503246,-16.786487552503246,-15.771358048500513,-15.771358048500513,-10.27268067890623,-10.27268067890623,-4.753346501657179,-4.753346501657179,-1.1413302786236832,-1.1413302786236832,6.25883179402302,6.258831794090761,8.734081167898424,8.734081167966163,8.910135568349755,8.910135568417495
28,0.4479166666666666,0.1041666666666667,0.0,-16.859152537372708,-16.859152537372708,-15.841026177627475,-15.841026177627475,-9.960428551808617,-9.960428551808617,-4.856646126634663,-4.856646126634663,-1.1033391797495622,-1.1033391797495622,5.8193937995791885,5.8193937995791885,8.636874471448175,8.636874471448175,8.80530220796937,8.80530220796937
29,0.4583333333333333,0.0833333333333333,0.0,-16.91863970987449,-16.91863970987449,-15.89890962692278,-15.89890962692278,-9.68821392502424,-9.68821392502424,-4.941262090167717,-4.941262090167717,-1.0762055772530932,-1.0762055772530932,5.440916032538642,5.440916032538642,8.556505983950668,8.556505983950668,8.719045694188956,8.719045694223217
30,0.46875,0.0625,0.0,-16.96489719302685,-16.96489719302685,-15.944420143172248,-15.94442014311,-9.464733770955458,-9.464733770955458,-5.0071338907708665,-5.0071338907708665,-1.0575807416731422,-1.0575807416731422,5.133536209671579,5.133536209671579,8.493522558368754,8.493522558431001,8.651669974626557,8.651669974644333
31,0.4791666666666667,0.0416666666666667,0.0,-16.997955846369436,-16.99795584630328,-15.97718933261039,-15.97718933261039,-9.298140758180265,-9.298140758180265,-5.0542172734366915,-5.0542172734366915,-1.0456082035645138,-1.0456082035645138,4.906344149243404,4.906344149243404,8.44829397800062,8.44829397800062,8.603388823261852,8.603388823261852
32,0.4895833333333333,0.0208333333333333,0.0,-17.017777828518174,-17.017777828518174,-15.996917441724658,-15.996917441658926,-9.195152446717046,-9.195152446717046,-5.082481763794602,-5.082481763794602,-1.0389624014375032,-1.0389624014375032,4.766777940635636,4.766777940635636,8.421063984035527,8.42106398410126,8.574365657434186,8.57436565744774
33,0.5,0.0,0.0,-17.024381221481907,-17.024381221481907,-16.003527040699193,-16.003527040699193,-9.160293984336803,-9.160293984336803,-5.091904866960565,-5.091904866960565,-1.0368409999004853,-1.0368409999004853,4.719676298952685,4.719676298952685,8.411971970159094,8.411971970224759,8.564679966803435,8.564679966831052
34,0.46875,0.0,0.0,-17.35629980721925,-17.35629980715745,-15.637192446417886,-15.637192446417886,-9.137230059002954,-9.137230059002954,-5.239474145112848,-5.239474145112848,-0.85287932631284,-0.85287932631284,4.73111072233106,4.73111072233106,7.546293026416467,7.5462930264782715,8.421557113025848,8.421557113206493
35,0.4375,0.0,0.0,-17.917446604518492,-17.917446604518492,-14.97311454669827,-14.97311454669827,-9.068259373363047,-9.068259373363047,-5.6177786587669445,-5.6177786587669445,-0.36627481632807146,-0.36627481632807146,4.76458676532064,4.76458676532064,6.660705946750271,6.660705946750271,7.52934664827273,7.529346648505385
36,0.40625,0.0,0.0,-18.487681158463097,-18.487681158463097,-14.232837085441766,-14.232837085441766,-8.954198298924165,-8.954198298924165,-6.115299750507951,-6.115299750507951,0.3088133165624619,0.3088133165624619,4.815859272439425,4.815859272439425,5.833795269506817,5.833795269506817,6.689004443762899,6.689004443951246
37,0.375,0.0,0.0,-19.032222380647482,-19.032222380647482,-13.453510999711824,-13.453510999711824,-8.796432649044558,-8.796432649044558,-6.655134572353374,-6.655134572353374,1.0908134781834078,1.0908134781834078,4.835481427195556,4.835481427195556,5.116321601633072,5.116321601687406,5.9060921218623355,5.906092122115799
38,0.34375,0.0,0.0,-19.541607667968844,-19.541607667968844,-12.648135059316505,-12.648135059316505,-8.597059698935183,-8.597059698935183,-7.195827477000513,-7.195827477000513,1.9311847274906326,1.9311847274906326,4.302870197522598,4.302870197577301,5.026459233223687,5.026459233223687,5.183905637513625,5.183905637762144
39,0.3125,0.0,0.0,-20.01185208928495,-20.01185208928495,-11.825314788684773,-11.825314788684773,-8.359021631230918,-8.359021631230918,-7.715367121246388,-7.715367121246388,2.7958576692499495,2.7958576692499495,3.65747895730751,3.6574789573705315,4.527410430174893,4.527410430426979,4.911051749788054,4.911051761825231
40,0.28125,0.0,0.0,-20.44081924090743,-20.44081924090743,-10.993713752136548,-10.993713752136548,-8.201397333667858,-8.201397333667858,-8.086330738302225,-8.086330738302225,3.065488726438526,3.065488726492707,3.5988067613976598,3.5988067614518413,3.9991251014159186,3.9991251016868254,4.304702186990017,4.304702188832184
41,0.25,0.0,0.0,-20.827070417478815,-20.827070417478815,-10.163273757200264,-10.16327375713494,-8.646438355417056,-8.646438355417056,-7.784448383857757,-7.784448383857757,2.5334926358914824,2.5334926359568053,3.345149217971514,3.345149218232807,3.756988735985076,3.7569887378141305,4.505389697976229,4.505389699870607
42,0.21875,0.0,0.0,-21.169624789389736,-21.169624789389736,-9.34616905240058,-9.34616905240058,-9.045770658010166,-9.045770658010166,-7.460591663295549,-7.460591663295549,2.0629931128782752,2.062993112930727,2.879971338620265,2.879971338882522,3.2732611487962067,3.2732611506320057,4.159750807289766,4.1597508085485995
43,0.1875,0.0,0.0,-21.467749912920723,-21.467749912920723,-9.396210642104409,-9.396210642104409,-8.55758640376951,-8.55758640376951,-7.124370601888552,-7.124370601888552,1.6546342124770115,1.6546342125307754,2.469503521805991,2.4695035220748096,2.8539001882730783,2.853900190101047,3.749028575495881,3.7490285767862117
44,0.15625,0.0,0.0,-21.720843097644398,-21.720843097644398,-9.695525431904443,-9.695525431904443,-7.816591297071628,-7.816591297071628,-6.788345837991655,-6.788345837991655,1.3087784239078393,1.3087784239581368,2.1205050352441575,2.1205050354956434,2.4990071684118087,2.499007170272808,3.3987796695754744,3.3987796708832034
45,0.125,0.0,0.0,-21.928434301202167,-21.928434301202167,-9.942149660155728,-9.942149660155728,-7.1467761796000575,-7.146776179548644,-6.468548011911079,-6.468548011911079,1.0256517416683697,1.0256517417197828,1.8343244691087817,1.8343244693658467,2.2086231638643232,2.208623165715191,3.1115503306783294,3.111550331963655
46,0.09375,0.0,0.0,-22.090280932669994,-22.090280932669994,-10.134980090872734,-10.134980090872734,-6.576267713048356,-6.576267713048356,-6.184539465028262,-6.184539465028262,0.8053910824764674,0.8053910825738071,1.6114527641422978,1.6114527644343175,1.9827671425135853,1.9827671443630424,2.8878983350402865,2.8878983363057045
47,0.0625,0.0,0.0,-22.206025038000902,-22.206025038000902,-10.2732230409494,-10.2732230409494,-6.1362486451675835,-6.1362486451675835,-5.958321097007879,-5.958321097007879,0.648065734316244,0.6480657344128536,1.4521373557180932,1.4521373560079218,1.82144495002923,1.8214449518648115,2.72804892770197,2.728048929054504
48,0.03125,0.0,0.0,-22.27554942784836,-22.27554942784836,-10.356367218073075,-10.356367218073075,-5.8571709341110925,-5.8571709341110925,-5.81122998147071,-5.81122998147071,0.5536852947074049,0.5536852948042759,1.3565044716691466,1.3565044719597594,1.7246551033682667,1.7246551052088144,2.632105131644671,2.6321051329039933
49,0.0,0.0,0.0,-22.298747449852137,-22.298747449852137,-10.384118602899182,-10.384118602899182,-5.7653439136618,-5.7653439136618,-5.756085499207584,-5.756085499207584,0.5222289730785199,0.5222289730785199,1.324620583686151,1.3246205839747722,1.692392797496942,1.6923927994210815,2.6001190832380496,2.600119084584947
