ix,iy,source_k_index_1based,q1,q2,q3,flux_rad,curvature_A2
0,0,1,0.0,0.0,0.0,5.776675915392104e-09,3.514886573602871e-07
0,1,2,0.0,0.0833333333333333,0.0,1.10351804083475e-09,6.714485635456199e-08
0,2,3,0.0,0.1666666666666667,0.0,2.501822993897512e-09,1.5222636996737967e-07
0,3,4,0.0,0.25,0.0,-2.042584767991684e-09,-1.2428347862357768e-07
0,4,5,0.0,0.3333333333333333,0.0,1.0131136485291847e-09,6.164409450875937e-08
0,5,6,0.0,0.4166666666666667,0.0,9.230269881754793e-10,5.616266543820594e-08
0,6,7,0.0,0.5,0.0,8.216576537076245e-10,4.999472875775713e-08
0,7,8,0.0,-0.4166666666666666,0.0,-1.862228378310457e-10,-1.1330948143490201e-08
0,8,9,0.0,-0.3333333333333334,0.0,2.4985585822534517e-09,1.520277429918236e-07
0,9,10,0.0,-0.25,0.0,-5.030261762684063e-10,-3.060722081405877e-08
0,10,11,0.0,-0.1666666666666666,0.0,-7.311828476019855e-09,-4.4489682501263995e-07
0,11,12,0.0,-0.0833333333333334,0.0,-5.041173589681591e-10,-3.067361511204058e-08
1,0,13,0.0833333333333333,0.0,0.0,-6.397804064306456e-09,-3.892819319542223e-07
1,1,14,0.0833333333333333,0.0833333333333333,0.0,-4.230854532702161e-09,-2.574313326499341e-07
1,2,15,0.0833333333333333,0.1666666666666667,0.0,-9.216125640421069e-10,-5.6076603134061025e-08
1,3,16,0.0833333333333333,0.25,0.0,-2.5761839557300655e-09,-1.5675095036921613e-07
1,4,17,0.0833333333333333,0.3333333333333333,0.0,1.6804251323776498e-09,1.0224744857160835e-07
1,5,18,0.0833333333333333,0.4166666666666667,0.0,-2.233019746208648e-09,-1.3587071941539083e-07
1,6,19,0.0833333333333333,0.5,0.0,3.3100719942780188e-09,2.0140523340328273e-07
1,7,20,0.0833333333333333,-0.4166666666666666,0.0,-3.815717963817633e-09,-2.3217185862793079e-07
1,8,21,0.0833333333333333,-0.3333333333333334,0.0,1.1238678944453487e-10,6.838306719204537e-09
1,9,22,0.0833333333333333,-0.25,0.0,1.4902157057097802e-09,9.067393172974802e-08
1,10,23,0.0833333333333333,-0.1666666666666666,0.0,-4.1429848440799333e-10,-2.5208479783841752e-08
1,11,24,0.0833333333333333,-0.0833333333333334,0.0,-1.8286354652730097e-09,-1.1126548103167847e-07
2,0,25,0.1666666666666667,0.0,0.0,4.471216041176668e-09,2.72056412043723e-07
2,1,26,0.1666666666666667,0.0833333333333333,0.0,-2.193996540000853e-09,-1.3349630642134973e-07
2,2,27,0.1666666666666667,0.1666666666666667,0.0,5.838215887829229e-09,3.552331295451086e-07
2,3,28,0.1666666666666667,0.25,0.0,1.4606937881467275e-09,8.88776358462816e-08
2,4,29,0.1666666666666667,0.3333333333333333,0.0,7.449163737102746e-10,4.53253150905465e-08
2,5,30,0.1666666666666667,0.4166666666666667,0.0,-1.8645212269827235e-09,-1.1344899251586778e-07
2,6,31,0.1666666666666667,0.5,0.0,6.437139710158135e-10,3.916753557067937e-08
2,7,32,0.1666666666666667,-0.4166666666666666,0.0,-6.669531593672673e-11,-4.058155138728951e-09
2,8,33,0.1666666666666667,-0.3333333333333334,0.0,-4.714986408113683e-10,-2.8688890745005395e-08
2,9,34,0.1666666666666667,-0.25,0.0,9.43961598457171e-10,5.743645648482955e-08
2,10,35,0.1666666666666667,-0.1666666666666666,0.0,-3.237977885817145e-09,-1.9701858236769673e-07
2,11,36,0.1666666666666667,-0.0833333333333334,0.0,1.5095704915121851e-09,9.185159649315572e-08
3,0,37,0.25,0.0,0.0,4.4900483331389296e-10,2.7320228505335382e-08
3,1,38,0.25,0.0833333333333333,0.0,1.1442427073932696e-10,6.962279670983771e-09
3,2,39,0.25,0.1666666666666667,0.0,1.4220793431718448e-09,8.652809441142807e-08
3,3,40,0.25,0.25,0.0,-3.7634229066441094e-10,-2.2898990421301816e-08
3,4,41,0.25,0.3333333333333333,0.0,-1.0929346316856936e-10,-6.650089634597218e-09
3,5,42,0.25,0.4166666666666667,0.0,1.8604042750780536e-09,1.1319849172292326e-07
3,6,43,0.25,0.5,0.0,-4.0031469318608206e-10,-2.435761951863289e-08
3,7,44,0.25,-0.4166666666666666,0.0,3.1774978481724503e-09,1.933386031650915e-07
3,8,45,0.25,-0.3333333333333334,0.0,9.182747895408738e-10,5.587351230895799e-08
3,9,46,0.25,-0.25,0.0,2.037909008212324e-09,1.2399897650660632e-07
3,10,47,0.25,-0.1666666666666666,0.0,4.304825385048616e-10,2.6193217638011015e-08
3,11,48,0.25,-0.0833333333333334,0.0,7.145826153021062e-10,4.347962179361611e-08
4,0,49,0.3333333333333333,0.0,0.0,-2.5766144773342603e-10,-1.5677714596385212e-08
4,1,50,0.3333333333333333,0.0833333333333333,0.0,1.9714909704759975e-09,1.1995769268691989e-07
4,2,51,0.3333333333333333,0.1666666666666667,0.0,-1.127633986186538e-09,-6.861221948464312e-08
4,3,52,0.3333333333333333,0.25,0.0,1.7335148871922001e-09,1.0547775730151856e-07
4,4,53,0.3333333333333333,0.3333333333333333,0.0,1.0536975736386012e-09,6.411347128461594e-08
4,5,54,0.3333333333333333,0.4166666666666667,0.0,1.5420709154057022e-09,9.382912310626106e-08
4,6,55,0.3333333333333333,0.5,0.0,-8.436149556700911e-10,-5.133074668555496e-08
4,7,56,0.3333333333333333,-0.4166666666666666,0.0,-2.419067367961653e-09,-1.4719100633001508e-07
4,8,57,0.3333333333333333,-0.3333333333333334,0.0,-1.4886878396680459e-09,-9.058096691892928e-08
4,9,58,0.3333333333333333,-0.25,0.0,-1.3693612681411841e-09,-8.332040097621688e-08
4,10,59,0.3333333333333333,-0.1666666666666666,0.0,6.140365764598035e-10,3.7361779506253275e-08
4,11,60,0.3333333333333333,-0.0833333333333334,0.0,9.569659925601215e-10,5.822772417752645e-08
5,0,61,0.4166666666666667,0.0,0.0,-7.518718980747963e-10,-4.5748532171776255e-08
5,1,62,0.4166666666666667,0.0833333333333333,0.0,7.312170313689137e-10,4.449176245286888e-08
5,2,63,0.4166666666666667,0.1666666666666667,0.0,6.54256648857654e-10,3.980901723485527e-08
5,3,64,0.4166666666666667,0.25,0.0,-2.3135952924438434e-09,-1.4077343353283293e-07
5,4,65,0.4166666666666667,0.3333333333333333,0.0,-1.143240169199089e-09,-6.956179609131833e-08
5,5,66,0.4166666666666667,0.4166666666666667,0.0,7.046334398044754e-10,4.287425247937326e-08
5,6,67,0.4166666666666667,0.5,0.0,1.621149436914493e-09,9.864074898908069e-08
5,7,68,0.4166666666666667,-0.4166666666666666,0.0,-1.1738665823965485e-09,-7.142529631397289e-08
5,8,69,0.4166666666666667,-0.3333333333333334,0.0,3.823312777484489e-10,2.3263397402054815e-08
5,9,70,0.4166666666666667,-0.25,0.0,-3.043008296596591e-10,-1.851554278226027e-08
5,10,71,0.4166666666666667,-0.1666666666666666,0.0,8.306240140143473e-10,5.054029752287014e-08
5,11,72,0.4166666666666667,-0.0833333333333334,0.0,-2.6877855496820757e-09,-1.635414809428527e-07
6,0,73,0.5,0.0,0.0,-1.9631231085170953e-09,-1.1944854025947044e-07
6,1,74,0.5,0.0833333333333333,0.0,2.4284554138578832e-09,1.4776223305203188e-07
6,2,75,0.5,0.1666666666666667,0.0,1.2250256593712757e-09,7.453813067425358e-08
6,3,76,0.5,0.25,0.0,-6.118017884254292e-12,-3.722580119325945e-10
6,4,77,0.5,0.3333333333333333,0.0,3.5684744048580797e-09,2.1712803275774196e-07
6,5,78,0.5,0.4166666666666667,0.0,1.2156305080476878e-09,7.39664716141312e-08
6,6,79,0.5,0.5,0.0,4.611708237511891e-11,2.8060482538432384e-09
6,7,80,0.5,-0.4166666666666666,0.0,-3.711057572353127e-09,-2.258036737040299e-07
6,8,81,0.5,-0.3333333333333334,0.0,1.4588108498969632e-10,8.876306624829904e-09
6,9,82,0.5,-0.25,0.0,-1.6010417991374482e-09,-9.7417276059587e-08
6,10,83,0.5,-0.1666666666666666,0.0,2.2769413021705986e-09,1.38543178275876e-07
6,11,84,0.5,-0.0833333333333334,0.0,-1.4447674168138747e-09,-8.790857700372304e-08
7,0,85,-0.4166666666666666,0.0,0.0,-1.950830608166143e-09,-1.1870058858150898e-07
7,1,86,-0.4166666666666666,0.0833333333333333,0.0,6.950691362614445e-10,4.22923011530112e-08
7,2,87,-0.4166666666666666,0.1666666666666667,0.0,-1.145726374884859e-09,-6.971307220775829e-08
7,3,88,-0.4166666666666666,0.25,0.0,8.764164881296973e-11,5.33265946044016e-09
7,4,89,-0.4166666666666666,0.3333333333333333,0.0,-3.2111979741955565e-10,-1.953891270688425e-08
7,5,90,-0.4166666666666666,0.4166666666666667,0.0,-3.0716622807655577e-09,-1.868989132753242e-07
7,6,91,-0.4166666666666666,0.5,0.0,-1.125502113049898e-09,-6.848250314994907e-08
7,7,92,-0.4166666666666666,-0.4166666666666666,0.0,-1.825690066473434e-09,-1.1108626476879362e-07
7,8,93,-0.4166666666666666,-0.3333333333333334,0.0,-9.50288736589755e-11,-5.782143866484579e-09
7,9,94,-0.4166666666666666,-0.25,0.0,-5.190958773937382e-12,-3.1585000726841123e-10
7,10,95,-0.4166666666666666,-0.1666666666666666,0.0,-2.426965295398986e-10,-1.4767156503739911e-08
7,11,96,-0.4166666666666666,-0.0833333333333334,0.0,1.0963685515008592e-09,6.670983724606655e-08
8,0,97,-0.3333333333333334,0.0,0.0,4.92978990962456e-10,2.9995887977465195e-08
8,1,98,-0.3333333333333334,0.0833333333333333,0.0,-2.768600675243041e-10,-1.6845877254685964e-08
8,2,99,-0.3333333333333334,0.1666666666666667,0.0,1.5434504556513466e-09,9.391306285912551e-08
8,3,100,-0.3333333333333334,0.25,0.0,5.021070455110741e-10,3.0551295219380274e-08
8,4,101,-0.3333333333333334,0.3333333333333333,0.0,-3.4235081436406745e-09,-2.0830738966400736e-07
8,5,102,-0.3333333333333334,0.4166666666666667,0.0,3.598167874763192e-10,2.1893476694573865e-08
8,6,103,-0.3333333333333334,0.5,0.0,1.7375425542809353e-09,1.0572282545456166e-07
8,7,104,-0.3333333333333334,-0.4166666666666666,0.0,1.2492926693141726e-09,7.601468550750124e-08
8,8,105,-0.3333333333333334,-0.3333333333333334,0.0,3.3199718529886013e-09,2.020076019794681e-07
8,9,106,-0.3333333333333334,-0.25,0.0,-2.208841554107721e-09,-1.3439956880846312e-07
8,10,107,-0.3333333333333334,-0.1666666666666666,0.0,1.8139989739349212e-09,1.10374906458301e-07
8,11,108,-0.3333333333333334,-0.0833333333333334,0.0,1.4773251511002172e-09,8.988959073525462e-08
9,0,109,-0.25,0.0,0.0,-1.3974739143662873e-09,-8.503094808345158e-08
9,1,110,-0.25,0.0833333333333333,0.0,-5.426523475696448e-09,-3.3018321930167633e-07
9,2,111,-0.25,0.1666666666666667,0.0,2.2414677010171354e-09,1.3638474518671093e-07
9,3,112,-0.25,0.25,0.0,-1.6745438369270005e-09,-1.0188959421526827e-07
9,4,113,-0.25,0.3333333333333333,0.0,1.4700492163707886e-09,8.94468779075757e-08
9,5,114,-0.25,0.4166666666666667,0.0,7.366525167640248e-10,4.4822490970724355e-08
9,6,115,-0.25,0.5,0.0,5.321775797817452e-10,3.238097233329662e-08
9,7,116,-0.25,-0.4166666666666666,0.0,-2.218426331523915e-09,-1.3498276589177855e-07
9,8,117,-0.25,-0.3333333333333334,0.0,-1.4859603547634492e-09,-9.041500988392708e-08
9,9,118,-0.25,-0.25,0.0,-1.3713090434155865e-09,-8.343891565941299e-08
9,10,119,-0.25,-0.1666666666666666,0.0,2.1083446100078618e-10,1.2828471374859194e-08
9,11,120,-0.25,-0.0833333333333334,0.0,-2.598707272275241e-09,-1.5812140812168763e-07
10,0,121,-0.1666666666666666,0.0,0.0,5.630666599643064e-09,3.4260454838370777e-07
10,1,122,-0.1666666666666666,0.0833333333333333,0.0,-2.273107480021963e-09,-1.3830990484677613e-07
10,2,123,-0.1666666666666666,0.1666666666666667,0.0,1.2099943269561209e-09,7.362353152998423e-08
10,3,124,-0.1666666666666666,0.25,0.0,-1.3195267101195896e-10,-8.028815853338207e-09
10,4,125,-0.1666666666666666,0.3333333333333333,0.0,1.452165054871557e-10,8.835869501391015e-09
10,5,126,-0.1666666666666666,0.4166666666666667,0.0,-8.301264349394652e-10,-5.0510021737362626e-08
10,6,127,-0.1666666666666666,0.5,0.0,1.417499895239871e-09,8.624945250237239e-08
10,7,128,-0.1666666666666666,-0.4166666666666666,0.0,2.2482775641208264e-09,1.36799099336776e-07
10,8,129,-0.1666666666666666,-0.3333333333333334,0.0,5.731707053424628e-10,3.487524739310155e-08
10,9,130,-0.1666666666666666,-0.25,0.0,5.728837959573241e-10,3.485779005326744e-08
10,10,131,-0.1666666666666666,-0.1666666666666666,0.0,8.87554030271076e-10,5.40042714882884e-08
10,11,132,-0.1666666666666666,-0.0833333333333334,0.0,9.13049436737928e-10,5.55555695564405e-08
11,0,133,-0.0833333333333334,0.0,0.0,-3.0673858453234004e-09,-1.8663870851849394e-07
11,1,134,-0.0833333333333334,0.0833333333333333,0.0,-1.8191350648066873e-09,-1.1068741796336696e-07
11,2,135,-0.0833333333333334,0.1666666666666667,0.0,4.741781833169917e-09,2.885193066821311e-07
11,3,136,-0.0833333333333334,0.25,0.0,-1.3516423535975264e-09,-8.224227272840619e-08
11,4,137,-0.0833333333333334,0.3333333333333333,0.0,-1.032888441443447e-09,-6.284731510011912e-08
11,5,138,-0.0833333333333334,0.4166666666666667,0.0,5.699599403552469e-10,3.467988461163601e-08
11,6,139,-0.0833333333333334,0.5,0.0,-8.623566534335434e-10,-5.247110738433946e-08
11,7,140,-0.0833333333333334,-0.4166666666666666,0.0,1.3278101069910727e-09,8.079217158299459e-08
11,8,141,-0.0833333333333334,-0.3333333333333334,0.0,-4.878490444948369e-09,-2.968375033591443e-07
11,9,142,-0.0833333333333334,-0.25,0.0,-2.1415604913061464e-10,-1.3030577321108738e-08
11,10,143,-0.0833333333333334,-0.1666666666666666,0.0,3.4627318790114714e-09,2.1069400409141562e-07
11,11,144,-0.0833333333333334,-0.0833333333333334,0.0,-3.180908869637733e-10,-1.9354615078808776e-08
