valley,radial_stride,radius_Ainv,C_local_native_log_trapezoid,radial_nodes_used,scope
K,2,1e-09,3.410804357033397e-05,1,Approximate circular local integral; excludes the rest of the BZ and is not a Chern number
K,2,1e-08,0.007799447479390304,2,Approximate circular local integral; excludes the rest of the BZ and is not a Chern number
K,2,1e-07,0.22108637840892056,3,Approximate circular local integral; excludes the rest of the BZ and is not a Chern number
K,2,1e-06,0.47149817520297155,4,Approximate circular local integral; excludes the rest of the BZ and is not a Chern number
K,2,1e-05,0.5208372002383,5,Approximate circular local integral; excludes the rest of the BZ and is not a Chern number
K,1,1e-09,3.410804357033397e-05,1,Approximate circular local integral; excludes the rest of the BZ and is not a Chern number
K,1,3e-09,0.0004081669908779237,2,Approximate circular local integral; excludes the rest of the BZ and is not a Chern number
K,1,1e-08,0.0047963167257907315,3,Approximate circular local integral; excludes the rest of the BZ and is not a Chern number
K,1,3e-08,0.03654174875134031,4,Approximate circular local integral; excludes the rest of the BZ and is not a Chern number
K,1,1e-07,0.17481632623033921,5,Approximate circular local integral; excludes the rest of the BZ and is not a Chern number
K,1,3e-07,0.3373434307857975,6,Approximate circular local integral; excludes the rest of the BZ and is not a Chern number
K,1,1e-06,0.4313845655323705,7,Approximate circular local integral; excludes the rest of the BZ and is not a Chern number
K,1,3e-06,0.4599579248624525,8,Approximate circular local integral; excludes the rest of the BZ and is not a Chern number
K,1,1e-05,0.4702077355990228,9,Approximate circular local integral; excludes the rest of the BZ and is not a Chern number
Kprime,2,1e-09,3.410825476374551e-05,1,Approximate circular local integral; excludes the rest of the BZ and is not a Chern number
Kprime,2,1e-08,0.007799193198711811,2,Approximate circular local integral; excludes the rest of the BZ and is not a Chern number
Kprime,2,1e-07,0.22108540646599684,3,Approximate circular local integral; excludes the rest of the BZ and is not a Chern number
Kprime,2,1e-06,0.47149677003946,4,Approximate circular local integral; excludes the rest of the BZ and is not a Chern number
Kprime,2,1e-05,0.5208358333963623,5,Approximate circular local integral; excludes the rest of the BZ and is not a Chern number
Kprime,1,1e-09,3.410825476374551e-05,1,Approximate circular local integral; excludes the rest of the BZ and is not a Chern number
Kprime,1,3e-09,0.00040816640977515967,2,Approximate circular local integral; excludes the rest of the BZ and is not a Chern number
Kprime,1,1e-08,0.004796181444041612,3,Approximate circular local integral; excludes the rest of the BZ and is not a Chern number
Kprime,1,3e-08,0.03654225591132421,4,Approximate circular local integral; excludes the rest of the BZ and is not a Chern number
Kprime,1,1e-07,0.17481742909474463,5,Approximate circular local integral; excludes the rest of the BZ and is not a Chern number
Kprime,1,3e-07,0.33734398272662014,6,Approximate circular local integral; excludes the rest of the BZ and is not a Chern number
Kprime,1,1e-06,0.43138477079230914,7,Approximate circular local integral; excludes the rest of the BZ and is not a Chern number
Kprime,1,3e-06,0.45995815217260055,8,Approximate circular local integral; excludes the rest of the BZ and is not a Chern number
Kprime,1,1e-05,0.4702079765553671,9,Approximate circular local integral; excludes the rest of the BZ and is not a Chern number
