valley,radius_Ainv,vertices,flux_plus_rad,C_local_plus,min_link_singular_plus,max_triangle_flux_plus_rad,flux_minus_rad,C_local_minus,min_link_singular_minus,max_triangle_flux_minus_rad,C_local_spin,polygon_area_Ainv2
K,1e-09,4,0.0001443540428444336,2.297465947399085e-05,0.9999639133024264,3.6088634860271644e-05,-0.00014435398907683205,-2.2974650916611288e-05,0.9999639132688039,3.608865812654945e-05,2.297465519530107e-05,2e-18
K,1e-09,8,0.00020414219306153528,3.249023911936336e-05,0.9999819561505497,2.5517900089638226e-05,-0.00020414222247747723,-3.2490243801055925e-05,0.9999819560857865,2.5517957222103658e-05,3.249024146020964e-05,2.82842712474619e-18
K,3e-09,4,0.0012984359349449287,0.00020665249733463204,0.9996755452101314,0.00032461278217481553,-0.0012984366834249965,-0.00020665261645893464,0.9996755450414451,0.0003246130231741877,0.00020665255689678334,1.8e-17
K,3e-09,8,0.0018358442175898041,0.0002921836819760904,0.9998377322834855,0.00022948420266238778,-0.0018358454079537684,-0.0002921838714283994,0.9998377321182437,0.00022948435488631973,0.0002921837767022449,2.5455844122715708e-17
K,1e-08,4,0.014333101070792555,0.002281183885252373,0.9964357614051542,0.0035834155786531414,-0.014333109042849318,-0.0022811851540446137,0.996435759562835,0.0035834180339439714,0.0022811845196484934,2.0000000000000002e-16
K,1e-08,8,0.020218880237666624,0.003217934733607679,0.9982130568058958,0.002527492090196289,-0.020218890197298136,-0.003217936318732265,0.9982130555315306,0.0025274942089808217,0.003217935526169972,2.82842712474619e-16
K,3e-08,4,0.12207798256771918,0.019429314368338738,0.9708244314861222,0.030522888817721593,-0.12207803631657307,-0.01942932292273452,0.9708244164984494,0.030522906763078592,0.01942931864553663,1.7999999999999997e-15
K,3e-08,8,0.16902351162413842,0.02690092737373206,0.9850740657099757,0.02113101822874038,-0.1690235845805282,-0.026900938985102128,0.9850740554263033,0.021131041816830773,0.026900933179417094,2.5455844122715706e-15
K,1e-07,4,0.8651716735767162,0.1376963484728221,0.8393835842251883,0.21634578024005802,-0.8651719274484592,-0.13769638887776492,0.8393835183403313,0.21634590536638793,0.1376963686752935,1.9999999999999997e-14
K,1e-07,8,1.0694115961062867,0.17020214172010903,0.9054285242244906,0.13371505787546314,-1.0694118767113108,-0.17020218637978565,0.9054284627726857,0.13371526509573234,0.17020216404994734,2.8284271247461893e-14
K,3e-07,4,2.0967062120112394,0.33370115785307225,0.7319107521395597,0.5243135873734608,-2.0967064419663943,-0.33370119445157187,0.731910709836965,0.5243138076362257,0.3337011761523221,1.8e-13
K,3e-07,8,2.2593331225699425,0.3595840345482534,0.7959656222746471,0.2824971494039456,-2.2593333224958045,-0.3595840663674426,0.7959655269790431,0.28249753741662254,0.359584050457848,2.545584412271571e-13
K,1e-06,4,2.8105850850091185,0.4473185092595561,0.7095250821702805,0.7028077866806247,-2.810585177067392,-0.44731852391108534,0.7095250730915105,0.7028079941202352,0.44731851658532074,2e-12
K,1e-06,8,2.866857438320008,0.4562745324483977,0.7357689184582616,0.3584475870507178,-2.8668575053328107,-0.45627454311381654,0.7357688190980279,0.3584479976293262,0.45627453778110716,2.82842712474619e-12
K,3e-06,4,3.0306930810593387,0.482349784845,0.7073747401225239,0.7578379079623906,-3.0306931126571404,-0.48234978987394633,0.7073747358444419,0.7578381103610548,0.4823497873594732,1.8000000000000002e-11
K,3e-06,8,3.0497009607507892,0.4853749828555904,0.7167636920735612,0.3813050467136765,-3.0497009831005775,-0.4853749864126697,0.716763595094234,0.3813054639125595,0.48537498463413004,2.545584412271571e-11
K,1e-05,4,3.1083034654771957,0.4947018611603642,0.7071280270576422,0.7772430471951718,-3.1083034672131977,-0.49470186143665745,0.7071280252295301,0.7772432406270994,0.4947018612985108,2.0000000000000003e-10
K,1e-05,8,3.1140144839070922,0.4956107979735711,0.7099614883259201,0.3893481990111579,-3.1140144871920308,-0.49561079849638534,0.7099613900491036,0.3893486047885341,0.4956107982349782,2.82842712474619e-10
Kprime,1e-09,4,0.0001443533830829099,2.2974554469683096e-05,0.9999639134860896,3.60884771775713e-05,-0.0001443533261940691,-2.2974545415542873e-05,0.9999639134597421,3.608848121405081e-05,2.2974549942612984e-05,2e-18
Kprime,1e-09,8,0.00020414130123994615,3.249009718154909e-05,0.9999819562093458,2.5517805275259608e-05,-0.00020414127161179905,-3.249009246608303e-05,0.9999819562189688,2.551779586521742e-05,3.249009482381606e-05,2.82842712474619e-18
Kprime,3e-09,4,0.00129843102382774,0.00020665171570605537,0.9996755464032363,0.0003246115289410661,-0.001298430558321138,-0.0002066516416183786,0.9996755463620124,0.0003246116053602188,0.000206651678662217,1.8e-17
Kprime,3e-09,8,0.0018358374886131403,0.0002921826110261924,0.999837732862754,0.0002294833422185934,-0.0018358365710085993,-0.0002921824649848939,0.9998377329426165,0.0002294833777734867,0.00029218253800554315,2.5455844122715708e-17
Kprime,1e-08,4,0.014333047444987408,0.002281175350440407,0.9964357751064427,0.003583402006409382,-0.014333041189859853,-0.0022811743549059366,0.9964357765513824,0.0035834007201943144,0.002281174852673172,2.0000000000000002e-16
Kprime,1e-08,8,0.02021880481082302,0.0032179227290526774,0.9982130634143725,0.0025274826173191374,-0.020218795866775746,-0.0032179213055633427,0.9982130642629876,0.002527482098183577,0.00321792201730801,2.82842712474619e-16
Kprime,3e-08,4,0.12207754896269368,0.01942924535795558,0.9708245296374024,0.030522780877385677,-0.12207748925887446,-0.01942923585579763,0.9708245412069256,0.030522769277872685,0.019429240606876605,1.7999999999999997e-15
Kprime,3e-08,8,0.16902292174512182,0.02690083349157074,0.9850741177475577,0.021130945627382255,-0.169022845655436,-0.026900821381521126,0.9850741209594437,0.021130948056356225,0.026900827436545934,2.5455844122715706e-15
Kprime,1e-07,4,0.8651696502368564,0.13769602644828188,0.8393838565949798,0.21634527272129644,-0.8651693857656142,-0.13769598435637637,0.8393838580957775,0.21634526934679874,0.13769600540232912,1.9999999999999997e-14
Kprime,1e-07,8,1.0694093849845743,0.1702017898091587,0.9054287209791476,0.1337147822315193,-1.0694090992691674,-0.17020174433613938,0.905428711837947,0.13371492229549756,0.17020176707264906,2.8284271247461893e-14
Kprime,3e-07,4,2.0967044726397726,0.3337008810235054,0.731910836160627,0.5243131523148848,-2.096704242846229,-0.33370084445072706,0.7319108183673833,0.5243132514983637,0.33370086273711624,1.8e-13
Kprime,3e-07,8,2.25933159230855,0.3595837909995886,0.7959657681333899,0.28249695872406483,-2.259331393795988,-0.35958375940533305,0.7959657135806626,0.28249729204180174,0.3595837752024608,2.545584412271571e-13
Kprime,1e-06,4,2.81058446992629,0.4473184113660835,0.7095250957268308,0.7028076251414128,-2.810584386590569,-0.44731839810279156,0.7095250846166433,0.7028077924335236,0.4473184047344375,2e-12
Kprime,1e-06,8,2.866856921903034,0.45627445025808366,0.7357689720320165,0.3584475218546567,-2.8668568529225644,-0.4562744392795009,0.7357688891152516,0.35844791252752783,0.4562744447687923,2.82842712474619e-12
Kprime,3e-06,4,3.0306928747118946,0.48234975200378427,0.7073747411899974,0.757837858888813,-3.0306928554820116,-0.48234974894325333,0.70737474143638,0.7578380381705782,0.4823497504735188,1.8000000000000002e-11
Kprime,3e-06,8,3.049700788892547,0.4853749555035016,0.7167637099623312,0.38130503113130915,-3.0497007680928387,-0.48537495219312526,0.7167636197935585,0.38130542973608994,0.4853749538483134,2.545584412271571e-11
Kprime,1e-05,4,3.1083033969946396,0.49470185026102687,0.7071280277396969,0.7772430287160574,-3.1083033902910144,-0.49470184919411175,0.7071280270135761,0.7772432162416737,0.4947018497275693,2.0000000000000003e-10
Kprime,1e-05,8,3.1140144251772734,0.49561078862643015,0.7099614927161977,0.3893481922684614,-3.1140144219913495,-0.4956107881193746,0.7099614008742366,0.38934859668160593,0.4956107883729024,2.82842712474619e-10
