valley,radius_Ainv,angle_index,column,ediff9,ediff11,absolute_difference,relative_difference
K,0.0,-1,gap_eV,9.120140802565402e-07,9.120167838716497e-07,2.7036151095671812e-12,2.9644356961172627e-06
K,3e-08,0,gap_eV,9.69393611605085e-07,9.693626612516937e-07,3.0950353391290264e-11,3.192855948394535e-05
K,3e-08,1,gap_eV,9.693906806163e-07,9.694044145192038e-07,1.3733902903823036e-11,1.4167361627535656e-05
K,3e-08,2,gap_eV,9.69376167780922e-07,9.69401922290558e-07,2.575450963604453e-11,2.6567421668806173e-05
K,3e-08,3,gap_eV,9.694396441162212e-07,9.694227314227533e-07,1.6912693467929785e-11,1.7446149053167157e-05
K,3e-08,4,gap_eV,9.694820324313014e-07,9.695144029819858e-07,3.2370550684390764e-11,3.3388416494718366e-05
K,3e-08,5,gap_eV,9.695419826982743e-07,9.69482321533377e-07,5.966116489730666e-11,6.15391983661382e-05
K,3e-08,6,gap_eV,9.695242022544903e-07,9.694989513420182e-07,2.525091247207456e-11,2.6045322109035048e-05
K,3e-08,7,gap_eV,9.695073277526944e-07,9.694316784880641e-07,7.564926463032862e-11,7.803465299206232e-05
K,1e-07,0,gap_eV,1.4256085805186558e-06,1.4255737657009604e-06,3.481481769540551e-11,2.442161783068933e-05
K,1e-07,1,gap_eV,1.4254862628071407e-06,1.4255216118641556e-06,3.5349057014855134e-11,2.479727891927864e-05
K,1e-07,2,gap_eV,1.4255048133016146e-06,1.425533967314152e-06,2.915401253744676e-11,2.045129278285513e-05
K,1e-07,3,gap_eV,1.4256064400086643e-06,1.4255978384447587e-06,8.601563905585863e-12,6.033653863399267e-06
K,1e-07,4,gap_eV,1.4257406872886236e-06,1.425784172504052e-06,4.348521542851813e-11,3.0499157072382597e-05
K,1e-07,5,gap_eV,1.425829224466213e-06,1.4258551219725746e-06,2.589750636161625e-11,1.8162789446510384e-05
K,1e-07,6,gap_eV,1.4257924272342848e-06,1.4258142342349345e-06,2.1807000649687325e-11,1.5294419235047515e-05
K,1e-07,7,gap_eV,1.4257019715913088e-06,1.425698898938066e-06,3.0726532429525832e-12,2.1551908648041e-06
K,3e-07,0,gap_eV,3.4114297582377162e-06,3.4114098386162084e-06,1.991962150782456e-11,5.839117095325222e-06
K,3e-07,1,gap_eV,3.4113623810227978e-06,3.411334841274538e-06,2.7539748259641783e-11,8.073012337115644e-06
K,3e-07,2,gap_eV,3.4113432691995627e-06,3.411309854595146e-06,3.341460441674826e-11,9.795241664059832e-06
K,3e-07,3,gap_eV,3.4114978255672668e-06,3.411427544008916e-06,7.028155835087091e-11,2.0601803041163234e-05
K,3e-07,4,gap_eV,3.411631260163972e-06,3.4116509732839972e-06,1.971312002524428e-11,5.77817607358257e-06
K,3e-07,5,gap_eV,3.4117179570358758e-06,3.411740130854213e-06,2.2173818337023476e-11,6.499269430427492e-06
K,3e-07,6,gap_eV,3.4117473930450615e-06,3.4117419591694897e-06,5.433875571725366e-12,1.5926982863170924e-06
K,3e-07,7,gap_eV,3.4115685805247153e-06,3.4116125604555236e-06,4.39799308082911e-11,1.2891244251492273e-05
Kprime,0.0,-1,gap_eV,9.120112607341468e-07,9.119960902026492e-07,1.517053149768799e-11,1.6634426025134645e-05
Kprime,3e-08,0,gap_eV,9.694838016827134e-07,9.694773108748223e-07,6.490807891168515e-12,6.695162247078726e-06
Kprime,3e-08,1,gap_eV,9.694737799215147e-07,9.695170462009628e-07,4.326627944806205e-11,4.462663097838277e-05
Kprime,3e-08,2,gap_eV,9.694952023409087e-07,9.695257476849406e-07,3.054534403190701e-11,3.1505449035101946e-05
Kprime,3e-08,3,gap_eV,9.694556215578132e-07,9.694919471670005e-07,3.632560918731542e-11,3.746870646369395e-05
Kprime,3e-08,4,gap_eV,9.694077398592071e-07,9.693991485093534e-07,8.591349853759311e-12,8.862551475282646e-06
Kprime,3e-08,5,gap_eV,9.693982692127179e-07,9.693805722577054e-07,1.7696955012524995e-11,1.825594149396708e-05
Kprime,3e-08,6,gap_eV,9.693828557644224e-07,9.693717641923172e-07,1.1091572105215164e-11,1.1442021023231152e-05
Kprime,3e-08,7,gap_eV,9.69422036867229e-07,9.69424161390009e-07,2.1245227799226996e-12,2.1915306679343045e-06
Kprime,1e-07,0,gap_eV,1.4257594722622002e-06,1.4257088993829825e-06,5.057287921772513e-11,3.547209338428906e-05
Kprime,1e-07,1,gap_eV,1.4258460363514303e-06,1.4258698417535243e-06,2.3805402094012607e-11,1.6695354230044516e-05
Kprime,1e-07,2,gap_eV,1.4257966371999942e-06,1.4257610541079657e-06,3.558309202844612e-11,2.4957261895969553e-05
Kprime,1e-07,3,gap_eV,1.4257073877033122e-06,1.4256681026836304e-06,3.928501968175624e-11,2.7555515626538475e-05
Kprime,1e-07,4,gap_eV,1.425581980019075e-06,1.4255604936508348e-06,2.148636824017558e-11,1.5072224809730365e-05
Kprime,1e-07,5,gap_eV,1.4255146281172415e-06,1.4255411722174927e-06,2.6544100251157943e-11,1.8620367316271486e-05
Kprime,1e-07,6,gap_eV,1.4254931191004516e-06,1.4254929134871475e-06,2.05613304160579e-13,1.4424014473533394e-07
Kprime,1e-07,7,gap_eV,1.4256184597272181e-06,1.4256173130888783e-06,1.1466383398328617e-12,8.043100552338593e-07
Kprime,3e-07,0,gap_eV,3.4116221376834233e-06,3.4116228597724785e-06,7.220890552162018e-13,2.1165559175094693e-07
Kprime,3e-07,1,gap_eV,3.411776278383627e-06,3.411703768385621e-06,7.250999800589852e-11,2.125331005517206e-05
Kprime,3e-07,2,gap_eV,3.4117502716313197e-06,3.411683054288517e-06,6.721734280290548e-11,1.9702106477450377e-05
Kprime,3e-07,3,gap_eV,3.4115942932899657e-06,3.4115661327049907e-06,2.816058497501217e-11,8.254444990835917e-06
Kprime,3e-07,4,gap_eV,3.411390271157444e-06,3.4114457339029514e-06,5.546274550738417e-11,1.62578419337571e-05
Kprime,3e-07,5,gap_eV,3.4113761238074858e-06,3.411330809388602e-06,4.531441888389054e-11,1.3283501781526736e-05
Kprime,3e-07,6,gap_eV,3.4113487323850222e-06,3.4113963653936707e-06,4.7633008648517716e-11,1.3962906548099382e-05
Kprime,3e-07,7,gap_eV,3.411476551917758e-06,3.4114916758198888e-06,1.5123902130653732e-11,4.433222639190226e-06
K,0.0,-1,omega_plus_xy_A2,68216086841128.96,68215681194825.086,405646303.875,5.946525736750581e-06
K,3e-08,0,omega_plus_xy_A2,56804265100059.875,56801498926974.09,2766173085.78125,4.869894523976444e-05
K,3e-08,1,omega_plus_xy_A2,56806623010920.56,56805014665645.6,1608345274.9609375,2.8313438248852855e-05
K,3e-08,2,omega_plus_xy_A2,56807877568683.164,56804857533668.46,3020035014.703125,5.316508386475819e-05
K,3e-08,3,omega_plus_xy_A2,56797790034250.945,56799424874016.79,1634839765.84375,2.8782681681546683e-05
K,3e-08,4,omega_plus_xy_A2,56789528388410.49,56785736892662.95,3791495747.5390625,6.676845199184068e-05
K,3e-08,5,omega_plus_xy_A2,56780492688605.484,56787479992357.52,6987303752.0390625,0.00012304303260118985
K,3e-08,6,omega_plus_xy_A2,56783021928828.734,56785979630060.16,2957701231.421875,5.208506132482374e-05
K,3e-08,7,omega_plus_xy_A2,56787645139425.1,56796508511354.38,8863371929.28125,0.00015605487311793722
K,1e-07,0,omega_plus_xy_A2,17860602901607.125,17861475643797.434,872742190.3085938,4.8861707045557666e-05
K,1e-07,1,omega_plus_xy_A2,17864646295947.938,17863760088525.387,886207422.5507812,4.9609232219818494e-05
K,1e-07,2,omega_plus_xy_A2,17863963345215.758,17863232933382.926,730411832.8320312,4.088911763934024e-05
K,1e-07,3,omega_plus_xy_A2,17860132814876.957,17860348597588.785,215782711.828125,1.2081662944543898e-05
K,1e-07,4,omega_plus_xy_A2,17855173866923.164,17854084534241.562,1089332681.6015625,6.101307964081717e-05
K,1e-07,5,omega_plus_xy_A2,17851980083897.406,17851331742922.113,648340975.2929688,3.6318913604304615e-05
K,1e-07,6,omega_plus_xy_A2,17853119036877.117,17852572560152.8,546476724.3164062,3.0610530917888564e-05
K,1e-07,7,omega_plus_xy_A2,17855374056244.113,17856744618868.6,1370562624.4882812,7.675321867122719e-05
K,3e-07,0,omega_plus_xy_A2,1303401565407.9348,1303401708651.1255,143243.19067382812,1.0989949585233301e-07
K,3e-07,1,omega_plus_xy_A2,1303490764763.502,1303511830756.5347,21065993.032714844,1.6160952693838245e-05
K,3e-07,2,omega_plus_xy_A2,1303496901229.6091,1303522295970.8801,25394741.270996094,1.948163169091156e-05
K,3e-07,3,omega_plus_xy_A2,1303329599051.2476,1303325154998.9214,4444052.326171875,3.409780214190336e-06
K,3e-07,4,omega_plus_xy_A2,1303166967199.3567,1303151894992.413,15072206.943603516,1.156596326300954e-05
K,3e-07,5,omega_plus_xy_A2,1303063012781.6597,1303046109478.586,16903303.07373047,1.2972144999914337e-05
K,3e-07,6,omega_plus_xy_A2,1303048988128.7454,1303053162394.7046,4174265.9592285156,3.203450234952194e-06
K,3e-07,7,omega_plus_xy_A2,1303234828110.4043,1303201205237.614,33622872.7902832,2.58002161563016e-05
Kprime,0.0,-1,omega_plus_xy_A2,68216509195713.32,68218779129155.88,2269933442.5625,3.327431935222596e-05
Kprime,3e-08,0,omega_plus_xy_A2,56789333601693.766,56790092726281.44,759124587.671875,1.3367201059711702e-05
Kprime,3e-08,1,omega_plus_xy_A2,56788493632584.445,56783425650898.125,5067981686.3203125,8.92510733233678e-05
Kprime,3e-08,2,omega_plus_xy_A2,56786430127917.086,56782853634708.625,3576493208.4609375,6.298544330774527e-05
Kprime,3e-08,3,omega_plus_xy_A2,56793714976077.445,56789460803053.71,4254173023.734375,7.491131212687297e-05
Kprime,3e-08,4,omega_plus_xy_A2,56802349120504.33,56798229716090.52,4119404413.8046875,7.25269860415683e-05
Kprime,3e-08,5,omega_plus_xy_A2,56805747224913.39,56807820020115.1,2072795201.7109375,3.648784975337868e-05
Kprime,3e-08,6,omega_plus_xy_A2,56807105213305.61,56808405689103.72,1300475798.109375,2.289231289514636e-05
Kprime,3e-08,7,omega_plus_xy_A2,56799865204750.13,56799615751503.48,249453246.65625,4.3918122218924875e-06
Kprime,1e-07,0,omega_plus_xy_A2,17854723526085.277,17855513984983.703,790458898.4257812,4.426973645735142e-05
Kprime,1e-07,1,omega_plus_xy_A2,17851578903634.418,17850982655068.76,596248565.65625,3.340144221623262e-05
Kprime,1e-07,2,omega_plus_xy_A2,17853032948337.316,17852760436005.6,272512331.71484375,1.5264436706675262e-05
Kprime,1e-07,3,omega_plus_xy_A2,17856551460321.664,17857535695944.203,984235622.5390625,5.511598236718641e-05
Kprime,1e-07,4,omega_plus_xy_A2,17861289485413.008,17861828149732.168,538664319.1601562,3.0157289312417515e-05
Kprime,1e-07,5,omega_plus_xy_A2,17863955118498.33,17863289543762.22,665574736.109375,3.7259360011985626e-05
Kprime,1e-07,6,omega_plus_xy_A2,17864276122296.695,17864281880623.152,5758326.45703125,3.2233741582846006e-07
Kprime,1e-07,7,omega_plus_xy_A2,17859851534451.34,17859880513433.043,28978981.703125,1.6225742205458145e-06
Kprime,3e-07,0,omega_plus_xy_A2,1303176209466.99,1303175677618.1624,531848.8276367188,4.0811752150622425e-07
Kprime,3e-07,1,omega_plus_xy_A2,1303020773234.4727,1303063070276.5173,42297042.044677734,3.245970437616812e-05
Kprime,3e-07,2,omega_plus_xy_A2,1303049079068.0156,1303100396789.5005,51317721.48486328,3.938124922016505e-05
Kprime,3e-07,3,omega_plus_xy_A2,1303214477459.5396,1303238964394.502,24486934.962402344,1.878929009291801e-05
Kprime,3e-07,4,omega_plus_xy_A2,1303399684942.546,1303391626205.9624,8058736.583496094,6.18289731303111e-06
Kprime,3e-07,5,omega_plus_xy_A2,1303482527987.518,1303517177481.3657,34649493.84765625,2.658153988780219e-05
Kprime,3e-07,6,omega_plus_xy_A2,1303494952332.9272,1303458615617.0735,36336715.853759766,2.7877153458038646e-05
Kprime,3e-07,7,omega_plus_xy_A2,1303348128955.8208,1303336532932.4482,11596023.372558594,8.897182791667832e-06
K,0.0,-1,omega_minus_xy_A2,-68216087440206.93,-68215682862028.805,404578178.125,5.9308675241628656e-06
K,3e-08,0,omega_minus_xy_A2,-56804239179959.68,-56807810650403.6,3571470443.921875,6.286935551698648e-05
K,3e-08,1,omega_minus_xy_A2,-56806625922451.125,-56805016222240.83,1609700210.296875,2.8337289861852555e-05
K,3e-08,2,omega_minus_xy_A2,-56807905402748.45,-56804887170923.23,3018231825.2265625,5.31333125641962e-05
K,3e-08,3,omega_minus_xy_A2,-56797826737733.484,-56792555051771.72,5271685961.765625,9.282353922904138e-05
K,3e-08,4,omega_minus_xy_A2,-56789550448472.2,-56785758096972.07,3792351500.1328125,6.678349690527471e-05
K,3e-08,5,omega_minus_xy_A2,-56780486240441.51,-56787475234152.85,6988993711.34375,0.00012307280227771884
K,3e-08,6,omega_minus_xy_A2,-56782990237344.81,-56785948165650.83,2957928306.015625,5.2089088965936156e-05
K,3e-08,7,omega_minus_xy_A2,-56787604654206.7,-56796467927857.516,8863273650.8125,0.00015605325426346176
K,1e-07,0,omega_minus_xy_A2,-17860588856083.22,-17861461629076.254,872772993.0351562,4.886346991975111e-05
K,1e-07,1,omega_minus_xy_A2,-17864645861431.867,-17863759850573.83,886010858.0390625,4.959822934535261e-05
K,1e-07,2,omega_minus_xy_A2,-17863975866623.91,-17863245052063.31,730814560.6015625,4.0911634950512485e-05
K,1e-07,3,omega_minus_xy_A2,-17860148942746.473,-17860364798953.527,215856207.0546875,1.2085766975338316e-05
K,1e-07,4,omega_minus_xy_A2,-17855182980617.453,-17854093565832.957,1089414784.4960938,6.1017647324358506e-05
K,1e-07,5,omega_minus_xy_A2,-17851975186552.2,-17851325921509.414,649265042.7851562,3.637069008990778e-05
K,1e-07,6,omega_minus_xy_A2,-17853101647286.25,-17852554897655.914,546749630.3359375,3.06258478671715e-05
K,1e-07,7,omega_minus_xy_A2,-17856569738990.4,-17856722967951.3,153228960.90234375,8.581023582958328e-06
K,3e-07,0,omega_minus_xy_A2,-1303400817121.0913,-1303384331743.9333,16485377.157958984,1.2648132063933502e-05
K,3e-07,1,omega_minus_xy_A2,-1303490559956.784,-1303511626251.796,21066295.01196289,1.6161186895231858e-05
K,3e-07,2,omega_minus_xy_A2,-1303497154259.6926,-1303475545232.5042,21609027.188476562,1.6578007364627703e-05
K,3e-07,3,omega_minus_xy_A2,-1303329986501.8394,-1303347756503.5398,17770001.700439453,1.363412152418217e-05
K,3e-07,4,omega_minus_xy_A2,-1303167103383.835,-1303152055905.7107,15047478.124267578,1.1546985676824452e-05
K,3e-07,5,omega_minus_xy_A2,-1303062669022.4275,-1303045696602.8909,16972419.536621094,1.3025191350440809e-05
K,3e-07,6,omega_minus_xy_A2,-1303048117471.086,-1303052287732.4524,4170261.366455078,3.200379144962855e-06
K,3e-07,7,omega_minus_xy_A2,-1303233807693.9514,-1303200186889.118,33620804.833496094,2.579864948742269e-05
Kprime,0.0,-1,omega_minus_xy_A2,-68216509859268.7,-68218778267536.73,2268408268.0234375,3.325196266528428e-05
Kprime,3e-08,0,omega_minus_xy_A2,-56789359318132.19,-56790118493953.95,759175821.765625,1.336809716018552e-05
Kprime,3e-08,1,omega_minus_xy_A2,-56788490579213.53,-56783421705782.125,5068873431.40625,8.926678384529439e-05
Kprime,3e-08,2,omega_minus_xy_A2,-56786402170969.72,-56782823086677.81,3579084291.90625,6.303110865838515e-05
Kprime,3e-08,3,omega_minus_xy_A2,-56793678724725.375,-56789422831362.27,4255893363.1015625,7.494165552165502e-05
Kprime,3e-08,4,omega_minus_xy_A2,-56795440431409.01,-56802100663024.6,6660231615.59375,0.00011725326242959243
Kprime,3e-08,5,omega_minus_xy_A2,-56805752630388.93,-56807826655303.09,2074024914.1640625,3.650949237591453e-05
Kprime,3e-08,6,omega_minus_xy_A2,-56807137330387.375,-56808437153153.41,1299822766.03125,2.2880804879862772e-05
Kprime,3e-08,7,omega_minus_xy_A2,-56799905457071.0,-56799657136949.266,248320121.734375,4.371859519075125e-06
Kprime,1e-07,0,omega_minus_xy_A2,-17854737596515.35,-17854910849667.17,173253151.8203125,9.703389352041602e-06
Kprime,1e-07,1,omega_minus_xy_A2,-17851578637337.914,-17850982604824.35,596032513.5625,3.338933921774245e-05
Kprime,1e-07,2,omega_minus_xy_A2,-17853020771528.758,-17853424440725.18,403669196.421875,2.2610183147893534e-05
Kprime,1e-07,3,omega_minus_xy_A2,-17856535113168.4,-17857519267192.62,984154024.2226562,5.511146366397705e-05
Kprime,1e-07,4,omega_minus_xy_A2,-17861280446223.1,-17861819012940.56,538566717.4570312,3.0151840474189645e-05
Kprime,1e-07,5,omega_minus_xy_A2,-17863960081323.242,-17863294515036.68,665566286.5625,3.725887663119758e-05
Kprime,1e-07,6,omega_minus_xy_A2,-17864294148002.242,-17864299284630.434,5136628.19140625,2.8753594583055117e-07
Kprime,1e-07,7,omega_minus_xy_A2,-17859872916577.9,-17859901554901.42,28638323.5234375,1.6034983975361318e-06
Kprime,3e-07,0,omega_minus_xy_A2,-1303176980853.0264,-1303176399130.708,581722.318359375,4.4638800913476987e-07
Kprime,3e-07,1,omega_minus_xy_A2,-1303020941150.5408,-1303040852135.6497,19910985.10888672,1.5280399748214446e-05
Kprime,3e-07,2,omega_minus_xy_A2,-1303048807580.642,-1303100167067.9897,51359487.34765625,3.941330731559683e-05
Kprime,3e-07,3,omega_minus_xy_A2,-1303174166144.4224,-1303238549886.3955,64383741.97314453,4.9402883285456006e-05
Kprime,3e-07,4,omega_minus_xy_A2,-1303421233000.3608,-1303391475358.7703,29757641.590576172,2.2830931575937393e-05
Kprime,3e-07,5,omega_minus_xy_A2,-1303482951193.5356,-1303517566921.6418,34615728.10620117,2.655562838938098e-05
Kprime,3e-07,6,omega_minus_xy_A2,-1303495862745.9272,-1303459433508.5752,36429237.35205078,2.7948117460006186e-05
Kprime,3e-07,7,omega_minus_xy_A2,-1303349172743.27,-1303337576146.42,11596596.850097656,8.897615677118226e-06
K,0.0,-1,omega_spin_xy_A2,68216087140667.945,68215682028426.945,405112241.0,5.938696630361051e-06
K,3e-08,0,omega_spin_xy_A2,56804252140009.78,56804654788688.84,402648679.0625,7.08830430464436e-06
K,3e-08,1,omega_spin_xy_A2,56806624466685.84,56805015443943.22,1609022742.625,2.8325364055447336e-05
K,3e-08,2,omega_spin_xy_A2,56807891485715.81,56804872352295.84,3019133419.96875,5.314919821040189e-05
K,3e-08,3,omega_spin_xy_A2,56797808385992.22,56795989962894.25,1818423097.96875,3.2016751519900536e-05
K,3e-08,4,omega_spin_xy_A2,56789539418441.34,56785747494817.516,3791923623.828125,6.677597444982459e-05
K,3e-08,5,omega_spin_xy_A2,56780489464523.5,56787477613255.19,6988148731.6875,0.00012305791743876196
K,3e-08,6,omega_spin_xy_A2,56783006083086.77,56785963897855.49,2957814768.71875,5.208707514482203e-05
K,3e-08,7,omega_spin_xy_A2,56787624896815.91,56796488219605.95,8863322790.046875,0.00015605406369098866
K,1e-07,0,omega_spin_xy_A2,17860595878845.17,17861468636436.844,872757591.671875,4.8862588482308586e-05
K,1e-07,1,omega_spin_xy_A2,17864646078689.902,17863759969549.61,886109140.2929688,4.960373078251285e-05
K,1e-07,2,omega_spin_xy_A2,17863969605919.836,17863238992723.117,730613196.71875,4.090037629885472e-05
K,1e-07,3,omega_spin_xy_A2,17860140878811.715,17860356698271.156,215819459.44140625,1.2083714960871811e-05
K,1e-07,4,omega_spin_xy_A2,17855178423770.31,17854089050037.258,1089373733.0507812,6.101536348327488e-05
K,1e-07,5,omega_spin_xy_A2,17851977635224.805,17851328832215.766,648803009.0390625,3.634480184288505e-05
K,1e-07,6,omega_spin_xy_A2,17853110342081.684,17852563728904.36,546613177.3242188,3.0618189388632154e-05
K,1e-07,7,omega_spin_xy_A2,17855971897617.258,17856733793409.953,761895792.6953125,4.266714179143394e-05
K,3e-07,0,omega_spin_xy_A2,1303401191264.5132,1303393020197.5293,8171066.983886719,6.269073761533872e-06
K,3e-07,1,omega_spin_xy_A2,1303490662360.143,1303511728504.1653,21066144.022216797,1.616106979443222e-05
K,3e-07,2,omega_spin_xy_A2,1303497027744.651,1303498920601.6921,1892857.0412597656,1.4521354880647136e-06
K,3e-07,3,omega_spin_xy_A2,1303329792776.5435,1303336455751.2305,6662974.687011719,5.112244545612165e-06
K,3e-07,4,omega_spin_xy_A2,1303167035291.5957,1303151975449.062,15059842.533691406,1.155647446914381e-05
K,3e-07,5,omega_spin_xy_A2,1303062840902.0435,1303045903040.7383,16937861.30517578,1.2998668170975583e-05
K,3e-07,6,omega_spin_xy_A2,1303048552799.9155,1303052725063.5786,4172263.6630859375,3.2019146906602447e-06
K,3e-07,7,omega_spin_xy_A2,1303234317902.1777,1303200696063.366,33621838.81176758,2.5799432822074532e-05
Kprime,0.0,-1,omega_spin_xy_A2,68216509527491.016,68218778698346.305,2269170855.2890625,3.326314100876845e-05
Kprime,3e-08,0,omega_spin_xy_A2,56789346459912.98,56790105610117.695,759150204.71875,1.3367649110050259e-05
Kprime,3e-08,1,omega_spin_xy_A2,56788492105898.984,56783423678340.125,5068427558.859375,8.925892858398942e-05
Kprime,3e-08,2,omega_spin_xy_A2,56786416149443.41,56782838360693.22,3577788750.1875,6.300827597699224e-05
Kprime,3e-08,3,omega_spin_xy_A2,56793696850401.41,56789441817207.99,4255033193.4140625,7.492648381912301e-05
Kprime,3e-08,4,omega_spin_xy_A2,56798894775956.67,56800165189557.56,1270413600.890625,2.2366371588021094e-05
Kprime,3e-08,5,omega_spin_xy_A2,56805749927651.16,56807823337709.09,2073410057.9375,3.649867106527858e-05
Kprime,3e-08,6,omega_spin_xy_A2,56807121271846.49,56808421421128.56,1300149282.0703125,2.2886558885911103e-05
Kprime,3e-08,7,omega_spin_xy_A2,56799885330910.56,56799636444226.375,248886684.1875,4.381835866711768e-06
Kprime,1e-07,0,omega_spin_xy_A2,17854730561300.312,17855212417325.438,481856025.125,2.6986854810948143e-05
Kprime,1e-07,1,omega_spin_xy_A2,17851578770486.164,17850982629946.555,596140539.609375,3.339539071699606e-05
Kprime,1e-07,2,omega_spin_xy_A2,17853026859933.04,17853092438365.39,65578432.3515625,3.673225385347682e-06
Kprime,1e-07,3,omega_spin_xy_A2,17856543286745.03,17857527481568.414,984194823.3828125,5.511372301673039e-05
Kprime,1e-07,4,omega_spin_xy_A2,17861284965818.055,17861823581336.363,538615518.3085938,3.0154564894000385e-05
Kprime,1e-07,5,omega_spin_xy_A2,17863957599910.785,17863292029399.45,665570511.3359375,3.725911832155797e-05
Kprime,1e-07,6,omega_spin_xy_A2,17864285135149.47,17864290582626.793,5447477.32421875,3.049366723533079e-07
Kprime,1e-07,7,omega_spin_xy_A2,17859862225514.617,17859891034167.234,28808652.6171875,1.6130363036411874e-06
Kprime,3e-07,0,omega_spin_xy_A2,1303176595160.0083,1303176038374.435,556785.5732421875,4.272527708050208e-07
Kprime,3e-07,1,omega_spin_xy_A2,1303020857192.5068,1303051961206.0835,31104013.576660156,2.38701252925254e-05
Kprime,3e-07,2,omega_spin_xy_A2,1303048943324.3289,1303100281928.745,51338604.416259766,3.939727826646807e-05
Kprime,3e-07,3,omega_spin_xy_A2,1303194321801.981,1303238757140.4487,44435338.46777344,3.409608425494722e-05
Kprime,3e-07,4,omega_spin_xy_A2,1303410458971.4534,1303391550782.3662,18908189.087158203,1.4506913962890494e-05
Kprime,3e-07,5,omega_spin_xy_A2,1303482739590.5269,1303517372201.504,34632610.97705078,2.6568584136749893e-05
Kprime,3e-07,6,omega_spin_xy_A2,1303495407539.4272,1303459024562.8242,36382976.603027344,2.7912635470248152e-05
Kprime,3e-07,7,omega_spin_xy_A2,1303348650849.5454,1303337054539.434,11596310.111328125,8.897399234479651e-06
