q1,q2,q3,kx_inv_A,ky_inv_A,kz_inv_A,omega_z_A2,flux_rad
-0.45833333333333337,-0.45833333333333337,0.0,-0.9079840203737901,-0.5242248185826864,0.0,0.0001,3.147026501530105e-06
-0.45833333333333337,-0.375,0.0,-0.9079840203737901,-0.33359761182534575,0.0,-1.9824,-0.0623866533663328
-0.45833333333333337,-0.29166666666666674,0.0,-0.9079840203737901,-0.1429704050680055,0.0,-3.1383,-0.09876313269751928
-0.45833333333333337,-0.20833333333333337,0.0,-0.9079840203737901,0.047656801689335115,0.0,-3.4329,-0.10803427277102698
-0.45833333333333337,-0.125,0.0,-0.9079840203737901,0.2382840084466757,0.0,-2.612,-0.08220033221996634
-0.45833333333333337,-0.04166666666666674,0.0,-0.9079840203737901,0.428911215204016,0.0,-1.0301,-0.03241751999226161
-0.45833333333333337,0.041666666666666664,0.0,-0.9079840203737901,0.6195384219613567,0.0,1.2478,0.03926859668609265
-0.45833333333333337,0.125,0.0,-0.9079840203737901,0.8101656287186971,0.0,3.3471,0.10533412403271415
-0.45833333333333337,0.20833333333333331,0.0,-0.9079840203737901,1.0007928354760376,0.0,5.033,0.15838984382201018
-0.45833333333333337,0.2916666666666667,0.0,-0.9079840203737901,1.1914200422333783,0.0,5.7679,0.18151734158175492
-0.45833333333333337,0.375,0.0,-0.9079840203737901,1.3820472489907187,0.0,4.5464,0.1430764128655647
-0.45833333333333337,0.45833333333333337,0.0,-0.9079840203737901,1.5726744557480594,0.0,2.5136,0.07910365814246072
-0.375,-0.45833333333333337,0.0,-0.7428960166694646,-0.6195384219613568,0.0,1.9824,0.0623866533663328
-0.375,-0.375,0.0,-0.7428960166694646,-0.4289112152040161,0.0,0.0,0.0
-0.375,-0.29166666666666674,0.0,-0.7428960166694646,-0.23828400844667585,0.0,-1.9968,-0.06283982518255313
-0.375,-0.20833333333333337,0.0,-0.7428960166694646,-0.047656801689335226,0.0,-3.5766,-0.11255654985372573
-0.375,-0.125,0.0,-0.7428960166694646,0.14297040506800535,0.0,-3.0087,-0.09468458635153627
-0.375,-0.04166666666666674,0.0,-0.7428960166694646,0.33359761182534564,0.0,-0.9664,-0.030412864110786936
-0.375,0.041666666666666664,0.0,-0.7428960166694646,0.5242248185826863,0.0,1.0225,0.03217834597814532
-0.375,0.125,0.0,-0.7428960166694646,0.7148520253400268,0.0,3.0337,0.0954713429769188
-0.375,0.20833333333333331,0.0,-0.7428960166694646,0.9054792320973672,0.0,6.4179,0.2019730138417006
-0.375,0.2916666666666667,0.0,-0.7428960166694646,1.096106438854708,0.0,12.3124,0.3874744909743926
-0.375,0.375,0.0,-0.7428960166694646,1.2867336456120482,0.0,10.2578,0.3228156844739551
-0.375,0.45833333333333337,0.0,-0.7428960166694646,1.4773608523693889,0.0,4.5463,0.14307326583906316
-0.29166666666666674,-0.45833333333333337,0.0,-0.5778080129651393,-0.7148520253400269,0.0,3.1383,0.09876313269751928
-0.29166666666666674,-0.375,0.0,-0.5778080129651393,-0.5242248185826862,0.0,1.997,0.0628461192355562
-0.29166666666666674,-0.29166666666666674,0.0,-0.5778080129651393,-0.333597611825346,0.0,-0.0,-0.0
-0.29166666666666674,-0.20833333333333337,0.0,-0.5778080129651393,-0.14297040506800535,0.0,-2.4716,-0.07778190701181807
-0.29166666666666674,-0.125,0.0,-0.5778080129651393,0.047656801689335226,0.0,-3.3383,-0.10505718570057948
-0.29166666666666674,-0.04166666666666674,0.0,-0.5778080129651393,0.23828400844667555,0.0,-1.2427,-0.03910809833451461
-0.29166666666666674,0.041666666666666664,0.0,-0.5778080129651393,0.4289112152040162,0.0,1.1334,0.03566839836834221
-0.29166666666666674,0.125,0.0,-0.5778080129651393,0.6195384219613567,0.0,2.6827,0.08442527995654812
-0.29166666666666674,0.20833333333333331,0.0,-0.5778080129651393,0.8101656287186971,0.0,4.0464,0.12734128035791417
-0.29166666666666674,0.2916666666666667,0.0,-0.5778080129651393,1.0007928354760378,0.0,9.2074,0.2897593181018829
-0.29166666666666674,0.375,0.0,-0.5778080129651393,1.191420042233378,0.0,12.3124,0.3874744909743926
-0.29166666666666674,0.45833333333333337,0.0,-0.5778080129651393,1.3820472489907187,0.0,5.7679,0.18151734158175492
-0.20833333333333337,-0.45833333333333337,0.0,-0.41272000926081376,-0.8101656287186972,0.0,3.4328,0.10803112574452543
-0.20833333333333337,-0.375,0.0,-0.41272000926081376,-0.6195384219613566,0.0,3.5766,0.11255654985372573
-0.20833333333333337,-0.29166666666666674,0.0,-0.41272000926081376,-0.4289112152040163,0.0,2.4715,0.07777875998531654
-0.20833333333333337,-0.20833333333333337,0.0,-0.41272000926081376,-0.23828400844667566,0.0,0.0,0.0
-0.20833333333333337,-0.125,0.0,-0.41272000926081376,-0.04765680168933509,0.0,-2.1392,-0.06732119092073201
-0.20833333333333337,-0.04166666666666674,0.0,-0.41272000926081376,0.14297040506800524,0.0,-1.2949,-0.04075084616831333
-0.20833333333333337,0.041666666666666664,0.0,-0.41272000926081376,0.3335976118253459,0.0,1.3963,0.04394193104086486
-0.20833333333333337,0.125,0.0,-0.41272000926081376,0.5242248185826864,0.0,3.3737,0.10617123308212115
-0.20833333333333337,0.20833333333333331,0.0,-0.41272000926081376,0.7148520253400269,0.0,3.5453,0.11157153055874681
-0.20833333333333337,0.2916666666666667,0.0,-0.41272000926081376,0.9054792320973675,0.0,4.0464,0.12734128035791417
-0.20833333333333337,0.375,0.0,-0.41272000926081376,1.096106438854708,0.0,6.4178,0.20196986681519907
-0.20833333333333337,0.45833333333333337,0.0,-0.41272000926081376,1.2867336456120486,0.0,5.033,0.15838984382201018
-0.125,-0.45833333333333337,0.0,-0.2476320055564882,-0.9054792320973675,0.0,2.6121,0.08220347924646787
-0.125,-0.375,0.0,-0.2476320055564882,-0.7148520253400268,0.0,3.0086,0.09468143932503474
-0.125,-0.29166666666666674,0.0,-0.2476320055564882,-0.5242248185826865,0.0,3.3382,0.10505403867407796
-0.125,-0.20833333333333337,0.0,-0.2476320055564882,-0.333597611825346,0.0,2.1392,0.06732119092073201
-0.125,-0.125,0.0,-0.2476320055564882,-0.14297040506800537,0.0,-0.0,-0.0
-0.125,-0.04166666666666674,0.0,-0.2476320055564882,0.04765680168933495,0.0,-0.546,-0.017182764698354374
-0.125,0.041666666666666664,0.0,-0.2476320055564882,0.23828400844667563,0.0,0.9928,0.03124367910719088
-0.125,0.125,0.0,-0.2476320055564882,0.4289112152040161,0.0,3.1075,0.09779384853504801
-0.125,0.20833333333333331,0.0,-0.2476320055564882,0.6195384219613566,0.0,3.3736,0.10616808605561963
-0.125,0.2916666666666667,0.0,-0.2476320055564882,0.8101656287186972,0.0,2.6828,0.08442842698304966
-0.125,0.375,0.0,-0.2476320055564882,1.0007928354760376,0.0,3.0337,0.0954713429769188
-0.125,0.45833333333333337,0.0,-0.2476320055564882,1.1914200422333783,0.0,3.3471,0.10533412403271415
-0.04166666666666674,-0.45833333333333337,0.0,-0.08254400185216289,-1.0007928354760376,0.0,1.0302,0.032420667018763144
-0.04166666666666674,-0.375,0.0,-0.08254400185216289,-0.810165628718697,0.0,0.9664,0.030412864110786936
-0.04166666666666674,-0.29166666666666674,0.0,-0.08254400185216289,-0.6195384219613568,0.0,1.2428,0.03911124536101614
-0.04166666666666674,-0.20833333333333337,0.0,-0.08254400185216289,-0.4289112152040161,0.0,1.2949,0.04075084616831333
-0.04166666666666674,-0.125,0.0,-0.08254400185216289,-0.23828400844667552,0.0,0.5461,0.017185911724855903
-0.04166666666666674,-0.04166666666666674,0.0,-0.08254400185216289,-0.04765680168933521,0.0,0.0,0.0
-0.04166666666666674,0.041666666666666664,0.0,-0.08254400185216289,0.14297040506800546,0.0,0.1397,0.004396396022637556
-0.04166666666666674,0.125,0.0,-0.08254400185216289,0.333597611825346,0.0,0.9928,0.03124367910719088
-0.04166666666666674,0.20833333333333331,0.0,-0.08254400185216289,0.5242248185826864,0.0,1.3962,0.04393878401436333
-0.04166666666666674,0.2916666666666667,0.0,-0.08254400185216289,0.714852025340027,0.0,1.1334,0.03566839836834221
-0.04166666666666674,0.375,0.0,-0.08254400185216289,0.9054792320973674,0.0,1.0225,0.03217834597814532
-0.04166666666666674,0.45833333333333337,0.0,-0.08254400185216289,1.0961064388547082,0.0,1.2478,0.03926859668609265
0.041666666666666664,-0.45833333333333337,0.0,0.08254400185216274,-1.096106438854708,0.0,-1.2478,-0.03926859668609265
0.041666666666666664,-0.375,0.0,0.08254400185216274,-0.9054792320973674,0.0,-1.0225,-0.03217834597814532
0.041666666666666664,-0.29166666666666674,0.0,0.08254400185216274,-0.7148520253400271,0.0,-1.1334,-0.03566839836834221
0.041666666666666664,-0.20833333333333337,0.0,0.08254400185216274,-0.5242248185826864,0.0,-1.3963,-0.04394193104086486
0.041666666666666664,-0.125,0.0,0.08254400185216274,-0.33359761182534586,0.0,-0.9928,-0.03124367910719088
0.041666666666666664,-0.04166666666666674,0.0,0.08254400185216274,-0.14297040506800554,0.0,-0.1398,-0.004399543049139087
0.041666666666666664,0.041666666666666664,0.0,0.08254400185216274,0.04765680168933512,0.0,0.0,0.0
0.041666666666666664,0.125,0.0,0.08254400185216274,0.23828400844667563,0.0,-0.546,-0.017182764698354374
0.041666666666666664,0.20833333333333331,0.0,0.08254400185216274,0.4289112152040161,0.0,-1.2949,-0.04075084616831333
0.041666666666666664,0.2916666666666667,0.0,0.08254400185216274,0.6195384219613567,0.0,-1.2428,-0.03911124536101614
0.041666666666666664,0.375,0.0,0.08254400185216274,0.810165628718697,0.0,-0.9664,-0.030412864110786936
0.041666666666666664,0.45833333333333337,0.0,0.08254400185216274,1.0007928354760378,0.0,-1.0301,-0.03241751999226161
0.125,-0.45833333333333337,0.0,0.2476320055564882,-1.1914200422333783,0.0,-3.3472,-0.10533727105921567
0.125,-0.375,0.0,0.2476320055564882,-1.0007928354760376,0.0,-3.0336,-0.09546819595041726
0.125,-0.29166666666666674,0.0,0.2476320055564882,-0.8101656287186974,0.0,-2.6828,-0.08442842698304966
0.125,-0.20833333333333337,0.0,0.2476320055564882,-0.6195384219613567,0.0,-3.3736,-0.10616808605561963
0.125,-0.125,0.0,0.2476320055564882,-0.4289112152040161,0.0,-3.1074,-0.09779070150854649
0.125,-0.04166666666666674,0.0,0.2476320055564882,-0.2382840084466758,0.0,-0.9928,-0.03124367910719088
0.125,0.041666666666666664,0.0,0.2476320055564882,-0.04765680168933513,0.0,0.546,0.017182764698354374
0.125,0.125,0.0,0.2476320055564882,0.14297040506800537,0.0,-0.0,-0.0
0.125,0.20833333333333331,0.0,0.2476320055564882,0.33359761182534586,0.0,-2.1391,-0.06731804389423048
0.125,0.2916666666666667,0.0,0.2476320055564882,0.5242248185826864,0.0,-3.3383,-0.10505718570057948
0.125,0.375,0.0,0.2476320055564882,0.7148520253400268,0.0,-3.0087,-0.09468458635153627
0.125,0.45833333333333337,0.0,0.2476320055564882,0.9054792320973675,0.0,-2.6121,-0.08220347924646787
0.20833333333333331,-0.45833333333333337,0.0,0.41272000926081365,-1.2867336456120484,0.0,-5.033,-0.15838984382201018
0.20833333333333331,-0.375,0.0,0.41272000926081365,-1.0961064388547077,0.0,-6.4178,-0.20196986681519907
0.20833333333333331,-0.29166666666666674,0.0,0.41272000926081365,-0.9054792320973676,0.0,-4.0464,-0.12734128035791417
0.20833333333333331,-0.20833333333333337,0.0,0.41272000926081365,-0.7148520253400269,0.0,-3.5453,-0.11157153055874681
0.20833333333333331,-0.125,0.0,0.41272000926081365,-0.5242248185826863,0.0,-3.3737,-0.10617123308212115
0.20833333333333331,-0.04166666666666674,0.0,0.41272000926081365,-0.33359761182534603,0.0,-1.3963,-0.04394193104086486
0.20833333333333331,0.041666666666666664,0.0,0.41272000926081365,-0.14297040506800535,0.0,1.2948,0.0407476991418118
0.20833333333333331,0.125,0.0,0.41272000926081365,0.04765680168933514,0.0,2.1392,0.06732119092073201
0.20833333333333331,0.20833333333333331,0.0,0.41272000926081365,0.2382840084466756,0.0,0.0,0.0
0.20833333333333331,0.2916666666666667,0.0,0.41272000926081365,0.4289112152040162,0.0,-2.4715,-0.07777875998531654
0.20833333333333331,0.375,0.0,0.41272000926081365,0.6195384219613566,0.0,-3.5765,-0.1125534028272242
0.20833333333333331,0.45833333333333337,0.0,0.41272000926081365,0.8101656287186972,0.0,-3.4328,-0.10803112574452543
0.2916666666666667,-0.45833333333333337,0.0,0.5778080129651392,-1.3820472489907187,0.0,-5.7679,-0.18151734158175492
0.2916666666666667,-0.375,0.0,0.5778080129651392,-1.191420042233378,0.0,-12.3124,-0.3874744909743926
0.2916666666666667,-0.29166666666666674,0.0,0.5778080129651392,-1.0007928354760378,0.0,-9.2074,-0.2897593181018829
0.2916666666666667,-0.20833333333333337,0.0,0.5778080129651392,-0.8101656287186972,0.0,-4.0464,-0.12734128035791417
0.2916666666666667,-0.125,0.0,0.5778080129651392,-0.6195384219613567,0.0,-2.6827,-0.08442527995654812
0.2916666666666667,-0.04166666666666674,0.0,0.5778080129651392,-0.4289112152040163,0.0,-1.1333,-0.035665251341840676
0.2916666666666667,0.041666666666666664,0.0,0.5778080129651392,-0.2382840084466757,0.0,1.2428,0.03911124536101614
0.2916666666666667,0.125,0.0,0.5778080129651392,-0.04765680168933517,0.0,3.3382,0.10505403867407796
0.2916666666666667,0.20833333333333331,0.0,0.5778080129651392,0.1429704050680053,0.0,2.4714,0.07777561295881502
0.2916666666666667,0.2916666666666667,0.0,0.5778080129651392,0.3335976118253459,0.0,-0.0001,-3.147026501530105e-06
0.2916666666666667,0.375,0.0,0.5778080129651392,0.5242248185826863,0.0,-1.9971,-0.06284926626205772
0.2916666666666667,0.45833333333333337,0.0,0.5778080129651392,0.714852025340027,0.0,-3.1383,-0.09876313269751928
0.375,-0.45833333333333337,0.0,0.7428960166694646,-1.4773608523693889,0.0,-4.5463,-0.14307326583906316
0.375,-0.375,0.0,0.7428960166694646,-1.2867336456120482,0.0,-10.2578,-0.3228156844739551
0.375,-0.29166666666666674,0.0,0.7428960166694646,-1.096106438854708,0.0,-12.3125,-0.3874776380008942
0.375,-0.20833333333333337,0.0,0.7428960166694646,-0.9054792320973675,0.0,-6.4178,-0.20196986681519907
0.375,-0.125,0.0,0.7428960166694646,-0.7148520253400268,0.0,-3.0337,-0.0954713429769188
0.375,-0.04166666666666674,0.0,0.7428960166694646,-0.5242248185826865,0.0,-1.0225,-0.03217834597814532
0.375,0.041666666666666664,0.0,0.7428960166694646,-0.33359761182534586,0.0,0.9664,0.030412864110786936
0.375,0.125,0.0,0.7428960166694646,-0.14297040506800535,0.0,3.0086,0.09468143932503474
0.375,0.20833333333333331,0.0,0.7428960166694646,0.047656801689335115,0.0,3.5765,0.1125534028272242
0.375,0.2916666666666667,0.0,0.7428960166694646,0.23828400844667574,0.0,1.997,0.0628461192355562
0.375,0.375,0.0,0.7428960166694646,0.4289112152040161,0.0,0.0001,3.147026501530105e-06
0.375,0.45833333333333337,0.0,0.7428960166694646,0.6195384219613568,0.0,-1.9823,-0.062383506339831266
0.45833333333333337,-0.45833333333333337,0.0,0.9079840203737901,-1.5726744557480594,0.0,-2.5136,-0.07910365814246072
0.45833333333333337,-0.375,0.0,0.9079840203737901,-1.3820472489907187,0.0,-4.5464,-0.1430764128655647
0.45833333333333337,-0.29166666666666674,0.0,0.9079840203737901,-1.1914200422333785,0.0,-5.7679,-0.18151734158175492
0.45833333333333337,-0.20833333333333337,0.0,0.9079840203737901,-1.0007928354760378,0.0,-5.033,-0.15838984382201018
0.45833333333333337,-0.125,0.0,0.9079840203737901,-0.8101656287186971,0.0,-3.3472,-0.10533727105921567
0.45833333333333337,-0.04166666666666674,0.0,0.9079840203737901,-0.6195384219613569,0.0,-1.2478,-0.03926859668609265
0.45833333333333337,0.041666666666666664,0.0,0.9079840203737901,-0.4289112152040162,0.0,1.0301,0.03241751999226161
0.45833333333333337,0.125,0.0,0.9079840203737901,-0.2382840084466757,0.0,2.6121,0.08220347924646787
0.45833333333333337,0.20833333333333331,0.0,0.9079840203737901,-0.047656801689335226,0.0,3.4329,0.10803427277102698
0.45833333333333337,0.2916666666666667,0.0,0.9079840203737901,0.1429704050680054,0.0,3.1383,0.09876313269751928
0.45833333333333337,0.375,0.0,0.9079840203737901,0.33359761182534575,0.0,1.9824,0.0623866533663328
0.45833333333333337,0.45833333333333337,0.0,0.9079840203737901,0.5242248185826864,0.0,-0.0001,-3.147026501530105e-06
