# aggregation=ARCHIVED_NATIVE_POINT_ROWS; no synthetic native integral
k_index,k1,k2,k3,kx_A-1,ky_A-1,kz_A-1,k_distance_A-1,omega_plus_yz_A2,omega_minus_yz_A2,omega_parent_yz_A2,omega_plus_zx_A2,omega_minus_zx_A2,omega_parent_zx_A2,omega_plus_xy_A2,omega_minus_xy_A2,omega_parent_xy_A2,parent_projected_plus_yz_A2,parent_projected_minus_yz_A2,parent_projected_plus_zx_A2,parent_projected_minus_zx_A2,parent_projected_plus_xy_A2,parent_projected_minus_xy_A2,spin_mixing_plus_yz_A2,spin_mixing_minus_yz_A2,spin_mixing_plus_zx_A2,spin_mixing_minus_zx_A2,spin_mixing_plus_xy_A2,spin_mixing_minus_xy_A2,rank_plus,rank_minus,external_energy_gap_eV,min_abs_spin_eigenvalue,min_gram_eigenvalue,gram_condition,selected_energy_min_eV,selected_energy_max_eV,source_chunk
1, 0.0000000000000000E+000, 0.0000000000000000E+000, 0.0000000000000000E+000, 0.0000000000000000E+000, 0.0000000000000000E+000, 0.0000000000000000E+000, 0.0000000000000000E+000, 6.4025415171435835E-003,-6.5240394994159285E-003,-1.2149798227234498E-004, 3.6283421400193907E-003,-3.7347316012654721E-003,-1.0638946124608140E-004,-1.1331797067974025E+004, 1.1331796995579927E+004,-7.2394097514916211E-005, 6.4025415171435895E-003,-6.5240394994159345E-003, 3.6283421400193916E-003,-3.7347316012654730E-003,-1.1331797067974025E+004, 1.1331796995579927E+004,-5.9770840092704858E-018, 5.9770839340074778E-018,-7.1811992126804658E-019, 7.1812004626027924E-019,-8.6369229812102455E-018, 8.6369232715555507E-018,1,1, 4.7428112117305687E-002, 6.1202945866481084E-001, 1.2482241074017963E+000, 1.0000000150296229E+000,-1.4150530846900033E+000,-1.4150530831429031E+000,0
2, 3.3333333333333331E-001, 0.0000000000000000E+000, 0.0000000000000000E+000, 4.7720902826866501E-001,-2.7551676093063343E-001, 0.0000000000000000E+000, 5.5103352186126686E-001, 5.5425607171455429E+000,-5.5425606985795506E+000, 1.8565992299102163E-008,-3.1999940362367751E+000, 3.1999939548432987E+000,-8.1393476403235354E-008,-1.0978662031419049E+001, 1.0978661927600312E+001,-1.0381873760678673E-007, 4.6097709430495142E+000,-4.6097709244835219E+000,-2.6614480870813568E+000, 2.6614480056878804E+000,-7.1144625703053546E+000, 7.1144624664866170E+000, 9.3278977409602837E-001,-9.3278977409602837E-001,-5.3854594915541820E-001, 5.3854594915541820E-001,-3.8641994611136949E+000, 3.8641994611136949E+000,1,1, 1.2409343137439581E+000, 5.3826363060985039E-001, 1.1508565418345382E+000, 1.0000000134662301E+000,-2.1733449843837134E+000,-2.1733449540689920E+000,0
3,-3.3333333333333343E-001, 0.0000000000000000E+000, 0.0000000000000000E+000,-4.7720902826866518E-001, 2.7551676093063354E-001, 0.0000000000000000E+000, 1.6531005655838009E+000, 5.5425607526759695E+000,-5.5425606618502004E+000, 9.0825769127889089E-008,-3.1999940668469327E+000, 3.1999938547470346E+000,-2.1209989808923524E-007,-1.0978662130433500E+001, 1.0978662045033659E+001,-8.5399842753020039E-008, 4.6097709862932286E+000,-4.6097708954674594E+000,-2.6614481265405256E+000, 2.6614479144406276E+000,-7.1144626256256229E+000, 7.1144625402257802E+000, 9.3278976638274103E-001,-9.3278976638274103E-001,-5.3854594030640712E-001, 5.3854594030640712E-001,-3.8641995048078779E+000, 3.8641995048078779E+000,1,1, 1.2409343137075575E+000, 5.3826363374231045E-001, 1.1508565477934913E+000, 1.0000000151941368E+000,-2.1733449844104094E+000,-2.1733449540248539E+000,0
4, 0.0000000000000000E+000, 1.6666666666666671E-001, 0.0000000000000000E+000, 0.0000000000000000E+000, 2.7551676093063354E-001, 0.0000000000000000E+000, 2.1303095938524663E+000,-3.7358837493801648E-005, 3.7356080497614745E-005,-2.7569961869033932E-009, 1.5069479913616568E+001,-1.5069479845009173E+001, 6.8607393544084516E-008, 1.4312314832157371E+001,-1.4312315127098353E+001,-2.9494098185978146E-007,-7.5652122485531104E-006, 7.5624552523662070E-006, 7.5235784934481238E+000,-7.5235784248407302E+000,-5.2503331626190661E+000, 5.2503328676780843E+000,-2.9793625245248538E-005, 2.9793625245248538E-005, 7.5459014201684438E+000,-7.5459014201684438E+000, 1.9562647994776437E+001,-1.9562647994776437E+001,1,1, 1.0285888344936995E+000, 3.3480501290579617E-001, 1.1387660281998973E+000, 1.0000000081998641E+000,-1.6045468352422385E+000,-1.6045468039742770E+000,0
5, 3.3333333333333331E-001, 1.6666666666666671E-001, 0.0000000000000000E+000, 4.7720902826866501E-001, 1.1102230246251565E-016, 0.0000000000000000E+000, 2.6813431157137333E+000, 1.1482431036568728E-005,-1.1553600951138047E-005,-7.1169914569318982E-008,-2.5348530712592299E-001, 2.5348527926056008E-001,-2.7865362905998836E-008, 1.7225734738746987E+000,-1.7225735353021827E+000,-6.1427484210341277E-008, 5.8131123142658725E-006,-5.8842822288351915E-006,-1.0714342966566934E-001, 1.0714340180030643E-001, 1.1718164738371599E+000,-1.1718165352646441E+000, 5.6693187223028550E-006,-5.6693187223028550E-006,-1.4634187746025368E-001, 1.4634187746025368E-001, 5.5075700003753869E-001,-5.5075700003753869E-001,1,1, 1.2946517962270860E+000, 6.5860224325253192E-001, 1.1556614528586977E+000, 1.0000000155725819E+000,-2.1909982452373802E+000,-2.1909982351379256E+000,0
6,-3.3333333333333343E-001, 1.6666666666666671E-001, 0.0000000000000000E+000,-4.7720902826866518E-001, 5.5103352186126708E-001, 0.0000000000000000E+000, 3.7834101594362672E+000, 4.5648330202085041E-001,-4.5648325808028534E-001, 4.3940565075395455E-008,-5.3454860851633035E-001, 5.3454858446225040E-001,-2.4054079950097673E-008, 4.6910609806679493E-002,-4.6910492085158406E-002, 1.1772152108679990E-007, 3.9968640795688237E-001,-3.9968636401631730E-001,-5.2862045444699279E-001, 5.2862043039291284E-001,-7.2517545784877857E-001, 7.2517557557029966E-001, 5.6796894063968061E-002,-5.6796894063968061E-002,-5.9281540693375033E-003, 5.9281540693375033E-003, 7.7208606765545806E-001,-7.7208606765545806E-001,1,1, 1.2073621784465853E+000, 7.5379236595779942E-001, 1.1518546471698423E+000, 1.0000000153170456E+000,-2.7726262785929947E+000,-2.7726262654412004E+000,0
7, 0.0000000000000000E+000, 3.3333333333333331E-001, 0.0000000000000000E+000, 0.0000000000000000E+000, 5.5103352186126686E-001, 0.0000000000000000E+000, 4.2606191877049326E+000, 4.2785601058540451E-006,-4.1916752348587218E-006, 8.6884870995323354E-008, 6.3999953537804650E+000,-6.3999955261111818E+000,-1.7233071680777812E-007,-1.0978661910540710E+001, 1.0978662002506290E+001, 9.1965579152031296E-008, 3.8571143400542574E-006,-3.7702294690589340E-006, 5.3229026823433081E+000,-5.3229028546740249E+000,-7.1144624611254015E+000, 7.1144625530909806E+000, 4.2144576579978751E-007,-4.2144576579978751E-007, 1.0770926714371567E+000,-1.0770926714371567E+000,-3.8641994494153091E+000, 3.8641994494153091E+000,1,1, 1.2409343137928355E+000, 5.3826363563056989E-001, 1.1508565421049084E+000, 1.0000000148791288E+000,-2.1733449843615009E+000,-2.1733449540321228E+000,0
8, 3.3333333333333331E-001, 3.3333333333333331E-001, 0.0000000000000000E+000, 4.7720902826866501E-001, 2.7551676093063343E-001, 0.0000000000000000E+000, 4.8116527095661992E+000,-5.5425615367521797E+000, 5.5425615262621397E+000,-1.0490039947796959E-008,-3.1999993450493625E+000, 3.1999994740057001E+000, 1.2895633760834357E-007,-1.0978681378622152E+001, 1.0978681408072845E+001, 2.9450692551336033E-008,-4.6097837257791490E+000, 4.6097837152891090E+000,-2.6614598369143785E+000, 2.6614599658707161E+000,-7.1144569191204843E+000, 7.1144569485711768E+000,-9.3277781097303036E-001, 9.3277781097303036E-001,-5.3853950813498386E-001, 5.3853950813498386E-001,-3.8642244595016679E+000, 3.8642244595016679E+000,1,1, 1.2409345810132812E+000, 5.3826279674510236E-001, 1.1508566907668498E+000, 1.0000000129528093E+000,-2.1733457421415174E+000,-2.1733457112931136E+000,0
9,-3.3333333333333343E-001, 3.3333333333333331E-001, 0.0000000000000000E+000,-4.7720902826866518E-001, 8.2655028279190046E-001, 0.0000000000000000E+000, 5.9137197532887331E+000, 1.9496562598728347E-005,-1.9965884157977012E-005,-4.6932155924861419E-007, 1.1142025103939145E-005,-1.1364363908836101E-005,-2.2233880489703258E-007,-2.3019127951831386E+001, 2.3019127483462384E+001,-4.6836900224889177E-007, 1.8773688309179027E-005,-1.9243009868427641E-005, 1.0731459922644717E-005,-1.0953798727541750E-005,-2.3650678114947599E+001, 2.3650677646578597E+001, 7.2287428954931972E-007,-7.2287428954937044E-007, 4.1056518129442716E-007,-4.1056518129435098E-007, 6.3155016311621404E-001,-6.3155016311621404E-001,1,1, 7.2622276261754948E-001, 8.3215185586811369E-001, 1.1475261440593854E+000, 1.0000000082238032E+000,-3.1791525913525129E+000,-3.1791525912289815E+000,0
10, 0.0000000000000000E+000, 5.0000000000000000E-001, 0.0000000000000000E+000, 0.0000000000000000E+000, 8.2655028279190035E-001, 0.0000000000000000E+000, 6.3909287815573981E+000, 1.8958397381800318E-006,-1.8777875284217471E-006, 1.8052209758284699E-008, 3.3242517542495622E+000,-3.3242518106254031E+000,-5.6375840884470563E-008,-1.4567569563078655E+000, 1.4567569976439672E+000, 4.1336101652689194E-008, 1.8958397381800551E-006,-1.8777875284217704E-006, 3.3242517542495622E+000,-3.3242518106254031E+000,-1.4567569563078655E+000, 1.4567569976439672E+000,-2.3282872729460751E-020, 2.3282872729460751E-020,-4.0068091367222574E-020, 4.0068091367222574E-020,-1.0352301988035689E-019, 1.0352301988035689E-019,1,1, 1.3375862458804435E+000, 6.5351188591666798E-001, 1.1384254484194221E+000, 1.0000000198297274E+000,-2.4979191665128422E+000,-2.4979191317931178E+000,0
11, 3.3333333333333331E-001, 5.0000000000000000E-001, 0.0000000000000000E+000, 4.7720902826866501E-001, 5.5103352186126697E-001, 0.0000000000000000E+000, 6.9419623034186646E+000,-4.5647523946719265E-001, 4.5647525633365804E-001, 1.6866465391007779E-008,-5.3455141176137044E-001, 5.3455139061175605E-001,-2.1149614393145555E-008, 4.6897187368036497E-002,-4.6897328711637654E-002,-1.4134360115658495E-007,-3.9967987639819330E-001, 3.9967989326465869E-001,-5.2862513587883619E-001, 5.2862511472922180E-001,-7.2518301546933239E-001, 7.2518287412573124E-001,-5.6795363068999356E-002, 5.6795363068999356E-002,-5.9262758825342418E-003, 5.9262758825342392E-003, 7.7208020283736889E-001,-7.7208020283736889E-001,1,1, 1.2073619308628021E+000, 7.5379254131914486E-001, 1.1518550722933747E+000, 1.0000000115500334E+000,-2.7726260455598766E+000,-2.7726260326509666E+000,0
12,-3.3333333333333343E-001, 5.0000000000000000E-001, 0.0000000000000000E+000,-4.7720902826866518E-001, 1.1020670437225339E+000, 0.0000000000000000E+000, 8.0440293471411977E+000,-4.5647522949448244E-001, 4.5647529225776923E-001, 6.2763286790001871E-008,-5.3455117366899307E-001, 5.3455150237568694E-001, 3.2870669386397822E-007, 4.6897360507883290E-002,-4.6897407895523546E-002,-4.7387640256246755E-008,-3.9967986698804331E-001, 3.9967992975133010E-001,-5.2862493431697266E-001, 5.2862526302366653E-001,-7.2518286902792806E-001, 7.2518282164028780E-001,-5.6795362506439150E-002, 5.6795362506439150E-002,-5.9262393520203953E-003, 5.9262393520203953E-003, 7.7208022953581135E-001,-7.7208022953581135E-001,1,1, 1.2073619308787684E+000, 7.5379253772581190E-001, 1.1518550722711327E+000, 1.0000000180267659E+000,-2.7726260455563101E+000,-2.7726260326895522E+000,0
13, 0.0000000000000000E+000,-3.3333333333333343E-001, 0.0000000000000000E+000, 0.0000000000000000E+000,-5.5103352186126708E-001, 0.0000000000000000E+000, 9.7646309676782135E+000, 4.3585903229902564E-006,-4.2962193445653017E-006, 6.2370978424954732E-008, 6.3999954341013465E+000,-6.3999956480332623E+000,-2.1393191573793047E-007,-1.0978661972128942E+001, 1.0978661995320989E+001, 2.3192047393649773E-008, 3.8868317162213221E-006,-3.8244607377963674E-006, 5.3229028149084892E+000,-5.3229030288404049E+000,-7.1144625778592490E+000, 7.1144626010512964E+000, 4.7175860676893408E-007,-4.7175860676893408E-007, 1.0770926191928574E+000,-1.0770926191928574E+000,-3.8641993942696922E+000, 3.8641993942696922E+000,1,1, 1.2409343137249174E+000, 5.3826364088647849E-001, 1.1508565415972574E+000, 1.0000000043738249E+000,-2.1733449844174624E+000,-2.1733449540208385E+000,0
14, 3.3333333333333331E-001,-3.3333333333333343E-001, 0.0000000000000000E+000, 4.7720902826866501E-001,-8.2655028279190046E-001, 0.0000000000000000E+000, 1.0315664489539481E+001, 1.9831430126518316E-005,-1.9939556539242361E-005,-1.0812641272405854E-007, 1.1696361610799689E-005,-1.1406870229690189E-005, 2.8949138110951830E-007,-2.3019128818621287E+001, 2.3019127711017898E+001,-1.1076033885615288E-006, 1.9113669753908385E-005,-1.9221796166632443E-005, 1.1283750257759084E-005,-1.0994258876649565E-005,-2.3650678997442022E+001, 2.3650677889838633E+001, 7.1776037260993039E-007,-7.1776037260991768E-007, 4.1261135304060461E-007,-4.1261135304062367E-007, 6.3155017882073661E-001,-6.3155017882073661E-001,1,1, 7.2622276262633356E-001, 8.3215185441140793E-001, 1.1475261376661039E+000, 1.0000000078378326E+000,-3.1791525913420360E+000,-3.1791525912141845E+000,0
15,-3.3333333333333343E-001,-3.3333333333333343E-001, 0.0000000000000000E+000,-4.7720902826866518E-001,-2.7551676093063354E-001, 0.0000000000000000E+000, 1.1417731533262014E+001,-5.5425614016548099E+000, 5.5425614381483079E+000, 3.6493498001277658E-008,-3.1999992835697260E+000, 3.1999993419614485E+000, 5.8391722568273963E-008,-1.0978681471775122E+001, 1.0978680922275514E+001,-5.4949960759387295E-007,-4.6097837024127779E+000, 4.6097837389062759E+000,-2.6614598485379957E+000, 2.6614599069297182E+000,-7.1144571250180633E+000, 7.1144565755184557E+000,-9.3277769924203235E-001, 9.3277769924203235E-001,-5.3853943503173041E-001, 5.3853943503173041E-001,-3.8642243467570578E+000, 3.8642243467570578E+000,1,1, 1.2409345810481387E+000, 5.3826279332338789E-001, 1.1508566952979211E+000, 1.0000000117080694E+000,-2.1733457421364131E+000,-2.1733457113058270E+000,0
16, 0.0000000000000000E+000,-1.6666666666666660E-001, 0.0000000000000000E+000, 0.0000000000000000E+000,-2.7551676093063332E-001, 0.0000000000000000E+000, 1.1894940561530680E+001,-3.7869351482064509E-005, 3.7914180796462738E-005, 4.4829314398229375E-008, 1.5069478689881784E+001,-1.5069478796688639E+001,-1.0680685313957383E-007, 1.4312314026530657E+001,-1.4312314115175294E+001,-8.8644637408208382E-008,-7.5719827019992553E-006, 7.6168120163974846E-006, 7.5235783635905413E+000,-7.5235784703973945E+000,-5.2503330701411466E+000, 5.2503329814965092E+000,-3.0297368780065257E-005, 3.0297368780065257E-005, 7.5459003262912434E+000,-7.5459003262912434E+000, 1.9562647096671803E+001,-1.9562647096671803E+001,1,1, 1.0285888344287599E+000, 3.3480502211794394E-001, 1.1387660321564244E+000, 1.0000000059813754E+000,-1.6045468352533074E+000,-1.6045468039505395E+000,0
17, 3.3333333333333331E-001,-1.6666666666666660E-001, 0.0000000000000000E+000, 4.7720902826866501E-001,-5.5103352186126675E-001, 0.0000000000000000E+000, 1.2445974083391947E+001, 4.5648325062890982E-001,-4.5648325684788127E-001,-6.2189714489235826E-009,-5.3454881772416352E-001, 5.3454878567614750E-001,-3.2048016018748626E-008, 4.6910488972181974E-002,-4.6910398929860264E-002, 9.0042321709837836E-008, 3.9968636073890962E-001,-3.9968636695788107E-001,-5.2862059472386036E-001, 5.2862056267584434E-001,-7.2517556177657339E-001, 7.2517565181889510E-001, 5.6796889890000195E-002,-5.6796889890000195E-002,-5.9282230003031141E-003, 5.9282230003031141E-003, 7.7208605074875536E-001,-7.7208605074875536E-001,1,1, 1.2073621784895527E+000, 7.5379236534019001E-001, 1.1518546701595156E+000, 1.0000000128871918E+000,-2.7726262785545295E+000,-2.7726262654296967E+000,0
18,-3.3333333333333343E-001,-1.6666666666666660E-001, 0.0000000000000000E+000,-4.7720902826866518E-001, 2.2204460492503131E-016, 0.0000000000000000E+000, 1.3548041127114480E+001, 1.1491435572773717E-005,-1.1532682258778831E-005,-4.1246686005114250E-008,-2.5348519715469703E-001, 2.5348525185767035E-001, 5.4702973331655080E-008, 1.7225734507824388E+000,-1.7225734753522532E+000,-2.4569814405239754E-008, 5.7844460597428508E-006,-5.8256927457479651E-006,-1.0714332424319557E-001, 1.0714337894616890E-001, 1.1718165032969952E+000,-1.1718165278668096E+000, 5.7069895130308669E-006,-5.7069895130308669E-006,-1.4634187291150147E-001, 1.4634187291150147E-001, 5.5075694748544368E-001,-5.5075694748544368E-001,1,1, 1.2946517962209021E+000, 6.5860224086657004E-001, 1.1556614493002637E+000, 1.0000000140617171E+000,-2.1909982452369809E+000,-2.1909982350970285E+000,0
1, 1.6666666666666671E-001, 0.0000000000000000E+000, 0.0000000000000000E+000, 2.3860451413433259E-001,-1.3775838046531677E-001, 0.0000000000000000E+000, 0.0000000000000000E+000, 1.3050533134362560E+001,-1.3050533119581008E+001, 1.4781552870601899E-008,-7.5347723195958478E+000, 7.5347723034911436E+000,-1.6104704236852285E-008, 1.4312315556048041E+001,-1.4312315583329628E+001,-2.7281587655636486E-008, 6.5156062748814536E+000,-6.5156062600999007E+000,-3.7617957703437210E+000, 3.7617957542390168E+000,-5.2503328402540994E+000, 5.2503328129725118E+000, 6.5349268594811063E+000,-6.5349268594811063E+000,-3.7729765492521268E+000, 3.7729765492521268E+000, 1.9562648396302141E+001,-1.9562648396302141E+001,1,1, 1.0285888344832594E+000, 3.3480501708531402E-001, 1.1387660208452675E+000, 1.0000000123058728E+000,-1.6045468352413792E+000,-1.6045468039368491E+000,1
2, 5.0000000000000000E-001, 0.0000000000000000E+000, 0.0000000000000000E+000, 7.1581354240299755E-001,-4.1327514139595017E-001, 0.0000000000000000E+000, 5.5103352186126675E-001, 2.8788874073925803E+000,-2.8788875498322790E+000,-1.4243969870264550E-007,-1.6621242171144885E+000, 1.6621242602622328E+000, 4.3147744266391896E-008,-1.4567570270380592E+000, 1.4567570432178578E+000, 1.6179798612014906E-008, 2.8788874073925803E+000,-2.8788875498322790E+000,-1.6621242171144885E+000, 1.6621242602622328E+000,-1.4567570270380592E+000, 1.4567570432178578E+000,-3.0775939941288826E-019, 3.0775939941288826E-019, 3.8876526212696222E-019,-3.8876526212696222E-019, 3.5900592451647411E-019,-3.5900592451647411E-019,1,1, 1.3375862458426133E+000, 6.5351189308085977E-001, 1.1384254571331200E+000, 1.0000000086762997E+000,-2.4979191665680274E+000,-2.4979191317589962E+000,1
3,-1.6666666666666660E-001, 0.0000000000000000E+000, 0.0000000000000000E+000,-2.3860451413433242E-001, 1.3775838046531666E-001, 0.0000000000000000E+000, 1.6531005655838005E+000, 1.3050531741955194E+001,-1.3050531862263934E+001,-1.2030874252388912E-007,-7.5347716794390820E+000, 7.5347717612372520E+000, 8.1798169571101198E-008, 1.4312314526989471E+001,-1.4312314212217156E+001, 3.1477231399179573E-007, 6.5156060601125469E+000,-6.5156061804212895E+000,-3.7617957608625541E+000, 3.7617958426607236E+000,-5.2503327851307233E+000, 5.2503330999030373E+000, 6.5349256818426458E+000,-6.5349256818426458E+000,-3.7729759185765284E+000, 3.7729759185765284E+000, 1.9562647312120195E+001,-1.9562647312120195E+001,1,1, 1.0285888344715679E+000, 3.3480502538497259E-001, 1.1387660229027650E+000, 1.0000000156125906E+000,-1.6045468352156873E+000,-1.6045468039281068E+000,1
4, 1.6666666666666671E-001, 1.6666666666666671E-001, 0.0000000000000000E+000, 2.3860451413433259E-001, 1.3775838046531677E-001, 0.0000000000000000E+000, 2.1303095938524654E+000,-1.3050682363563791E+001, 1.3050681939952796E+001,-4.2361099517052025E-007,-7.5348149932725139E+000, 7.5348148520853844E+000,-1.4118712998723026E-007, 1.4312554247508801E+001,-1.4312554119228061E+001, 1.2828073980841737E-007,-6.5156696162563970E+000, 6.5156691926454018E+000,-3.7618234931152852E+000, 3.7618233519281552E+000,-5.2504200968815393E+000, 5.2504202251622791E+000,-6.5350127473073947E+000, 6.5350127473073947E+000,-3.7729915001572292E+000, 3.7729915001572292E+000, 1.9562974344390341E+001,-1.9562974344390341E+001,1,1, 1.0285852987775552E+000, 3.3480240053347826E-001, 1.1387660271622935E+000, 1.0000000057507248E+000,-1.6045503091909170E+000,-1.6045502779094114E+000,1
5, 5.0000000000000000E-001, 1.6666666666666671E-001, 0.0000000000000000E+000, 7.1581354240299755E-001,-1.3775838046531663E-001, 0.0000000000000000E+000, 2.6813431157137320E+000, 6.9119333383546233E-001,-6.9119336607393733E-001,-3.2238475000667677E-008,-1.2803967796478297E-001, 1.2803967238868150E-001,-5.5761014694510891E-009, 4.6890181098108830E-002,-4.6890233499900069E-002,-5.2401791239553575E-008, 6.5765545473672971E-001,-6.5765548697520471E-001,-8.1818968001287420E-002, 8.1818962425185951E-002,-7.2519761715100628E-001, 7.2519756474921504E-001, 3.3537879098732640E-002,-3.3537879098732647E-002,-4.6220709963495546E-002, 4.6220709963495539E-002, 7.7208779824911511E-001,-7.7208779824911511E-001,1,1, 1.2073590747566119E+000, 7.5379205709684216E-001, 1.1518548473473897E+000, 1.0000000100042137E+000,-2.7726274324739970E+000,-2.7726274202992407E+000,1
6,-1.6666666666666660E-001, 1.6666666666666671E-001, 0.0000000000000000E+000,-2.3860451413433242E-001, 4.1327514139595023E-001, 0.0000000000000000E+000, 3.7834101594362659E+000, 2.1953460682274234E-001,-2.1953457169223500E-001, 3.5130507392011623E-008, 1.2674829830415243E-001,-1.2674846484299163E-001,-1.6653883919137691E-007, 1.7226185778403860E+000,-1.7226185122348718E+000, 6.5605514132371923E-008, 9.2793374646537211E-002,-9.2793339516029819E-002, 5.3574207657094593E-002,-5.3574374195933784E-002, 1.1718382978449697E+000,-1.1718382322394556E+000, 1.2674123217620512E-001,-1.2674123217620517E-001, 7.3174090647057835E-002,-7.3174090647057835E-002, 5.5078027999541623E-001,-5.5078027999541623E-001,1,1, 1.2946526987557814E+000, 6.5860162652263299E-001, 1.1556611753496147E+000, 1.0000000127236786E+000,-2.1909956541335136E+000,-2.1909956432564304E+000,1
7, 1.6666666666666671E-001, 3.3333333333333331E-001, 0.0000000000000000E+000, 2.3860451413433259E-001, 4.1327514139595012E-001, 0.0000000000000000E+000, 4.2606191877049309E+000,-2.1951885051406483E-001, 2.1951905787572948E-001, 2.0736166464474515E-007, 1.2675261114938829E-001,-1.2675255719849393E-001, 5.3950894349230616E-008, 1.7225735153885622E+000,-1.7225735266721969E+000,-1.1283634693270983E-008,-9.2785894272752578E-002, 9.2786101634417223E-002, 5.3576740949658988E-002,-5.3576686998764639E-002, 1.1718165345952156E+000,-1.1718165458788503E+000,-1.2673295624131226E-001, 1.2673295624131226E-001, 7.3175870199729293E-002,-7.3175870199729293E-002, 5.5075698079334656E-001,-5.5075698079334656E-001,1,1, 1.2946517962942727E+000, 6.5860223937625240E-001, 1.1556614463324331E+000, 1.0000000081403597E+000,-2.1909982451980010E+000,-2.1909982351037662E+000,1
8, 5.0000000000000000E-001, 3.3333333333333331E-001, 0.0000000000000000E+000, 7.1581354240299755E-001, 1.3775838046531669E-001, 0.0000000000000000E+000, 4.8116527095661974E+000,-6.9117269619961930E-001, 6.9117260472329545E-001,-9.1476323849093433E-008,-1.2804346831040653E-001, 1.2804352527452800E-001, 5.6964121475377993E-008, 4.6897299214807564E-002,-4.6897171260768311E-002, 1.2795403925291993E-007,-6.5764276597828508E-001, 6.5764267450196123E-001,-8.1820367410011585E-002, 8.1820424374133061E-002,-7.2518289448378193E-001, 7.2518302243782118E-001,-3.3529930221334249E-002, 3.3529930221334249E-002,-4.6223100900394956E-002, 4.6223100900394956E-002, 7.7208019369858949E-001,-7.7208019369858949E-001,1,1, 1.2073619309017793E+000, 7.5379254613763436E-001, 1.1518550637890266E+000, 1.0000000106242808E+000,-2.7726260455623537E+000,-2.7726260326777084E+000,1
9,-1.6666666666666660E-001, 3.3333333333333331E-001, 0.0000000000000000E+000,-2.3860451413433242E-001, 6.8879190232658349E-001, 0.0000000000000000E+000, 5.9137197532887313E+000,-2.3469132379534985E-001, 2.3469124113330020E-001,-8.2662049649684377E-008, 6.6260058868730154E-001,-6.6260057224443114E-001, 1.6442870398591936E-008, 4.6910227251010461E-002,-4.6910267550191898E-002,-4.0299181436331821E-008,-2.5795579120086654E-001, 2.5795570853881689E-001, 6.1044892366986370E-001,-6.1044890722699330E-001,-7.2517577462239302E-001, 7.2517573432321158E-001, 2.3264467405516694E-002,-2.3264467405516690E-002, 5.2151665017437870E-002,-5.2151665017437870E-002, 7.7208600187340348E-001,-7.7208600187340348E-001,1,1, 1.2073621785003192E+000, 7.5379236225128088E-001, 1.1518546583684957E+000, 1.0000000105234703E+000,-2.7726262785764382E+000,-2.7726262654084559E+000,1
10, 1.6666666666666671E-001, 5.0000000000000000E-001, 0.0000000000000000E+000, 2.3860451413433259E-001, 6.8879190232658360E-001, 0.0000000000000000E+000, 6.3909287815573963E+000, 2.3471114777386634E-001,-2.3471110271587470E-001, 4.5057991615582438E-008, 6.6261089228491687E-001,-6.6261086869311214E-001, 2.3591804731992738E-008, 4.6890109596344876E-002,-4.6890165880457357E-002,-5.6284112370796890E-008, 2.5797049076150230E-001,-2.5797044570351069E-001, 6.1045587395289469E-001,-6.1045585036108996E-001,-7.2519766179443945E-001, 7.2519760551032708E-001,-2.3259342987635972E-002, 2.3259342987635975E-002, 5.2155018332022206E-002,-5.2155018332022206E-002, 7.7208777139078433E-001,-7.7208777139078444E-001,1,1, 1.2073590747489673E+000, 7.5379205849420694E-001, 1.1518548433349243E+000, 1.0000000130102180E+000,-2.7726274324402853E+000,-2.7726274203116690E+000,1
11, 5.0000000000000000E-001, 5.0000000000000000E-001, 0.0000000000000000E+000, 7.1581354240299755E-001, 4.1327514139595017E-001, 0.0000000000000000E+000, 6.9419623034186628E+000,-2.8789029947593119E+000, 2.8789030370016420E+000, 4.2242330078323675E-008,-1.6621354038362535E+000, 1.6621354800454662E+000, 7.6209212718225672E-008,-1.4567464502474659E+000, 1.4567464129239147E+000,-3.7323551138612743E-008,-2.8789029947593119E+000, 2.8789030370016420E+000,-1.6621354038362535E+000, 1.6621354800454662E+000,-1.4567464502474659E+000, 1.4567464129239147E+000, 3.5157733880715179E-019,-3.5157733880715179E-019,-5.3422447174698856E-019, 5.3422447174698856E-019,-1.5195775716258101E-021, 1.5195775716258101E-021,1,1, 1.3375851376211703E+000, 6.5351029033443775E-001, 1.1384256405061117E+000, 1.0000000120527024E+000,-2.4979190606612418E+000,-2.4979190257336263E+000,1
12,-1.6666666666666660E-001, 5.0000000000000000E-001, 0.0000000000000000E+000,-2.3860451413433242E-001, 9.6430866325721698E-001, 0.0000000000000000E+000, 8.0440293471411959E+000, 2.3471113326273083E-001,-2.3471107304120944E-001, 6.0221521380743326E-008, 6.6261086728515362E-001,-6.6261089305615339E-001,-2.5770999778629289E-008, 4.6890120074098651E-002,-4.6890118233981815E-002, 1.8401168366821707E-009, 2.5797048648718357E-001,-2.5797042626566219E-001, 6.1045584672323860E-001,-6.1045587249423838E-001,-7.2519764493876238E-001, 7.2519764677887921E-001,-2.3259353224452748E-002, 2.3259353224452748E-002, 5.2155020561914983E-002,-5.2155020561914983E-002, 7.7208776501286103E-001,-7.7208776501286103E-001,1,1, 1.2073590747221128E+000, 7.5379205515093017E-001, 1.1518548485239399E+000, 1.0000000164428966E+000,-2.7726274324616100E+000,-2.7726274202961627E+000,1
13, 1.6666666666666671E-001,-3.3333333333333343E-001, 0.0000000000000000E+000, 2.3860451413433259E-001,-6.8879190232658383E-001, 0.0000000000000000E+000, 9.7646309676782117E+000,-2.3469132464967205E-001, 2.3469119368173272E-001,-1.3096793932687589E-007, 6.6260062327197033E-001,-6.6260050060844899E-001, 1.2266352134027159E-007, 4.6910261389034869E-002,-4.6910279122806320E-002,-1.7733771451311497E-008,-2.5795577832432642E-001, 2.5795564735638710E-001, 6.1044896230752788E-001,-6.1044883964400654E-001,-7.2517574291078279E-001, 7.2517572517701134E-001, 2.3264453674654368E-002,-2.3264453674654368E-002, 5.2151660964442452E-002,-5.2151660964442452E-002, 7.7208600429981766E-001,-7.7208600429981766E-001,1,1, 1.2073621784778013E+000, 7.5379236208115752E-001, 1.1518546561589276E+000, 1.0000000153787014E+000,-2.7726262785948803E+000,-2.7726262654254796E+000,1
14, 5.0000000000000000E-001,-3.3333333333333343E-001, 0.0000000000000000E+000, 7.1581354240299755E-001,-9.6430866325721731E-001, 0.0000000000000000E+000, 1.0315664489539479E+001,-6.9117283400625440E-001, 6.9117270696137212E-001,-1.2704488228099109E-007,-1.2804340902526185E-001, 1.2804345594269281E-001, 4.6917430968074214E-008, 4.6897295466799882E-002,-4.6897370555176066E-002,-7.5088376183529704E-008,-6.5764286112497816E-001, 6.5764273408009588E-001,-8.1820315608070945E-002, 8.1820362525501913E-002,-7.2518291465823537E-001, 7.2518283956985918E-001,-3.3529972881276217E-002, 3.3529972881276217E-002,-4.6223093417190907E-002, 4.6223093417190907E-002, 7.7208021012503525E-001,-7.7208021012503525E-001,1,1, 1.2073619308522980E+000, 7.5379254120771166E-001, 1.1518550609709024E+000, 1.0000000191318243E+000,-2.7726260455768559E+000,-2.7726260326520453E+000,1
15,-1.6666666666666660E-001,-3.3333333333333343E-001, 0.0000000000000000E+000,-2.3860451413433242E-001,-4.1327514139595045E-001, 0.0000000000000000E+000, 1.1417731533262012E+001,-2.1951881963710745E-001, 2.1951887812023804E-001, 5.8483130574438214E-008, 1.2675264643702103E-001,-1.2675260144298495E-001, 4.4994036080270305E-008, 1.7225733317723706E+000,-1.7225734007810996E+000,-6.9008728953434684E-008,-9.2785887495349204E-002, 9.2785945978479778E-002, 5.3576765176404605E-002,-5.3576720182368524E-002, 1.1718163672570112E+000,-1.1718164362657402E+000,-1.2673293214175826E-001, 1.2673293214175826E-001, 7.3175881260616429E-002,-7.3175881260616429E-002, 5.5075696451535949E-001,-5.5075696451535949E-001,1,1, 1.2946517962095427E+000, 6.5860224522407074E-001, 1.1556614486196601E+000, 1.0000000148677426E+000,-2.1909982452528625E+000,-2.1909982351364889E+000,1
16, 1.6666666666666671E-001,-1.6666666666666660E-001, 0.0000000000000000E+000, 2.3860451413433259E-001,-4.1327514139595012E-001, 0.0000000000000000E+000, 1.1894940561530678E+001, 2.1953464287417646E-001,-2.1953459454885779E-001, 4.8325318663389183E-008, 1.2674828508826341E-001,-1.2674834311831573E-001,-5.8030052312030289E-008, 1.7226187506246338E+000,-1.7226185757305035E+000, 1.7489413051130498E-007, 9.2793408565135099E-002,-9.2793360239816436E-002, 5.3574197568842817E-002,-5.3574255598895129E-002, 1.1718384429891842E+000,-1.1718382680950536E+000, 1.2674123430904136E-001,-1.2674123430904136E-001, 7.3174087519420603E-002,-7.3174087519420603E-002, 5.5078030763544972E-001,-5.5078030763544972E-001,1,1, 1.2946526987360079E+000, 6.5860161963673902E-001, 1.1556611682444566E+000, 1.0000000224509500E+000,-2.1909956541271098E+000,-2.1909956432944666E+000,1
17, 5.0000000000000000E-001,-1.6666666666666660E-001, 0.0000000000000000E+000, 7.1581354240299755E-001,-6.8879190232658349E-001, 0.0000000000000000E+000, 1.2445974083391945E+001, 6.9119337057185237E-001,-6.9119356770056517E-001,-1.9712871279775612E-007,-1.2803969457513387E-001, 1.2803958226481804E-001,-1.1231031581127038E-007, 4.6890143455178057E-002,-4.6890183788842577E-002,-4.0333664519387469E-008, 6.5765547009618042E-001,-6.5765566722489321E-001,-8.1818999557157754E-002, 8.1818887246841943E-002,-7.2519762825765799E-001, 7.2519758792399347E-001, 3.3537900475671963E-002,-3.3537900475671963E-002,-4.6220695017976099E-002, 4.6220695017976099E-002, 7.7208777171283605E-001,-7.7208777171283605E-001,1,1, 1.2073590747877780E+000, 7.5379205640872537E-001, 1.1518548521775633E+000, 1.0000000033813119E+000,-2.7726274324386866E+000,-2.7726274202731496E+000,1
18,-1.6666666666666660E-001,-1.6666666666666660E-001, 0.0000000000000000E+000,-2.3860451413433242E-001,-1.3775838046531666E-001, 0.0000000000000000E+000, 1.3548041127114478E+001,-1.3050682318425375E+001, 1.3050682559506864E+001, 2.4108148899415482E-007,-7.5348147762790179E+000, 7.5348150348897072E+000, 2.5861068886356975E-007, 1.4312555252436930E+001,-1.4312555409973875E+001,-1.5753694526665640E-007,-6.5156691698129423E+000, 6.5156694108944313E+000,-3.7618233068891023E+000, 3.7618235654997911E+000,-5.2504199488540353E+000, 5.2504197913170900E+000,-6.5350131486124328E+000, 6.5350131486124328E+000,-3.7729914693899156E+000, 3.7729914693899156E+000, 1.9562975201290964E+001,-1.9562975201290964E+001,1,1, 1.0285852987669419E+000, 3.3480239864342271E-001, 1.1387660198059133E+000, 1.0000000136108560E+000,-1.6045503092045350E+000,-1.6045502779196554E+000,1
