map,band_first,band_last,band,cell_id,ix,iy,k0_index,k1_index,k2_index,k3_index,k0,k1,k2,k3,k0_frac_x,k0_frac_y,k0_frac_z,center_frac_x,center_frac_y,center_frac_z,q_center_frac_x,q_center_frac_y,q_center_frac_z,q1,q2,q3,energy1_ev,energy2_ev,energy3_ev,energy4_ev,energy_above1_ev,energy_above2_ev,energy_above3_ev,energy_above4_ev,e0_eV,e1_eV,e2_eV,e3_eV,min_gap_below_ev,min_gap_above_ev,gap_below1_ev,gap_below2_ev,gap_below3_ev,gap_below4_ev,gap_above1_ev,gap_above2_ev,gap_above3_ev,gap_above4_ev,subspace_min_gap_above_ev,fukui_flux_rad,phi_rad,plaquette_area_inv_ang2,dS_A-2,berry_curvature_ang2,omega_ang2,omega_A2,neighbor_gap_below_ev,neighbor_gap_above_ev,link1_logabs_det,link2_logabs_det,link3_logabs_det,link4_logabs_det,link1_abs_det,link2_abs_det,link3_abs_det,link4_abs_det,link1_min_sv,link2_min_sv,link3_min_sv,link4_min_sv,link1_max_sv,link2_max_sv,link3_max_sv,link4_max_sv,min_link_sv,min_pw_coverage,link_quality_min_sv
occupied,1,123,124,1,0,0,1,2,8,7,1,2,8,7,0.0,0.0,0.0,0.08333333333333333,0.08333333333333333,0.0,0.08333333333333333,0.08333333333333333,0.0,0.08333333333333333,0.08333333333333333,0.0,3.2705369926804835,3.702189879040837,4.13880588137121,3.702189791320856,3.2847196747911287,3.7112520839363405,4.152521007492888,3.711252142172563,3.2705369926804835,3.702189879040837,4.13880588137121,3.702189791320856,0.0171013822199102,0.009062204895503356,0.0171013822199102,0.7263654349018873,1.1800104644852447,0.7263652778140148,0.014182682110645217,0.009062204895503356,0.013715126121677912,0.009062350851706924,0.0171013822199102,-1.1284433920402934,-1.1284433920402934,0.06735162170243317,0.06735162170243317,-16.75450959482282,-16.75450959482282,-16.75450959482282,0.0171013822199102,0.009062204895503356,-6.154534974376664,-0.9048784350769008,-0.9048756397257021,-6.154534873154528,0.002123828390336577,0.40459106619545904,0.4045921971711617,0.0021238286053150333,0.30478119390555025,0.33086926984366766,0.33086931187766194,0.3047811222009792,1.6663047926863692,1.648694014391376,1.6486939268859755,1.6663047587379711,0.3047811222009792,0.9737266651302143,0.3047811222009792
occupied,1,123,124,2,1,0,2,3,9,8,2,3,9,8,0.1666666666666667,0.0,0.0,0.25000000000000006,0.08333333333333333,0.0,0.25000000000000006,0.08333333333333333,0.0,0.25000000000000006,0.08333333333333333,0.0,3.702189879040837,3.9990449524738216,4.194015476380996,4.13880588137121,3.7112520839363405,4.041757735799349,4.235791792310081,4.152521007492888,3.702189879040837,3.9990449524738216,4.194015476380996,4.13880588137121,0.7263654349018873,0.009062204895503356,0.7263654349018873,1.1996929097332147,1.4447062358343556,1.1800104644852447,0.009062204895503356,0.042712783325527415,0.04177631592908515,0.013715126121677912,0.7263654349018873,0.026640671807927063,0.026640671807927063,0.06735162170243317,0.06735162170243317,0.39554610764427417,0.39554610764427417,0.39554610764427417,0.7263654349018873,0.009062204895503356,1.9877215737562772,-0.4994930752435609,1.672915023280474,-0.9048784350769008,7.298884832080825,0.6068382030636644,5.327675481629132,0.40459106619545904,0.3363852596733027,0.3264131053760393,0.33043541399812276,0.33086926984366766,1.6499884785798797,1.6305859900466808,1.6352331045588095,1.648694014391376,0.3264131053760393,0.9714745801702324,0.3264131053760393
occupied,1,123,124,3,2,0,3,4,10,9,3,4,10,9,0.3333333333333333,0.0,0.0,0.41666666666666663,0.08333333333333333,0.0,0.41666666666666663,0.08333333333333333,0.0,0.41666666666666663,0.08333333333333333,0.0,3.9990449524738216,3.85083768211794,4.194018416909733,4.194015476380996,4.041757735799349,3.8665716379640767,4.2357959357191515,4.235791792310081,3.9990449524738216,3.85083768211794,4.194018416909733,4.194015476380996,1.1537801123810763,0.01573395584613646,1.1996929097332147,1.1537801123810763,1.4447097100409714,1.4447062358343556,0.042712783325527415,0.01573395584613646,0.04177751880941827,0.04177631592908515,1.1537801123810763,0.015352572275860732,0.015352572275860732,0.06735162170243317,0.06735162170243317,0.2279465867012093,0.2279465867012093,0.2279465867012093,1.1537801123810763,0.01573395584613646,2.448822913329612,-0.5619123326567703,2.3859904069099556,-0.4994930752435609,11.574714255637964,0.5701177658971037,10.869822883237218,0.6068382030636644,0.3301148778659933,0.32799523246758594,0.3304537128092222,0.3264131053760393,1.635974515597874,1.6259484004071076,1.6346695433875391,1.6305859900466808,0.3264131053760393,0.9715204409738172,0.3264131053760393
occupied,1,123,124,4,3,0,4,5,11,10,4,5,11,10,0.5,0.0,0.0,0.5833333333333334,0.08333333333333333,0.0,0.5833333333333334,0.08333333333333333,0.0,0.5833333333333334,0.08333333333333333,0.0,3.85083768211794,3.999044799837627,4.138807349047544,4.194018416909733,3.8665716379640767,4.0417578619741885,4.152522575538549,4.2357959357191515,3.85083768211794,3.999044799837627,4.138807349047544,4.194018416909733,1.1537801123810763,0.013715226491004984,1.1537801123810763,1.1996923716538612,1.180012941366277,1.4447097100409714,0.01573395584613646,0.042713062136561675,0.013715226491004984,0.04177751880941827,1.1537801123810763,0.025720404973979673,0.025720404973979673,0.06735162170243317,0.06735162170243317,0.3818824895949089,0.3818824895949089,0.3818824895949089,1.1537801123810763,0.013715226491004984,2.448822978258255,-1.4985333724209975,1.6729074315639463,-0.5619123326567703,11.574715007168477,0.2234576490884641,5.327635035580652,0.5701177658971037,0.33011485904404575,0.32694138324954497,0.3304369460532291,0.32799523246758594,1.635974549119692,1.6310012212830922,1.6352332801800398,1.6259484004071076,0.32694138324954497,0.9715204409738172,0.32694138324954497
occupied,1,123,124,5,4,0,5,6,12,11,5,6,12,11,-0.3333333333333334,0.0,0.0,-0.2500000000000001,0.08333333333333333,0.0,-0.2500000000000001,0.08333333333333333,0.0,-0.2500000000000001,0.08333333333333333,0.0,3.999044799837627,3.702191344285133,3.702187610078371,4.138807349047544,4.0417578619741885,3.711252522302878,3.71125271456347,4.152522575538549,3.999044799837627,3.702191344285133,3.702187610078371,4.138807349047544,0.7263651018267119,0.009061178017744975,1.1996923716538612,0.7263658711794152,0.7263651018267119,1.180012941366277,0.042713062136561675,0.009061178017744975,0.00906510448509934,0.013715226491004984,0.7263651018267119,-0.08552363775914705,-0.08552363775914705,0.06735162170243317,0.06735162170243317,-1.2698081441453606,-1.2698081441453606,-1.2698081441453606,0.7263651018267119,0.009061178017744975,1.9877204740323369,-5.739265492845895,-0.9048795113572303,-1.4985333724209975,7.2988768053268505,0.003217130413001192,0.40459063074228735,0.2234576490884641,0.3363851617911045,0.3071923736893206,0.33086780105622343,0.32694138324954497,1.6499885116595299,1.6523496235453725,1.6486939432660093,1.6310012212830922,0.3071923736893206,0.9714745801702324,0.3071923736893206
occupied,1,123,124,6,5,0,6,1,7,12,6,1,7,12,-0.1666666666666666,0.0,0.0,-0.08333333333333327,0.08333333333333333,0.0,-0.08333333333333327,0.08333333333333333,0.0,-0.08333333333333327,0.08333333333333333,0.0,3.702191344285133,3.2705369926804835,3.702189791320856,3.702187610078371,3.711252522302878,3.2847196747911287,3.711252142172563,3.71125271456347,3.702191344285133,3.2705369926804835,3.702189791320856,3.702187610078371,0.0171013822199102,0.009061178017744975,0.7263658711794152,0.0171013822199102,0.7263652778140148,0.7263651018267119,0.009061178017744975,0.014182682110645217,0.009062350851706924,0.00906510448509934,0.0171013822199102,-2.060179223973302,-2.060179223973302,0.06735162170243317,0.06735162170243317,-30.588413046316823,-30.588413046316823,-30.588413046316823,0.0171013822199102,0.009061178017744975,-6.154530586964071,-6.154534873154528,-5.739267412846423,-5.739265492845895,0.0021238377084684423,0.0021238286053150333,0.0032171242361150325,0.003217130413001192,0.30478060190595535,0.3047811222009792,0.3071924397839396,0.3071923736893206,1.6663048349195806,1.6663047587379711,1.6523494820014262,1.6523496235453725,0.30478060190595535,0.9760831889081456,0.30478060190595535
occupied,1,123,124,7,0,1,7,8,14,13,7,8,14,13,0.0,0.1666666666666667,0.0,0.08333333333333333,0.25000000000000006,0.0,0.08333333333333333,0.25000000000000006,0.0,0.08333333333333333,0.25000000000000006,0.0,3.702189791320856,4.13880588137121,4.194016194312507,3.999044731595483,3.711252142172563,4.152521007492888,4.235791848070382,4.041757979280117,3.702189791320856,4.13880588137121,4.194016194312507,3.999044731595483,0.7263652778140148,0.009062350851706924,0.7263652778140148,1.1800104644852447,1.4447073626197375,1.1996927440247194,0.009062350851706924,0.013715126121677912,0.04177565375787484,0.04271324768463414,0.7263652778140148,0.026638328061687533,0.026638328061687533,0.06735162170243317,0.06735162170243317,0.39551130898345077,0.39551130898345077,0.39551130898345077,0.7263652778140148,0.009062350851706924,-0.9048756397257021,1.672915004525854,-0.49949269826149123,1.9877216913121534,0.4045921971711617,5.3276753817106055,0.6068384318308293,7.298885690107676,0.33086931187766194,0.33043540663265764,0.32641311586608057,0.3363852685411524,1.6486939268859755,1.6352331000986078,1.6305859313106976,1.6499884546376837,0.32641311586608057,0.9714745801702324,0.32641311586608057
occupied,1,123,124,8,1,1,8,9,15,14,8,9,15,14,0.1666666666666667,0.1666666666666667,0.0,0.25000000000000006,0.25000000000000006,0.0,0.25000000000000006,0.25000000000000006,0.0,0.25000000000000006,0.25000000000000006,0.0,4.13880588137121,4.194015476380996,4.178359104327694,4.194016194312507,4.152521007492888,4.235791792310081,4.1911659557403755,4.235791848070382,4.13880588137121,4.194015476380996,4.178359104327694,4.194016194312507,1.1800104644852447,0.01280685141268112,1.1800104644852447,1.4447062358343556,1.536257115272519,1.4447073626197375,0.013715126121677912,0.04177631592908515,0.01280685141268112,0.04177565375787484,1.1800104644852447,-0.0007186052605792081,-0.0007186052605792081,0.06735162170243317,0.06735162170243317,-0.010669457429756998,-0.010669457429756998,-0.010669457429756998,1.1800104644852447,0.01280685141268112,1.672915023280474,1.2528366482990305,1.2528361369840475,1.672915004525854,5.327675481629132,3.5002578888133007,3.500256099079455,5.3276753817106055,0.33043541399812276,0.3307089087479549,0.33070893594828515,0.33043540663265764,1.6352331045588095,1.616921681848123,1.6169216272142999,1.6352331000986078,0.33043540663265764,0.9687823983412049,0.33043540663265764
occupied,1,123,124,9,2,1,9,10,16,15,9,10,16,15,0.3333333333333333,0.1666666666666667,0.0,0.41666666666666663,0.25000000000000006,0.0,0.41666666666666663,0.25000000000000006,0.0,0.41666666666666663,0.25000000000000006,0.0,4.194015476380996,4.194018416909733,4.194014247298934,4.178359104327694,4.235791792310081,4.2357959357191515,4.2357894708034936,4.1911659557403755,4.194015476380996,4.194018416909733,4.194014247298934,4.178359104327694,1.4447059239006803,0.01280685141268112,1.4447062358343556,1.4447097100409714,1.4447059239006803,1.536257115272519,0.04177631592908515,0.04177751880941827,0.0417752235045592,0.01280685141268112,1.4447059239006803,-0.002438137336851188,-0.002438137336851188,0.06735162170243317,0.06735162170243317,-0.03620012815167459,-0.03620012815167459,-0.03620012815167459,1.4447059239006803,0.01280685141268112,2.3859904069099556,0.16413838568871664,1.2528332569935636,1.2528366482990305,10.869822883237218,1.1783773743744475,3.500246018389715,3.5002578888133007,0.3304537128092222,0.329678029443145,0.3307097732435287,0.3307089087479549,1.6346695433875391,1.6132971044089837,1.6169215990614298,1.616921681848123,0.329678029443145,0.9687823983412049,0.329678029443145
occupied,1,123,124,10,3,1,10,11,17,16,10,11,17,16,0.5,0.1666666666666667,0.0,0.5833333333333334,0.25000000000000006,0.0,0.5833333333333334,0.25000000000000006,0.0,0.5833333333333334,0.25000000000000006,0.0,4.194018416909733,4.138807349047544,3.9990452210758054,4.194014247298934,4.2357959357191515,4.152522575538549,4.041759513031888,4.2357894708034936,4.194018416909733,4.138807349047544,3.9990452210758054,4.194014247298934,1.180012941366277,0.013715226491004984,1.4447097100409714,1.180012941366277,1.19969028907534,1.4447059239006803,0.04177751880941827,0.013715226491004984,0.04271429195608256,0.0417752235045592,1.180012941366277,0.01696608228353974,0.01696608228353974,0.06735162170243317,0.06735162170243317,0.25190309980207676,0.25190309980207676,0.25190309980207676,1.180012941366277,0.013715226491004984,1.6729074315639463,-1.498535883691591,-0.4995011563816676,0.16413838568871664,5.327635035580652,0.22345708792654567,0.6068332991401517,1.1783773743744475,0.3304369460532291,0.3269412556815612,0.3264155155800913,0.329678029443145,1.6352332801800398,1.6310011233572785,1.630586032651703,1.6132971044089837,0.3264155155800913,0.9708558921783205,0.3264155155800913
occupied,1,123,124,11,4,1,11,12,18,17,11,12,18,17,-0.3333333333333334,0.1666666666666667,0.0,-0.2500000000000001,0.25000000000000006,0.0,-0.2500000000000001,0.25000000000000006,0.0,-0.2500000000000001,0.25000000000000006,0.0,4.138807349047544,3.702187610078371,4.138806810705145,3.9990452210758054,4.152522575538549,3.71125271456347,4.152522059886271,4.041759513031888,4.138807349047544,3.702187610078371,4.138806810705145,3.9990452210758054,0.7263651018267119,0.00906510448509934,1.180012941366277,0.7263651018267119,1.180012521604482,1.19969028907534,0.013715226491004984,0.00906510448509934,0.013715249181126765,0.04271429195608256,0.7263651018267119,0.025641281208015097,0.025641281208015097,0.06735162170243317,0.06735162170243317,0.380707703242857,0.380707703242857,0.380707703242857,0.7263651018267119,0.00906510448509934,-0.9048795113572303,-0.9048753677743406,-1.4985329821996514,-1.498535883691591,0.40459063074228735,0.4045923072005755,0.22345773628642573,0.22345708792654567,0.33086780105622343,0.3308679434639512,0.3269412743247431,0.3269412556815612,1.6486939432660093,1.6486938595060763,1.6310010938501278,1.6310011233572785,0.3269412556815612,0.9737266651302143,0.3269412556815612
occupied,1,123,124,12,5,1,12,7,13,18,12,7,13,18,-0.1666666666666666,0.1666666666666667,0.0,-0.08333333333333327,0.25000000000000006,0.0,-0.08333333333333327,0.25000000000000006,0.0,-0.08333333333333327,0.25000000000000006,0.0,3.702187610078371,3.702189791320856,3.999044731595483,4.138806810705145,3.71125271456347,3.711252142172563,4.041757979280117,4.152522059886271,3.702187610078371,3.702189791320856,3.999044731595483,4.138806810705145,0.7263651018267119,0.009062350851706924,0.7263651018267119,0.7263652778140148,1.1996927440247194,1.180012521604482,0.00906510448509934,0.009062350851706924,0.04271324768463414,0.013715249181126765,0.7263651018267119,-0.08552076198849035,-0.08552076198849035,0.06735162170243317,0.06735162170243317,-1.269765446277306,-1.269765446277306,-1.269765446277306,0.7263651018267119,0.009062350851706924,-5.739267412846423,1.9877216913121534,-1.4985357463992097,-0.9048753677743406,0.0032171242361150325,7.298885690107676,0.2234571186055035,0.4045923072005755,0.3071924397839396,0.3363852685411524,0.32694135753936854,0.3308679434639512,1.6523494820014262,1.6499884546376837,1.6310012185897234,1.6486938595060763,0.3071924397839396,0.9714745801702324,0.3071924397839396
occupied,1,123,124,13,0,2,13,14,20,19,13,14,20,19,0.0,0.3333333333333333,0.0,0.08333333333333333,0.41666666666666663,0.0,0.08333333333333333,0.41666666666666663,0.0,0.08333333333333333,0.41666666666666663,0.0,3.999044731595483,4.194016194312507,4.194017796595352,3.8508376390385504,4.041757979280117,4.235791848070382,4.235795796357889,3.8665716051483843,3.999044731595483,4.194016194312507,4.194017796595352,3.8508376390385504,1.1537802412277012,0.015733966109833908,1.1996927440247194,1.4447073626197375,1.4447088627929752,1.1537802412277012,0.04271324768463414,0.04177565375787484,0.04177799976253738,0.015733966109833908,1.1537802412277012,0.015352723363086573,0.015352723363086573,0.06735162170243317,0.06735162170243317,0.2279488299616093,0.2279488299616093,0.2279488299616093,1.1537802412277012,0.015733966109833908,-0.49949269826149123,2.385989994554573,-0.5619132326297577,2.448822360151622,0.6068384318308293,10.869818401008166,0.5701172528067457,11.574707852762566,0.32641311586608057,0.33045371666065615,0.3279953129993728,0.33011488176155274,1.6305859313106976,1.6346695182348128,1.6259482684422721,1.6359744448054196,0.32641311586608057,0.9715204409738172,0.32641311586608057
occupied,1,123,124,14,1,2,14,15,21,20,14,15,21,20,0.1666666666666667,0.3333333333333333,0.0,0.25000000000000006,0.41666666666666663,0.0,0.25000000000000006,0.41666666666666663,0.0,0.25000000000000006,0.41666666666666663,0.0,4.194016194312507,4.178359104327694,4.194014820680103,4.194017796595352,4.235791848070382,4.1911659557403755,4.235789568028277,4.235795796357889,4.194016194312507,4.178359104327694,4.194014820680103,4.194017796595352,1.4447067858464595,0.01280685141268112,1.4447073626197375,1.536257115272519,1.4447067858464595,1.4447088627929752,0.04177565375787484,0.01280685141268112,0.04177474734817466,0.04177799976253738,1.4447067858464595,-0.0024380938589281024,-0.0024380938589281024,0.06735162170243317,0.06735162170243317,-0.036199482615279374,-0.036199482615279374,-0.036199482615279374,1.4447067858464595,0.01280685141268112,1.2528361369840475,1.252832261424164,0.16413739527728105,2.385989994554573,3.500256099079455,3.5002425336536227,1.1783762072965982,10.869818401008166,0.33070893594828515,0.33070980396343663,0.32967802917726297,0.33045371666065615,1.6169216272142999,1.6169214647998031,1.6132969446980563,1.6346695182348128,0.32967802917726297,0.9687823983412049,0.32967802917726297
occupied,1,123,124,15,2,2,15,16,22,21,15,16,22,21,0.3333333333333333,0.3333333333333333,0.0,0.41666666666666663,0.41666666666666663,0.0,0.41666666666666663,0.41666666666666663,0.0,0.41666666666666663,0.41666666666666663,0.0,4.178359104327694,4.194014247298934,3.8508314292627013,4.194014820680103,4.1911659557403755,4.2357894708034936,3.8665679502947867,4.235789568028277,4.178359104327694,4.194014247298934,3.8508314292627013,4.194014820680103,1.1537706880423757,0.01280685141268112,1.536257115272519,1.4447059239006803,1.1537706880423757,1.4447067858464595,0.01280685141268112,0.0417752235045592,0.01573652103208545,0.04177474734817466,1.1537706880423757,0.004879664703261821,0.004879664703261821,0.06735162170243317,0.06735162170243317,0.07245058960600405,0.07245058960600405,0.07245058960600405,1.1537706880423757,0.01280685141268112,1.2528332569935636,-0.5619154791945883,-0.5619162998062682,1.252832261424164,3.500246018389715,0.5701159720028149,0.5701155041591813,3.5002425336536227,0.3307097732435287,0.32799749358208286,0.32799740961299445,0.33070980396343663,1.6169215990614298,1.6259483941146564,1.6259483137231143,1.6169214647998031,0.32799740961299445,0.9687823983412049,0.32799740961299445
occupied,1,123,124,16,3,2,16,17,23,22,16,17,23,22,0.5,0.3333333333333333,0.0,0.5833333333333334,0.41666666666666663,0.0,0.5833333333333334,0.41666666666666663,0.0,0.5833333333333334,0.41666666666666663,0.0,4.194014247298934,3.9990452210758054,4.194017952853802,3.8508314292627013,4.2357894708034936,4.041759513031888,4.23579196499438,3.8665679502947867,4.194014247298934,3.9990452210758054,4.194017952853802,3.8508314292627013,1.1537706880423757,0.01573652103208545,1.4447059239006803,1.19969028907534,1.444709540663407,1.1537706880423757,0.0417752235045592,0.04271429195608256,0.04177401214057852,0.01573652103208545,1.1537706880423757,0.02379970731641137,0.02379970731641137,0.06735162170243317,0.06735162170243317,0.3533650224720806,0.3533650224720806,0.3533650224720806,1.1537706880423757,0.01573652103208545,-0.4995011563816676,-0.49950020485138835,-0.561915282475874,-0.5619154791945883,0.6068332991401517,0.606833876560685,0.570116084155307,0.5701159720028149,0.3264155155800913,0.32641555121845617,0.3279974247328345,0.32799749358208286,1.630586032651703,1.6305859638934768,1.6259483308757994,1.6259483941146564,0.3264155155800913,0.9751552795031055,0.3264155155800913
occupied,1,123,124,17,4,2,17,18,24,23,17,18,24,23,-0.3333333333333334,0.3333333333333333,0.0,-0.2500000000000001,0.41666666666666663,0.0,-0.2500000000000001,0.41666666666666663,0.0,-0.2500000000000001,0.41666666666666663,0.0,3.9990452210758054,4.138806810705145,4.194015133853064,4.194017952853802,4.041759513031888,4.152522059886271,4.235795778625345,4.23579196499438,3.9990452210758054,4.138806810705145,4.194015133853064,4.194017952853802,1.180012521604482,0.013715249181126765,1.19969028907534,1.180012521604482,1.4447059386622643,1.444709540663407,0.04271429195608256,0.013715249181126765,0.04178064477228105,0.04177401214057852,1.180012521604482,0.01696743904728626,0.01696743904728626,0.06735162170243317,0.06735162170243317,0.2519232442872758,0.2519232442872758,0.2519232442872758,1.180012521604482,0.013715249181126765,-1.4985329821996514,1.6729072025789697,0.1641382089046507,-0.49950020485138835,0.22345773628642573,5.327633815632408,1.1783771660561224,0.606833876560685,0.3269412743247431,0.330436913575634,0.32967803204221036,0.32641555121845617,1.6310010938501278,1.6352332991785292,1.6132969953217449,1.6305859638934768,0.32641555121845617,0.9708558921783205,0.32641555121845617
occupied,1,123,124,18,5,2,18,13,19,24,18,13,19,24,-0.1666666666666666,0.3333333333333333,0.0,-0.08333333333333327,0.41666666666666663,0.0,-0.08333333333333327,0.41666666666666663,0.0,-0.08333333333333327,0.41666666666666663,0.0,4.138806810705145,3.999044731595483,3.8508376390385504,4.194015133853064,4.152522059886271,4.041757979280117,3.8665716051483843,4.235795778625345,4.138806810705145,3.999044731595483,3.8508376390385504,4.194015133853064,1.1537802412277012,0.013715249181126765,1.180012521604482,1.1996927440247194,1.1537802412277012,1.4447059386622643,0.013715249181126765,0.04271324768463414,0.015733966109833908,0.04178064477228105,1.1537802412277012,0.025721575965029577,0.025721575965029577,0.06735162170243317,0.06735162170243317,0.3818998758288303,0.3818998758288303,0.3818998758288303,1.1537802412277012,0.013715249181126765,-1.4985357463992097,2.448822360151622,-0.5619132920171751,1.6729072025789697,0.2234571186055035,11.574707852762566,0.5701172189489555,5.327633815632408,0.32694135753936854,0.33011488176155274,0.3279953333860163,0.330436913575634,1.6310012185897234,1.6359744448054196,1.625948330026,1.6352332991785292,0.32694135753936854,0.9715204409738172,0.32694135753936854
occupied,1,123,124,19,0,3,19,20,26,25,19,20,26,25,0.0,0.5,0.0,0.08333333333333333,0.5833333333333334,0.0,0.08333333333333333,0.5833333333333334,0.0,0.08333333333333333,0.5833333333333334,0.0,3.8508376390385504,4.194017796595352,4.138807578014754,3.999044578984345,3.8665716051483843,4.235795796357889,4.152522513826545,4.041758105775589,3.8508376390385504,4.194017796595352,4.138807578014754,3.999044578984345,1.1537802412277012,0.013714935811790951,1.1537802412277012,1.4447088627929752,1.1800131595153855,1.1996922056709365,0.015733966109833908,0.04177799976253738,0.013714935811790951,0.04271352679124396,1.1537802412277012,0.025720693945967543,0.025720693945967543,0.06735162170243317,0.06735162170243317,0.38188678009275534,0.38188678009275534,0.38188678009275534,1.1537802412277012,0.013714935811790951,-0.5619132326297577,1.6729069218117167,-1.4985350087657643,2.4488221939273895,0.5701172528067457,5.327632319807507,0.2234572834350086,11.574705928765797,0.3279953129993728,0.33043695720481986,0.3269413893900374,0.3301148626615612,1.6259482684422721,1.6352332150687372,1.631001257281977,1.635974452051868,0.3269413893900374,0.9715204409738172,0.3269413893900374
occupied,1,123,124,20,1,3,20,21,27,26,20,21,27,26,0.1666666666666667,0.5,0.0,0.25000000000000006,0.5833333333333334,0.0,0.25000000000000006,0.5833333333333334,0.0,0.25000000000000006,0.5833333333333334,0.0,4.194017796595352,4.194014820680103,3.9990452212574326,4.138807578014754,4.235795796357889,4.235789568028277,4.041759513478304,4.152522513826545,4.194017796595352,4.194014820680103,3.9990452212574326,4.138807578014754,1.1800131595153855,0.013714935811790951,1.4447088627929752,1.4447067858464595,1.1996902890114178,1.1800131595153855,0.04177799976253738,0.04177474734817466,0.04271429222087164,0.013714935811790951,1.1800131595153855,0.01696630879513572,0.01696630879513572,0.06735162170243317,0.06735162170243317,0.25190646292222524,0.25190646292222524,0.25190646292222524,1.1800131595153855,0.013714935811790951,0.16413739527728105,-0.4995013105817294,-1.4985344707978534,1.6729069218117167,1.1783762072965982,0.6068332055664266,0.22345740364788885,5.327632319807507,0.32967802917726297,0.3264155278059873,0.32694123718496465,0.33043695720481986,1.6132969446980563,1.6305859593582686,1.6310011023565087,1.6352332150687372,0.3264155278059873,0.9708558921783205,0.3264155278059873
occupied,1,123,124,21,2,3,21,22,28,27,21,22,28,27,0.3333333333333333,0.5,0.0,0.41666666666666663,0.5833333333333334,0.0,0.41666666666666663,0.5833333333333334,0.0,0.41666666666666663,0.5833333333333334,0.0,4.194014820680103,3.8508314292627013,4.194017378987276,3.9990452212574326,4.235789568028277,3.8665679502947867,4.2357918676542194,4.041759513478304,4.194014820680103,3.8508314292627013,4.194017378987276,3.9990452212574326,1.1537706880423757,0.01573652103208545,1.4447067858464595,1.1537706880423757,1.444708678697829,1.1996902890114178,0.04177474734817466,0.01573652103208545,0.041774488666943554,0.04271429222087164,1.1537706880423757,0.02379968667754362,0.02379968667754362,0.06735162170243317,0.06735162170243317,0.35336471603747327,0.35336471603747327,0.35336471603747327,1.1537706880423757,0.01573652103208545,-0.5619162998062682,-0.5619148364989832,-0.4995002105575561,-0.4995013105817294,0.5701155041591813,0.5701163384139623,0.6068338730979891,0.6068332055664266,0.32799740961299445,0.3279975097218971,0.32641554083861013,0.3264155278059873,1.6259483137231143,1.6259483759596574,1.6305860592331443,1.6305859593582686,0.3264155278059873,0.9751552795031055,0.3264155278059873
occupied,1,123,124,22,3,3,22,23,29,28,22,23,29,28,0.5,0.5,0.0,0.5833333333333334,0.5833333333333334,0.0,0.5833333333333334,0.5833333333333334,0.0,0.5833333333333334,0.5833333333333334,0.0,3.8508314292627013,4.194017952853802,4.178359087802779,4.194017378987276,3.8665679502947867,4.23579196499438,4.19116592338266,4.2357918676542194,3.8508314292627013,4.194017952853802,4.178359087802779,4.194017378987276,1.1537706880423757,0.01280683557988116,1.1537706880423757,1.444709540663407,1.5362570848245527,1.444708678697829,0.01573652103208545,0.04177401214057852,0.01280683557988116,0.041774488666943554,1.1537706880423757,0.004879427799361347,0.004879427799361347,0.06735162170243317,0.06735162170243317,0.07244707218660884,0.07244707218660884,0.07244707218660884,1.1537706880423757,0.01280683557988116,-0.561915282475874,1.2528321018331923,1.2528327322113246,-0.5619148364989832,0.570116084155307,3.50024197504656,3.5002441815232546,0.5701163384139623,0.3279974247328345,0.3307098078498896,0.33070977923798517,0.3279975097218971,1.6259483308757994,1.6169213551865758,1.6169214407928307,1.6259483759596574,0.3279974247328345,0.9687823983412049,0.3279974247328345
occupied,1,123,124,23,4,3,23,24,30,29,23,24,30,29,-0.3333333333333334,0.5,0.0,-0.2500000000000001,0.5833333333333334,0.0,-0.2500000000000001,0.5833333333333334,0.0,-0.2500000000000001,0.5833333333333334,0.0,4.194017952853802,4.194015133853064,4.194015674183309,4.178359087802779,4.23579196499438,4.235795778625345,4.235789438062511,4.19116592338266,4.194017952853802,4.194015133853064,4.194015674183309,4.178359087802779,1.4447059386622643,0.01280683557988116,1.444709540663407,1.4447059386622643,1.4447073788252824,1.5362570848245527,0.04177401214057852,0.04178064477228105,0.04177376387920262,0.01280683557988116,1.4447059386622643,-0.0024379371017347004,-0.0024379371017347004,0.06735162170243317,0.06735162170243317,-0.036197155170305674,-0.036197155170305674,-0.036197155170305674,1.4447059386622643,0.01280683557988116,0.1641382089046507,2.3859907366042648,1.2528354156206554,1.2528321018331923,1.1783771660561224,10.869826466956555,3.5002535741237533,3.50024197504656,0.32967803204221036,0.3304537162831375,0.33070893316794775,0.3307098078498896,1.6132969953217449,1.6346696776108245,1.616921536487907,1.6169213551865758,0.32967803204221036,0.9687823983412049,0.32967803204221036
occupied,1,123,124,24,5,3,24,19,25,30,24,19,25,30,-0.1666666666666666,0.5,0.0,-0.08333333333333327,0.5833333333333334,0.0,-0.08333333333333327,0.5833333333333334,0.0,-0.08333333333333327,0.5833333333333334,0.0,4.194015133853064,3.8508376390385504,3.999044578984345,4.194015674183309,4.235795778625345,3.8665716051483843,4.041758105775589,4.235789438062511,4.194015133853064,3.8508376390385504,3.999044578984345,4.194015674183309,1.1537802412277012,0.015733966109833908,1.4447059386622643,1.1537802412277012,1.1996922056709365,1.4447073788252824,0.04178064477228105,0.015733966109833908,0.04271352679124396,0.04177376387920262,1.1537802412277012,0.015351807361256409,0.015351807361256409,0.06735162170243317,0.06735162170243317,0.22793522966800076,0.22793522966800076,0.22793522966800076,1.1537802412277012,0.015733966109833908,-0.5619132920171751,2.4488221939273895,-0.49949279867441554,2.3859907366042648,0.5701172189489555,11.574705928765797,0.6068383708964108,10.869826466956555,0.3279953333860163,0.3301148626615612,0.3264130730880713,0.3304537162831375,1.625948330026,1.635974452051868,1.6305859594418113,1.6346696776108245,0.3264130730880713,0.9715204409738172,0.3264130730880713
occupied,1,123,124,25,0,4,25,26,32,31,25,26,32,31,0.0,-0.3333333333333334,0.0,0.08333333333333333,-0.2500000000000001,0.0,0.08333333333333333,-0.2500000000000001,0.0,0.08333333333333333,-0.2500000000000001,0.0,3.999044578984345,4.138807578014754,3.702187610683918,3.702191257083585,4.041758105775589,4.152522513826545,3.7112527150014065,3.7112525810700863,3.999044578984345,4.138807578014754,3.702187610683918,3.702191257083585,0.7263651006166323,0.009061323986501169,1.1996922056709365,1.1800131595153855,0.7263651006166323,0.7263657130832466,0.04271352679124396,0.013714935811790951,0.009065104317488526,0.009061323986501169,0.7263651006166323,-0.08552156125107516,-0.08552156125107516,0.06735162170243317,0.06735162170243317,-1.2697773132905212,-1.2697773132905212,-1.2697773132905212,0.7263651006166323,0.009061323986501169,-1.4985350087657643,-0.9048768127501293,-5.739265854702468,1.9877203424462104,0.2234572834350086,0.40459172257490966,0.003217129248861616,7.298875844895988,0.3269413893900374,0.3308678465809701,0.30719236750287626,0.33638516810727476,1.631001257281977,1.6486939097658606,1.6523496033221006,1.6499884699065175,0.30719236750287626,0.9714745801702324,0.30719236750287626
occupied,1,123,124,26,1,4,26,27,33,32,26,27,33,32,0.1666666666666667,-0.3333333333333334,0.0,0.25000000000000006,-0.2500000000000001,0.0,0.25000000000000006,-0.2500000000000001,0.0,0.25000000000000006,-0.2500000000000001,0.0,4.138807578014754,3.9990452212574326,4.138806580478411,3.702187610683918,4.152522513826545,4.041759513478304,4.152522124606749,3.7112527150014065,4.138807578014754,3.9990452212574326,4.138806580478411,3.702187610683918,0.7263651006166323,0.009065104317488526,1.1800131595153855,1.1996902890114178,1.180012301231665,0.7263651006166323,0.013714935811790951,0.04271429222087164,0.013715544128338308,0.009065104317488526,0.7263651006166323,0.02564129597519438,0.02564129597519438,0.06735162170243317,0.06735162170243317,0.3807079224978492,0.3807079224978492,0.3807079224978492,0.7263651006166323,0.009065104317488526,-1.4985344707978534,-1.4985339189437576,-0.9048782459936501,-0.9048768127501293,0.22345740364788885,0.22345752696380633,0.4045911426968603,0.40459172257490966,0.32694123718496465,0.32694129670424166,0.33086789718230014,0.3308678465809701,1.6310011023565087,1.6310011071656516,1.6486939177939584,1.6486939097658606,0.32694123718496465,0.9737266651302143,0.32694123718496465
occupied,1,123,124,27,2,4,27,28,34,33,27,28,34,33,0.3333333333333333,-0.3333333333333334,0.0,0.41666666666666663,-0.2500000000000001,0.0,0.41666666666666663,-0.2500000000000001,0.0,0.41666666666666663,-0.2500000000000001,0.0,3.9990452212574326,4.194017378987276,4.194015754538708,4.138806580478411,4.041759513478304,4.2357918676542194,4.235795917704726,4.152522124606749,3.9990452212574326,4.194017378987276,4.194015754538708,4.138806580478411,1.180012301231665,0.013715544128338308,1.1996902890114178,1.444708678697829,1.4447067855165612,1.180012301231665,0.04271429222087164,0.041774488666943554,0.041780163166017736,0.013715544128338308,1.180012301231665,0.016967266575030893,0.016967266575030893,0.06735162170243317,0.06735162170243317,0.25192068351366703,0.25192068351366703,0.25192068351366703,1.180012301231665,0.013715544128338308,-0.4995002105575561,0.16413851399409518,1.6729074478769586,-1.4985339189437576,0.6068338730979891,1.1783775255666122,5.327635122490429,0.22345752696380633,0.32641554083861013,0.3296780354065274,0.3304369022623067,0.32694129670424166,1.6305860592331443,1.613297086450945,1.6352333081301538,1.6310011071656516,0.32641554083861013,0.9708558921783205,0.32641554083861013
occupied,1,123,124,28,3,4,28,29,35,34,28,29,35,34,0.5,-0.3333333333333334,0.0,0.5833333333333334,-0.2500000000000001,0.0,0.5833333333333334,-0.2500000000000001,0.0,0.5833333333333334,-0.2500000000000001,0.0,4.194017378987276,4.178359087802779,4.194014956939455,4.194015754538708,4.2357918676542194,4.19116592338266,4.235789381981538,4.235795917704726,4.194017378987276,4.178359087802779,4.194014956939455,4.194015754538708,1.444706251515869,0.01280683557988116,1.444708678697829,1.5362570848245527,1.444706251515869,1.4447067855165612,0.041774488666943554,0.01280683557988116,0.04177442504208351,0.041780163166017736,1.444706251515869,-0.0024379590067358237,-0.0024379590067358237,0.06735162170243317,0.06735162170243317,-0.03619748040376805,-0.03619748040376805,-0.03619748040376805,1.444706251515869,0.01280683557988116,1.2528327322113246,1.252835691746549,2.3859906951123695,0.16413851399409518,3.5002441815232546,3.5002545406345327,10.869826015946863,1.1783775255666122,0.33070977923798517,0.3307089053393377,0.33045371256974143,0.3296780354065274,1.6169214407928307,1.6169215791516631,1.6346696489422792,1.613297086450945,0.3296780354065274,0.9687823983412049,0.3296780354065274
occupied,1,123,124,29,4,4,29,30,36,35,29,30,36,35,-0.3333333333333334,-0.3333333333333334,0.0,-0.2500000000000001,-0.2500000000000001,0.0,-0.2500000000000001,-0.2500000000000001,0.0,-0.2500000000000001,-0.2500000000000001,0.0,4.178359087802779,4.194015674183309,4.138807314932309,4.194014956939455,4.19116592338266,4.235789438062511,4.152521848120301,4.235789381981538,4.178359087802779,4.194015674183309,4.138807314932309,4.194014956939455,1.1800115926996773,0.01280683557988116,1.5362570848245527,1.4447073788252824,1.1800115926996773,1.444706251515869,0.01280683557988116,0.04177376387920262,0.01371453318799265,0.04177442504208351,1.1800115926996773,-0.0007193912881520159,-0.0007193912881520159,0.06735162170243317,0.06735162170243317,-0.010681127936760978,-0.010681127936760978,-0.010681127936760978,1.1800115926996773,0.01280683557988116,1.2528354156206554,1.6729154606246288,1.6729152142885144,1.252835691746549,3.5002535741237533,5.327677811657373,5.327676499258084,3.5002545406345327,0.33070893316794775,0.33043536054910183,0.3304353662357586,0.3307089053393377,1.616921536487907,1.6352331546280685,1.6352331726824845,1.6169215791516631,0.33043536054910183,0.9687823983412049,0.33043536054910183
occupied,1,123,124,30,5,4,30,25,31,36,30,25,31,36,-0.1666666666666666,-0.3333333333333334,0.0,-0.08333333333333327,-0.2500000000000001,0.0,-0.08333333333333327,-0.2500000000000001,0.0,-0.08333333333333327,-0.2500000000000001,0.0,4.194015674183309,3.999044578984345,3.702191257083585,4.138807314932309,4.235789438062511,4.041758105775589,3.7112525810700863,4.152521848120301,4.194015674183309,3.999044578984345,3.702191257083585,4.138807314932309,0.7263657130832466,0.009061323986501169,1.4447073788252824,1.1996922056709365,0.7263657130832466,1.1800115926996773,0.04177376387920262,0.04271352679124396,0.009061323986501169,0.01371453318799265,0.7263657130832466,0.02663792577223958,0.02663792577223958,0.06735162170243317,0.06735162170243317,0.3955053360100051,0.3955053360100051,0.3955053360100051,0.7263657130832466,0.009061323986501169,-0.49949279867441554,1.9877203424462104,-0.9048769059174867,1.6729154606246288,0.6068383708964108,7.298875844895988,0.40459168488016983,5.327677811657373,0.3264130730880713,0.33638516810727476,0.3308692703345298,0.33043536054910183,1.6305859594418113,1.6499884699065175,1.6486940211024035,1.6352331546280685,0.3264130730880713,0.9714745801702324,0.3264130730880713
occupied,1,123,124,31,0,5,31,32,2,1,31,32,2,1,0.0,-0.1666666666666666,0.0,0.08333333333333333,-0.08333333333333327,0.0,0.08333333333333333,-0.08333333333333327,0.0,0.08333333333333333,-0.08333333333333327,0.0,3.702191257083585,3.702187610683918,3.702189879040837,3.2705369926804835,3.7112525810700863,3.7112527150014065,3.7112520839363405,3.2847196747911287,3.702191257083585,3.702187610683918,3.702189879040837,3.2705369926804835,0.0171013822199102,0.009061323986501169,0.7263657130832466,0.7263651006166323,0.7263654349018873,0.0171013822199102,0.009061323986501169,0.009065104317488526,0.009062204895503356,0.014182682110645217,0.0171013822199102,-2.0601794317893916,-2.0601794317893916,0.06735162170243317,0.06735162170243317,-30.58841613185633,-30.58841613185633,-30.58841613185633,0.0171013822199102,0.009061323986501169,-5.739265854702468,-5.73926716202501,-6.154534974376664,-6.1545302871118155,0.003217129248861616,0.0032171250430387786,0.002123828390336577,0.0021238383453060657,0.30719236750287626,0.3071924447597753,0.30478119390555025,0.30478052547095863,1.6523496033221006,1.6523495379045396,1.6663047926863692,1.6663048328758372,0.30478052547095863,0.9760831889081456,0.30478052547095863
occupied,1,123,124,32,1,5,32,33,3,2,32,33,3,2,0.1666666666666667,-0.1666666666666666,0.0,0.25000000000000006,-0.08333333333333327,0.0,0.25000000000000006,-0.08333333333333327,0.0,0.25000000000000006,-0.08333333333333327,0.0,3.702187610683918,4.138806580478411,3.9990449524738216,3.702189879040837,3.7112527150014065,4.152522124606749,4.041757735799349,3.7112520839363405,3.702187610683918,4.138806580478411,3.9990449524738216,3.702189879040837,0.7263651006166323,0.009062204895503356,0.7263651006166323,1.180012301231665,1.1996929097332147,0.7263654349018873,0.009065104317488526,0.013715544128338308,0.042712783325527415,0.009062204895503356,0.7263651006166323,-0.08552283320290441,-0.08552283320290441,0.06735162170243317,0.06735162170243317,-1.2697961985348125,-1.2697961985348125,-1.2697961985348125,0.7263651006166323,0.009062204895503356,-0.9048782459936501,-1.4985343061927572,1.9877215737562772,-5.73926716202501,0.4045911426968603,0.2234574404301193,7.298884832080825,0.0032171250430387786,0.33086789718230014,0.3269413501172056,0.3363852596733027,0.3071924447597753,1.6486939177939584,1.6310011859162532,1.6499884785798797,1.6523495379045396,0.3071924447597753,0.9714745801702324,0.3071924447597753
occupied,1,123,124,33,2,5,33,34,4,3,33,34,4,3,0.3333333333333333,-0.1666666666666666,0.0,0.41666666666666663,-0.08333333333333327,0.0,0.41666666666666663,-0.08333333333333327,0.0,0.41666666666666663,-0.08333333333333327,0.0,4.138806580478411,4.194015754538708,3.85083768211794,3.9990449524738216,4.152522124606749,4.235795917704726,3.8665716379640767,4.041757735799349,4.138806580478411,4.194015754538708,3.85083768211794,3.9990449524738216,1.1537801123810763,0.013715544128338308,1.180012301231665,1.4447067855165612,1.1537801123810763,1.1996929097332147,0.013715544128338308,0.041780163166017736,0.01573395584613646,0.042712783325527415,1.1537801123810763,0.02572124927637276,0.02572124927637276,0.06735162170243317,0.06735162170243317,0.3818950253345354,0.3818950253345354,0.3818950253345354,1.1537801123810763,0.013715544128338308,1.6729074478769586,-0.5619126804193607,2.448822913329612,-1.4985343061927572,5.327635122490429,0.5701175676315071,11.574714255637964,0.2234574404301193,0.3304369022623067,0.32799525199313173,0.3301148778659933,0.3269413501172056,1.6352333081301538,1.6259484009597254,1.635974515597874,1.6310011859162532,0.3269413501172056,0.9715204409738172,0.3269413501172056
occupied,1,123,124,34,3,5,34,35,5,4,34,35,5,4,0.5,-0.1666666666666666,0.0,0.5833333333333334,-0.08333333333333327,0.0,0.5833333333333334,-0.08333333333333327,0.0,0.5833333333333334,-0.08333333333333327,0.0,4.194015754538708,4.194014956939455,3.999044799837627,3.85083768211794,4.235795917704726,4.235789381981538,4.0417578619741885,3.8665716379640767,4.194015754538708,4.194014956939455,3.999044799837627,3.85083768211794,1.1537801123810763,0.01573395584613646,1.4447067855165612,1.444706251515869,1.1996923716538612,1.1537801123810763,0.041780163166017736,0.04177442504208351,0.042713062136561675,0.01573395584613646,1.1537801123810763,0.0153517051898322,0.0153517051898322,0.06735162170243317,0.06735162170243317,0.2279337126826391,0.2279337126826391,0.2279337126826391,1.1537801123810763,0.01573395584613646,2.3859906951123695,-0.49949309521141505,2.448822978258255,-0.5619126804193607,10.869826015946863,0.6068381909464078,11.574715007168477,0.5701175676315071,0.33045371256974143,0.326413061911504,0.33011485904404575,0.32799525199313173,1.6346696489422792,1.6305860273569293,1.635974549119692,1.6259484009597254,0.326413061911504,0.9715204409738172,0.326413061911504
occupied,1,123,124,35,4,5,35,36,6,5,35,36,6,5,-0.3333333333333334,-0.1666666666666666,0.0,-0.2500000000000001,-0.08333333333333327,0.0,-0.2500000000000001,-0.08333333333333327,0.0,-0.2500000000000001,-0.08333333333333327,0.0,4.194014956939455,4.138807314932309,3.702191344285133,3.999044799837627,4.235789381981538,4.152521848120301,3.711252522302878,4.0417578619741885,4.194014956939455,4.138807314932309,3.702191344285133,3.999044799837627,0.7263658711794152,0.009061178017744975,1.444706251515869,1.1800115926996773,0.7263658711794152,1.1996923716538612,0.04177442504208351,0.01371453318799265,0.009061178017744975,0.042713062136561675,0.7263658711794152,0.026640186573985147,0.026640186573985147,0.06735162170243317,0.06735162170243317,0.3955389031563992,0.3955389031563992,0.3955389031563992,0.7263658711794152,0.009061178017744975,1.6729152142885144,-0.9048798319308504,1.9877204740323369,-0.49949309521141505,5.327676499258084,0.40459050104122496,7.2988768053268505,0.6068381909464078,0.3304353662357586,0.3308692287306883,0.3363851617911045,0.326413061911504,1.6352331726824845,1.6486941129190813,1.6499885116595299,1.6305860273569293,0.326413061911504,0.9714745801702324,0.326413061911504
occupied,1,123,124,36,5,5,36,31,1,6,36,31,1,6,-0.1666666666666666,-0.1666666666666666,0.0,-0.08333333333333327,-0.08333333333333327,0.0,-0.08333333333333327,-0.08333333333333327,0.0,-0.08333333333333327,-0.08333333333333327,0.0,4.138807314932309,3.702191257083585,3.2705369926804835,3.702191344285133,4.152521848120301,3.7112525810700863,3.2847196747911287,3.711252522302878,4.138807314932309,3.702191257083585,3.2705369926804835,3.702191344285133,0.0171013822199102,0.009061178017744975,1.1800115926996773,0.7263657130832466,0.0171013822199102,0.7263658711794152,0.01371453318799265,0.009061323986501169,0.014182682110645217,0.009061178017744975,0.0171013822199102,-1.1284623462700063,-1.1284623462700063,0.06735162170243317,0.06735162170243317,-16.754791016847022,-16.754791016847022,-16.754791016847022,0.0171013822199102,0.009061178017744975,-0.9048769059174867,-6.1545302871118155,-6.154530586964071,-0.9048798319308504,0.40459168488016983,0.0021238383453060657,0.0021238377084684423,0.40459050104122496,0.3308692703345298,0.30478052547095863,0.30478060190595535,0.3308692287306883,1.6486940211024035,1.6663048328758372,1.6663048349195806,1.6486941129190813,0.30478052547095863,0.9737266651302143,0.30478052547095863
