mu_eV,mu_minus_reference_eV,temperature_K,region,band_id,sigma_e2_over_h,sigma_S,delta_sigma_e2_over_h,electrons_per_cell,delta_electrons_per_cell
-1.4748738807166568,-1.0367751797248288,0.0,total,0,1.4101935434959222e-09,5.4631544659339344e-14,3.5768152086002036e-09,17.888888888888886,-0.11111111111111113
-1.469873880716657,-1.031775179724829,0.0,total,0,1.4101935434959222e-09,5.4631544659339344e-14,3.5768152086002036e-09,17.888888888888886,-0.11111111111111113
-1.4648738807166568,-1.0267751797248288,0.0,total,0,1.4101935434959222e-09,5.4631544659339344e-14,3.5768152086002036e-09,17.888888888888886,-0.11111111111111113
-1.459873880716657,-1.021775179724829,0.0,total,0,-3.0416754224545916e-11,-1.1783590092824971e-15,2.1362046714878957e-09,17.97222222222222,-0.027777777777777776
-1.4548738807166568,-1.0167751797248288,0.0,total,0,-3.0416754224545916e-11,-1.1783590092824971e-15,2.1362046714878957e-09,17.97222222222222,-0.027777777777777776
-1.449873880716657,-1.0117751797248289,0.0,total,0,-3.0416754224545916e-11,-1.1783590092824971e-15,2.1362046714878957e-09,17.97222222222222,-0.027777777777777776
-1.4448738807166568,-1.0067751797248288,0.0,total,0,-3.0416754224545916e-11,-1.1783590092824971e-15,2.1362046714878957e-09,17.97222222222222,-0.027777777777777776
-1.439873880716657,-1.0017751797248289,0.0,total,0,-3.0416754224545916e-11,-1.1783590092824971e-15,2.1362046714878957e-09,17.97222222222222,-0.027777777777777776
-1.4348738807166568,-0.9967751797248288,0.0,total,0,-3.0416754224545916e-11,-1.1783590092824971e-15,2.1362046714878957e-09,17.97222222222222,-0.027777777777777776
-1.4298738807166569,-0.9917751797248289,0.0,total,0,-3.0416754224545916e-11,-1.1783590092824971e-15,2.1362046714878957e-09,17.97222222222222,-0.027777777777777776
-1.4248738807166568,-0.9867751797248288,0.0,total,0,-3.0416754224545916e-11,-1.1783590092824971e-15,2.1362046714878957e-09,17.97222222222222,-0.027777777777777776
-1.4198738807166569,-0.9817751797248289,0.0,total,0,-1.3294395324584508e-09,-5.150309723397559e-14,8.371819695818239e-10,17.98611111111111,-0.013888888888888888
-1.4148738807166568,-0.9767751797248287,0.0,total,0,-1.3294395324584508e-09,-5.150309723397559e-14,8.371819695818239e-10,17.98611111111111,-0.013888888888888888
-1.4098738807166569,-0.9717751797248289,0.0,total,0,-1.3294395324584508e-09,-5.150309723397559e-14,8.371819695818239e-10,17.98611111111111,-0.013888888888888888
-1.4048738807166568,-0.9667751797248287,0.0,total,0,-1.3294395324584508e-09,-5.150309723397559e-14,8.371819695818239e-10,17.98611111111111,-0.013888888888888888
-1.3998738807166569,-0.9617751797248288,0.0,total,0,-1.3294395324584508e-09,-5.150309723397559e-14,8.371819695818239e-10,17.98611111111111,-0.013888888888888888
-1.3948738807166567,-0.9567751797248287,0.0,total,0,-1.3294395324584508e-09,-5.150309723397559e-14,8.371819695818239e-10,17.98611111111111,-0.013888888888888888
-1.3898738807166569,-0.9517751797248288,0.0,total,0,-1.3294395324584508e-09,-5.150309723397559e-14,8.371819695818239e-10,17.98611111111111,-0.013888888888888888
-1.3848738807166567,-0.9467751797248287,0.0,total,0,-1.3294395324584508e-09,-5.150309723397559e-14,8.371819695818239e-10,17.98611111111111,-0.013888888888888888
-1.3798738807166568,-0.9417751797248288,0.0,total,0,-1.3294395324584508e-09,-5.150309723397559e-14,8.371819695818239e-10,17.98611111111111,-0.013888888888888888
-1.3748738807166567,-0.9367751797248287,0.0,total,0,-1.3294395324584508e-09,-5.150309723397559e-14,8.371819695818239e-10,17.98611111111111,-0.013888888888888888
-1.3698738807166568,-0.9317751797248288,0.0,total,0,-1.3294395324584508e-09,-5.150309723397559e-14,8.371819695818239e-10,17.98611111111111,-0.013888888888888888
-1.3648738807166567,-0.9267751797248287,0.0,total,0,-1.3294395324584508e-09,-5.150309723397559e-14,8.371819695818239e-10,17.98611111111111,-0.013888888888888888
-1.3598738807166568,-0.9217751797248288,0.0,total,0,-1.3294395324584508e-09,-5.150309723397559e-14,8.371819695818239e-10,17.98611111111111,-0.013888888888888888
-1.3548738807166567,-0.9167751797248287,0.0,total,0,-1.3294395324584508e-09,-5.150309723397559e-14,8.371819695818239e-10,17.98611111111111,-0.013888888888888888
-1.3498738807166568,-0.9117751797248288,0.0,total,0,-1.3294395324584508e-09,-5.150309723397559e-14,8.371819695818239e-10,17.98611111111111,-0.013888888888888888
-1.3448738807166567,-0.9067751797248287,0.0,total,0,-1.3294395324584508e-09,-5.150309723397559e-14,8.371819695818239e-10,17.98611111111111,-0.013888888888888888
-1.3398738807166568,-0.9017751797248288,0.0,total,0,-1.3294395324584508e-09,-5.150309723397559e-14,8.371819695818239e-10,17.98611111111111,-0.013888888888888888
-1.334873880716657,-0.8967751797248289,0.0,total,0,-1.3294395324584508e-09,-5.150309723397559e-14,8.371819695818239e-10,17.98611111111111,-0.013888888888888888
-1.3298738807166568,-0.8917751797248288,0.0,total,0,-1.3294395324584508e-09,-5.150309723397559e-14,8.371819695818239e-10,17.98611111111111,-0.013888888888888888
-1.3248738807166567,-0.8867751797248287,0.0,total,0,-1.3294395324584508e-09,-5.150309723397559e-14,8.371819695818239e-10,17.98611111111111,-0.013888888888888888
-1.3198738807166568,-0.8817751797248288,0.0,total,0,-1.3294395324584508e-09,-5.150309723397559e-14,8.371819695818239e-10,17.98611111111111,-0.013888888888888888
-1.314873880716657,-0.8767751797248289,0.0,total,0,-1.329439577382988e-09,-5.150309897437277e-14,8.371819695818239e-10,17.98611111111111,-0.013888888888888888
-1.3098738807166568,-0.8717751797248288,0.0,total,0,-1.329439577382988e-09,-5.150309897437277e-14,8.371819695818239e-10,17.98611111111111,-0.013888888888888888
-1.3048738807166567,-0.8667751797248286,0.0,total,0,-1.329439577382988e-09,-5.150309897437277e-14,8.371819695818239e-10,17.98611111111111,-0.013888888888888888
-1.2998738807166568,-0.8617751797248288,0.0,total,0,-1.329439577382988e-09,-5.150309897437277e-14,8.371819695818239e-10,17.98611111111111,-0.013888888888888888
-1.2948738807166569,-0.8567751797248289,0.0,total,0,-1.329439577382988e-09,-5.150309897437277e-14,8.371819695818239e-10,17.98611111111111,-0.013888888888888888
-1.2898738807166568,-0.8517751797248287,0.0,total,0,-1.329439577382988e-09,-5.150309897437277e-14,8.371819695818239e-10,17.98611111111111,-0.013888888888888888
-1.2848738807166569,-0.8467751797248289,0.0,total,0,-1.329439577382988e-09,-5.150309897437277e-14,8.371819695818239e-10,17.98611111111111,-0.013888888888888888
-1.2798738807166568,-0.8417751797248287,0.0,total,0,-1.329439577382988e-09,-5.150309897437277e-14,8.371819695818239e-10,17.98611111111111,-0.013888888888888888
-1.2748738807166569,-0.8367751797248288,0.0,total,0,-2.1666215677814936e-09,-8.393591325536002e-14,0.0,18.0,0.0
-1.2698738807166567,-0.8317751797248287,0.0,total,0,-2.1666215677814936e-09,-8.393591325536002e-14,0.0,18.0,0.0
-1.2648738807166569,-0.8267751797248288,0.0,total,0,-2.1666215677814936e-09,-8.393591325536002e-14,0.0,18.0,0.0
-1.2598738807166567,-0.8217751797248287,0.0,total,0,-2.1666215677814936e-09,-8.393591325536002e-14,0.0,18.0,0.0
-1.2548738807166568,-0.8167751797248288,0.0,total,0,-2.1666215677814936e-09,-8.393591325536002e-14,0.0,18.0,0.0
-1.2498738807166567,-0.8117751797248287,0.0,total,0,-2.1666215677814936e-09,-8.393591325536002e-14,0.0,18.0,0.0
-1.2448738807166568,-0.8067751797248288,0.0,total,0,-2.1666215677814936e-09,-8.393591325536002e-14,0.0,18.0,0.0
-1.2398738807166567,-0.8017751797248287,0.0,total,0,-2.1666215677814936e-09,-8.393591325536002e-14,0.0,18.0,0.0
-1.2348738807166568,-0.7967751797248288,0.0,total,0,-2.1666215677814936e-09,-8.393591325536002e-14,0.0,18.0,0.0
-1.2298738807166567,-0.7917751797248287,0.0,total,0,-2.1666215677814936e-09,-8.393591325536002e-14,0.0,18.0,0.0
-1.2248738807166568,-0.7867751797248288,0.0,total,0,-2.1666215677814936e-09,-8.393591325536002e-14,0.0,18.0,0.0
-1.2198738807166567,-0.7817751797248287,0.0,total,0,-2.1666215677814936e-09,-8.393591325536002e-14,0.0,18.0,0.0
-1.2148738807166568,-0.7767751797248288,0.0,total,0,-2.1666215677814936e-09,-8.393591325536002e-14,0.0,18.0,0.0
-1.2098738807166567,-0.7717751797248287,0.0,total,0,-2.1666215677814936e-09,-8.393591325536002e-14,0.0,18.0,0.0
-1.2048738807166568,-0.7667751797248288,0.0,total,0,-2.1666215677814936e-09,-8.393591325536002e-14,0.0,18.0,0.0
-1.1998738807166567,-0.7617751797248287,0.0,total,0,-2.1666215677814936e-09,-8.393591325536002e-14,0.0,18.0,0.0
-1.1948738807166568,-0.7567751797248288,0.0,total,0,-2.1666215677814936e-09,-8.393591325536002e-14,0.0,18.0,0.0
-1.189873880716657,-0.7517751797248289,0.0,total,0,-2.1666215677814936e-09,-8.393591325536002e-14,0.0,18.0,0.0
-1.1848738807166568,-0.7467751797248288,0.0,total,0,-2.1666215677814936e-09,-8.393591325536002e-14,0.0,18.0,0.0
-1.1798738807166567,-0.7417751797248286,0.0,total,0,-2.1666215677814936e-09,-8.393591325536002e-14,0.0,18.0,0.0
-1.1748738807166568,-0.7367751797248288,0.0,total,0,-2.1666215677814936e-09,-8.393591325536002e-14,0.0,18.0,0.0
-1.4748738807166568,-1.0367751797248288,0.0,K,0,0.21307105988370076,8.25447058479092e-06,-0.15573466461625382,1.5694444444444446,-0.055555555555555566
-1.469873880716657,-1.031775179724829,0.0,K,0,0.21307105988370076,8.25447058479092e-06,-0.15573466461625382,1.5694444444444446,-0.055555555555555566
-1.4648738807166568,-1.0267751797248288,0.0,K,0,0.21307105988370076,8.25447058479092e-06,-0.15573466461625382,1.5694444444444446,-0.055555555555555566
-1.459873880716657,-1.021775179724829,0.0,K,0,0.306049152231372,1.1856484526678372e-05,-0.06275657226858254,1.6111111111111112,-0.013888888888888888
-1.4548738807166568,-1.0167751797248288,0.0,K,0,0.306049152231372,1.1856484526678372e-05,-0.06275657226858254,1.6111111111111112,-0.013888888888888888
-1.449873880716657,-1.0117751797248289,0.0,K,0,0.306049152231372,1.1856484526678372e-05,-0.06275657226858254,1.6111111111111112,-0.013888888888888888
-1.4448738807166568,-1.0067751797248288,0.0,K,0,0.306049152231372,1.1856484526678372e-05,-0.06275657226858254,1.6111111111111112,-0.013888888888888888
-1.439873880716657,-1.0017751797248289,0.0,K,0,0.306049152231372,1.1856484526678372e-05,-0.06275657226858254,1.6111111111111112,-0.013888888888888888
-1.4348738807166568,-0.9967751797248288,0.0,K,0,0.306049152231372,1.1856484526678372e-05,-0.06275657226858254,1.6111111111111112,-0.013888888888888888
-1.4298738807166569,-0.9917751797248289,0.0,K,0,0.306049152231372,1.1856484526678372e-05,-0.06275657226858254,1.6111111111111112,-0.013888888888888888
-1.4248738807166568,-0.9867751797248288,0.0,K,0,0.306049152231372,1.1856484526678372e-05,-0.06275657226858254,1.6111111111111112,-0.013888888888888888
-1.4198738807166569,-0.9817751797248289,0.0,K,0,0.3344535596456366,1.2956884297569079e-05,-0.03435216485431797,1.6180555555555556,-0.006944444444444444
-1.4148738807166568,-0.9767751797248287,0.0,K,0,0.3344535596456366,1.2956884297569079e-05,-0.03435216485431797,1.6180555555555556,-0.006944444444444444
-1.4098738807166569,-0.9717751797248289,0.0,K,0,0.3344535596456366,1.2956884297569079e-05,-0.03435216485431797,1.6180555555555556,-0.006944444444444444
-1.4048738807166568,-0.9667751797248287,0.0,K,0,0.3344535596456366,1.2956884297569079e-05,-0.03435216485431797,1.6180555555555556,-0.006944444444444444
-1.3998738807166569,-0.9617751797248288,0.0,K,0,0.3344535596456366,1.2956884297569079e-05,-0.03435216485431797,1.6180555555555556,-0.006944444444444444
-1.3948738807166567,-0.9567751797248287,0.0,K,0,0.3344535596456366,1.2956884297569079e-05,-0.03435216485431797,1.6180555555555556,-0.006944444444444444
-1.3898738807166569,-0.9517751797248288,0.0,K,0,0.3344535596456366,1.2956884297569079e-05,-0.03435216485431797,1.6180555555555556,-0.006944444444444444
-1.3848738807166567,-0.9467751797248287,0.0,K,0,0.3344535596456366,1.2956884297569079e-05,-0.03435216485431797,1.6180555555555556,-0.006944444444444444
-1.3798738807166568,-0.9417751797248288,0.0,K,0,0.3344535596456366,1.2956884297569079e-05,-0.03435216485431797,1.6180555555555556,-0.006944444444444444
-1.3748738807166567,-0.9367751797248287,0.0,K,0,0.3344535596456366,1.2956884297569079e-05,-0.03435216485431797,1.6180555555555556,-0.006944444444444444
-1.3698738807166568,-0.9317751797248288,0.0,K,0,0.3344535596456366,1.2956884297569079e-05,-0.03435216485431797,1.6180555555555556,-0.006944444444444444
-1.3648738807166567,-0.9267751797248287,0.0,K,0,0.3344535596456366,1.2956884297569079e-05,-0.03435216485431797,1.6180555555555556,-0.006944444444444444
-1.3598738807166568,-0.9217751797248288,0.0,K,0,0.3344535596456366,1.2956884297569079e-05,-0.03435216485431797,1.6180555555555556,-0.006944444444444444
-1.3548738807166567,-0.9167751797248287,0.0,K,0,0.3344535596456366,1.2956884297569079e-05,-0.03435216485431797,1.6180555555555556,-0.006944444444444444
-1.3498738807166568,-0.9117751797248288,0.0,K,0,0.3344535596456366,1.2956884297569079e-05,-0.03435216485431797,1.6180555555555556,-0.006944444444444444
-1.3448738807166567,-0.9067751797248287,0.0,K,0,0.3344535596456366,1.2956884297569079e-05,-0.03435216485431797,1.6180555555555556,-0.006944444444444444
-1.3398738807166568,-0.9017751797248288,0.0,K,0,0.3344535596456366,1.2956884297569079e-05,-0.03435216485431797,1.6180555555555556,-0.006944444444444444
-1.334873880716657,-0.8967751797248289,0.0,K,0,0.3344535596456366,1.2956884297569079e-05,-0.03435216485431797,1.6180555555555556,-0.006944444444444444
-1.3298738807166568,-0.8917751797248288,0.0,K,0,0.3344535596456366,1.2956884297569079e-05,-0.03435216485431797,1.6180555555555556,-0.006944444444444444
-1.3248738807166567,-0.8867751797248287,0.0,K,0,0.3344535596456366,1.2956884297569079e-05,-0.03435216485431797,1.6180555555555556,-0.006944444444444444
-1.3198738807166568,-0.8817751797248288,0.0,K,0,0.3344535596456366,1.2956884297569079e-05,-0.03435216485431797,1.6180555555555556,-0.006944444444444444
-1.314873880716657,-0.8767751797248289,0.0,K,0,0.33445355964563656,1.2956884297569075e-05,-0.03435216485431796,1.6180555555555556,-0.006944444444444444
-1.3098738807166568,-0.8717751797248288,0.0,K,0,0.33445355964563656,1.2956884297569075e-05,-0.03435216485431796,1.6180555555555556,-0.006944444444444444
-1.3048738807166567,-0.8667751797248286,0.0,K,0,0.33445355964563656,1.2956884297569075e-05,-0.03435216485431796,1.6180555555555556,-0.006944444444444444
-1.2998738807166568,-0.8617751797248288,0.0,K,0,0.33445355964563656,1.2956884297569075e-05,-0.03435216485431796,1.6180555555555556,-0.006944444444444444
-1.2948738807166569,-0.8567751797248289,0.0,K,0,0.33445355964563656,1.2956884297569075e-05,-0.03435216485431796,1.6180555555555556,-0.006944444444444444
-1.2898738807166568,-0.8517751797248287,0.0,K,0,0.33445355964563656,1.2956884297569075e-05,-0.03435216485431796,1.6180555555555556,-0.006944444444444444
-1.2848738807166569,-0.8467751797248289,0.0,K,0,0.33445355964563656,1.2956884297569075e-05,-0.03435216485431796,1.6180555555555556,-0.006944444444444444
-1.2798738807166568,-0.8417751797248287,0.0,K,0,0.33445355964563656,1.2956884297569075e-05,-0.03435216485431796,1.6180555555555556,-0.006944444444444444
-1.2748738807166569,-0.8367751797248288,0.0,K,0,0.3688057244999545,1.4287702919622345e-05,0.0,1.625,0.0
-1.2698738807166567,-0.8317751797248287,0.0,K,0,0.3688057244999545,1.4287702919622345e-05,0.0,1.625,0.0
-1.2648738807166569,-0.8267751797248288,0.0,K,0,0.3688057244999545,1.4287702919622345e-05,0.0,1.625,0.0
-1.2598738807166567,-0.8217751797248287,0.0,K,0,0.3688057244999545,1.4287702919622345e-05,0.0,1.625,0.0
-1.2548738807166568,-0.8167751797248288,0.0,K,0,0.3688057244999545,1.4287702919622345e-05,0.0,1.625,0.0
-1.2498738807166567,-0.8117751797248287,0.0,K,0,0.3688057244999545,1.4287702919622345e-05,0.0,1.625,0.0
-1.2448738807166568,-0.8067751797248288,0.0,K,0,0.3688057244999545,1.4287702919622345e-05,0.0,1.625,0.0
-1.2398738807166567,-0.8017751797248287,0.0,K,0,0.3688057244999545,1.4287702919622345e-05,0.0,1.625,0.0
-1.2348738807166568,-0.7967751797248288,0.0,K,0,0.3688057244999545,1.4287702919622345e-05,0.0,1.625,0.0
-1.2298738807166567,-0.7917751797248287,0.0,K,0,0.3688057244999545,1.4287702919622345e-05,0.0,1.625,0.0
-1.2248738807166568,-0.7867751797248288,0.0,K,0,0.3688057244999545,1.4287702919622345e-05,0.0,1.625,0.0
-1.2198738807166567,-0.7817751797248287,0.0,K,0,0.3688057244999545,1.4287702919622345e-05,0.0,1.625,0.0
-1.2148738807166568,-0.7767751797248288,0.0,K,0,0.3688057244999545,1.4287702919622345e-05,0.0,1.625,0.0
-1.2098738807166567,-0.7717751797248287,0.0,K,0,0.3688057244999545,1.4287702919622345e-05,0.0,1.625,0.0
-1.2048738807166568,-0.7667751797248288,0.0,K,0,0.3688057244999545,1.4287702919622345e-05,0.0,1.625,0.0
-1.1998738807166567,-0.7617751797248287,0.0,K,0,0.3688057244999545,1.4287702919622345e-05,0.0,1.625,0.0
-1.1948738807166568,-0.7567751797248288,0.0,K,0,0.3688057244999545,1.4287702919622345e-05,0.0,1.625,0.0
-1.189873880716657,-0.7517751797248289,0.0,K,0,0.3688057244999545,1.4287702919622345e-05,0.0,1.625,0.0
-1.1848738807166568,-0.7467751797248288,0.0,K,0,0.3688057244999545,1.4287702919622345e-05,0.0,1.625,0.0
-1.1798738807166567,-0.7417751797248286,0.0,K,0,0.3688057244999545,1.4287702919622345e-05,0.0,1.625,0.0
-1.1748738807166568,-0.7367751797248288,0.0,K,0,0.3688057244999545,1.4287702919622345e-05,0.0,1.625,0.0
-1.4748738807166568,-1.0367751797248288,0.0,Kprime,0,-0.21307105786764105,-8.254470506687843e-06,0.15573466819306903,1.5694444444444446,-0.055555555555555566
-1.469873880716657,-1.031775179724829,0.0,Kprime,0,-0.21307105786764105,-8.254470506687843e-06,0.15573466819306903,1.5694444444444446,-0.055555555555555566
-1.4648738807166568,-1.0267751797248288,0.0,Kprime,0,-0.21307105786764105,-8.254470506687843e-06,0.15573466819306903,1.5694444444444446,-0.055555555555555566
-1.459873880716657,-1.021775179724829,0.0,Kprime,0,-0.3060491516559229,-1.1856484504385208e-05,0.06275657440478721,1.6111111111111112,-0.013888888888888888
-1.4548738807166568,-1.0167751797248288,0.0,Kprime,0,-0.3060491516559229,-1.1856484504385208e-05,0.06275657440478721,1.6111111111111112,-0.013888888888888888
-1.449873880716657,-1.0117751797248289,0.0,Kprime,0,-0.3060491516559229,-1.1856484504385208e-05,0.06275657440478721,1.6111111111111112,-0.013888888888888888
-1.4448738807166568,-1.0067751797248288,0.0,Kprime,0,-0.3060491516559229,-1.1856484504385208e-05,0.06275657440478721,1.6111111111111112,-0.013888888888888888
-1.439873880716657,-1.0017751797248289,0.0,Kprime,0,-0.3060491516559229,-1.1856484504385208e-05,0.06275657440478721,1.6111111111111112,-0.013888888888888888
-1.4348738807166568,-0.9967751797248288,0.0,Kprime,0,-0.3060491516559229,-1.1856484504385208e-05,0.06275657440478721,1.6111111111111112,-0.013888888888888888
-1.4298738807166569,-0.9917751797248289,0.0,Kprime,0,-0.3060491516559229,-1.1856484504385208e-05,0.06275657440478721,1.6111111111111112,-0.013888888888888888
-1.4248738807166568,-0.9867751797248288,0.0,Kprime,0,-0.3060491516559229,-1.1856484504385208e-05,0.06275657440478721,1.6111111111111112,-0.013888888888888888
-1.4198738807166569,-0.9817751797248289,0.0,Kprime,0,-0.3344535603692102,-1.295688432560065e-05,0.03435216569149994,1.6180555555555556,-0.006944444444444444
-1.4148738807166568,-0.9767751797248287,0.0,Kprime,0,-0.3344535603692102,-1.295688432560065e-05,0.03435216569149994,1.6180555555555556,-0.006944444444444444
-1.4098738807166569,-0.9717751797248289,0.0,Kprime,0,-0.3344535603692102,-1.295688432560065e-05,0.03435216569149994,1.6180555555555556,-0.006944444444444444
-1.4048738807166568,-0.9667751797248287,0.0,Kprime,0,-0.3344535603692102,-1.295688432560065e-05,0.03435216569149994,1.6180555555555556,-0.006944444444444444
-1.3998738807166569,-0.9617751797248288,0.0,Kprime,0,-0.3344535603692102,-1.295688432560065e-05,0.03435216569149994,1.6180555555555556,-0.006944444444444444
-1.3948738807166567,-0.9567751797248287,0.0,Kprime,0,-0.3344535603692102,-1.295688432560065e-05,0.03435216569149994,1.6180555555555556,-0.006944444444444444
-1.3898738807166569,-0.9517751797248288,0.0,Kprime,0,-0.3344535603692102,-1.295688432560065e-05,0.03435216569149994,1.6180555555555556,-0.006944444444444444
-1.3848738807166567,-0.9467751797248287,0.0,Kprime,0,-0.3344535603692102,-1.295688432560065e-05,0.03435216569149994,1.6180555555555556,-0.006944444444444444
-1.3798738807166568,-0.9417751797248288,0.0,Kprime,0,-0.3344535603692102,-1.295688432560065e-05,0.03435216569149994,1.6180555555555556,-0.006944444444444444
-1.3748738807166567,-0.9367751797248287,0.0,Kprime,0,-0.3344535603692102,-1.295688432560065e-05,0.03435216569149994,1.6180555555555556,-0.006944444444444444
-1.3698738807166568,-0.9317751797248288,0.0,Kprime,0,-0.3344535603692102,-1.295688432560065e-05,0.03435216569149994,1.6180555555555556,-0.006944444444444444
-1.3648738807166567,-0.9267751797248287,0.0,Kprime,0,-0.3344535603692102,-1.295688432560065e-05,0.03435216569149994,1.6180555555555556,-0.006944444444444444
-1.3598738807166568,-0.9217751797248288,0.0,Kprime,0,-0.3344535603692102,-1.295688432560065e-05,0.03435216569149994,1.6180555555555556,-0.006944444444444444
-1.3548738807166567,-0.9167751797248287,0.0,Kprime,0,-0.3344535603692102,-1.295688432560065e-05,0.03435216569149994,1.6180555555555556,-0.006944444444444444
-1.3498738807166568,-0.9117751797248288,0.0,Kprime,0,-0.3344535603692102,-1.295688432560065e-05,0.03435216569149994,1.6180555555555556,-0.006944444444444444
-1.3448738807166567,-0.9067751797248287,0.0,Kprime,0,-0.3344535603692102,-1.295688432560065e-05,0.03435216569149994,1.6180555555555556,-0.006944444444444444
-1.3398738807166568,-0.9017751797248288,0.0,Kprime,0,-0.3344535603692102,-1.295688432560065e-05,0.03435216569149994,1.6180555555555556,-0.006944444444444444
-1.334873880716657,-0.8967751797248289,0.0,Kprime,0,-0.3344535603692102,-1.295688432560065e-05,0.03435216569149994,1.6180555555555556,-0.006944444444444444
-1.3298738807166568,-0.8917751797248288,0.0,Kprime,0,-0.3344535603692102,-1.295688432560065e-05,0.03435216569149994,1.6180555555555556,-0.006944444444444444
-1.3248738807166567,-0.8867751797248287,0.0,Kprime,0,-0.3344535603692102,-1.295688432560065e-05,0.03435216569149994,1.6180555555555556,-0.006944444444444444
-1.3198738807166568,-0.8817751797248288,0.0,Kprime,0,-0.3344535603692102,-1.295688432560065e-05,0.03435216569149994,1.6180555555555556,-0.006944444444444444
-1.314873880716657,-0.8767751797248289,0.0,Kprime,0,-0.33445356036921015,-1.2956884325600648e-05,0.03435216569149993,1.6180555555555556,-0.006944444444444444
-1.3098738807166568,-0.8717751797248288,0.0,Kprime,0,-0.33445356036921015,-1.2956884325600648e-05,0.03435216569149993,1.6180555555555556,-0.006944444444444444
-1.3048738807166567,-0.8667751797248286,0.0,Kprime,0,-0.33445356036921015,-1.2956884325600648e-05,0.03435216569149993,1.6180555555555556,-0.006944444444444444
-1.2998738807166568,-0.8617751797248288,0.0,Kprime,0,-0.33445356036921015,-1.2956884325600648e-05,0.03435216569149993,1.6180555555555556,-0.006944444444444444
-1.2948738807166569,-0.8567751797248289,0.0,Kprime,0,-0.33445356036921015,-1.2956884325600648e-05,0.03435216569149993,1.6180555555555556,-0.006944444444444444
-1.2898738807166568,-0.8517751797248287,0.0,Kprime,0,-0.33445356036921015,-1.2956884325600648e-05,0.03435216569149993,1.6180555555555556,-0.006944444444444444
-1.2848738807166569,-0.8467751797248289,0.0,Kprime,0,-0.33445356036921015,-1.2956884325600648e-05,0.03435216569149993,1.6180555555555556,-0.006944444444444444
-1.2798738807166568,-0.8417751797248287,0.0,Kprime,0,-0.33445356036921015,-1.2956884325600648e-05,0.03435216569149993,1.6180555555555556,-0.006944444444444444
-1.2748738807166569,-0.8367751797248288,0.0,Kprime,0,-0.36880572606071005,-1.428770298008673e-05,0.0,1.625,0.0
-1.2698738807166567,-0.8317751797248287,0.0,Kprime,0,-0.36880572606071005,-1.428770298008673e-05,0.0,1.625,0.0
-1.2648738807166569,-0.8267751797248288,0.0,Kprime,0,-0.36880572606071005,-1.428770298008673e-05,0.0,1.625,0.0
-1.2598738807166567,-0.8217751797248287,0.0,Kprime,0,-0.36880572606071005,-1.428770298008673e-05,0.0,1.625,0.0
-1.2548738807166568,-0.8167751797248288,0.0,Kprime,0,-0.36880572606071005,-1.428770298008673e-05,0.0,1.625,0.0
-1.2498738807166567,-0.8117751797248287,0.0,Kprime,0,-0.36880572606071005,-1.428770298008673e-05,0.0,1.625,0.0
-1.2448738807166568,-0.8067751797248288,0.0,Kprime,0,-0.36880572606071005,-1.428770298008673e-05,0.0,1.625,0.0
-1.2398738807166567,-0.8017751797248287,0.0,Kprime,0,-0.36880572606071005,-1.428770298008673e-05,0.0,1.625,0.0
-1.2348738807166568,-0.7967751797248288,0.0,Kprime,0,-0.36880572606071005,-1.428770298008673e-05,0.0,1.625,0.0
-1.2298738807166567,-0.7917751797248287,0.0,Kprime,0,-0.36880572606071005,-1.428770298008673e-05,0.0,1.625,0.0
-1.2248738807166568,-0.7867751797248288,0.0,Kprime,0,-0.36880572606071005,-1.428770298008673e-05,0.0,1.625,0.0
-1.2198738807166567,-0.7817751797248287,0.0,Kprime,0,-0.36880572606071005,-1.428770298008673e-05,0.0,1.625,0.0
-1.2148738807166568,-0.7767751797248288,0.0,Kprime,0,-0.36880572606071005,-1.428770298008673e-05,0.0,1.625,0.0
-1.2098738807166567,-0.7717751797248287,0.0,Kprime,0,-0.36880572606071005,-1.428770298008673e-05,0.0,1.625,0.0
-1.2048738807166568,-0.7667751797248288,0.0,Kprime,0,-0.36880572606071005,-1.428770298008673e-05,0.0,1.625,0.0
-1.1998738807166567,-0.7617751797248287,0.0,Kprime,0,-0.36880572606071005,-1.428770298008673e-05,0.0,1.625,0.0
-1.1948738807166568,-0.7567751797248288,0.0,Kprime,0,-0.36880572606071005,-1.428770298008673e-05,0.0,1.625,0.0
-1.189873880716657,-0.7517751797248289,0.0,Kprime,0,-0.36880572606071005,-1.428770298008673e-05,0.0,1.625,0.0
-1.1848738807166568,-0.7467751797248288,0.0,Kprime,0,-0.36880572606071005,-1.428770298008673e-05,0.0,1.625,0.0
-1.1798738807166567,-0.7417751797248286,0.0,Kprime,0,-0.36880572606071005,-1.428770298008673e-05,0.0,1.625,0.0
-1.1748738807166568,-0.7367751797248288,0.0,Kprime,0,-0.36880572606071005,-1.428770298008673e-05,0.0,1.625,0.0
-1.4748738807166568,-1.0367751797248288,0.0,rest,0,-6.05866109058325e-10,-2.347153094499738e-14,0.0,14.75,0.0
-1.469873880716657,-1.031775179724829,0.0,rest,0,-6.05866109058325e-10,-2.347153094499738e-14,0.0,14.75,0.0
-1.4648738807166568,-1.0267751797248288,0.0,rest,0,-6.05866109058325e-10,-2.347153094499738e-14,0.0,14.75,0.0
-1.459873880716657,-1.021775179724829,0.0,rest,0,-6.05866109058325e-10,-2.347153094499738e-14,0.0,14.75,0.0
-1.4548738807166568,-1.0167751797248288,0.0,rest,0,-6.05866109058325e-10,-2.347153094499738e-14,0.0,14.75,0.0
-1.449873880716657,-1.0117751797248289,0.0,rest,0,-6.05866109058325e-10,-2.347153094499738e-14,0.0,14.75,0.0
-1.4448738807166568,-1.0067751797248288,0.0,rest,0,-6.05866109058325e-10,-2.347153094499738e-14,0.0,14.75,0.0
-1.439873880716657,-1.0017751797248289,0.0,rest,0,-6.05866109058325e-10,-2.347153094499738e-14,0.0,14.75,0.0
-1.4348738807166568,-0.9967751797248288,0.0,rest,0,-6.05866109058325e-10,-2.347153094499738e-14,0.0,14.75,0.0
-1.4298738807166569,-0.9917751797248289,0.0,rest,0,-6.05866109058325e-10,-2.347153094499738e-14,0.0,14.75,0.0
-1.4248738807166568,-0.9867751797248288,0.0,rest,0,-6.05866109058325e-10,-2.347153094499738e-14,0.0,14.75,0.0
-1.4198738807166569,-0.9817751797248289,0.0,rest,0,-6.05866109058325e-10,-2.347153094499738e-14,0.0,14.75,0.0
-1.4148738807166568,-0.9767751797248287,0.0,rest,0,-6.05866109058325e-10,-2.347153094499738e-14,0.0,14.75,0.0
-1.4098738807166569,-0.9717751797248289,0.0,rest,0,-6.05866109058325e-10,-2.347153094499738e-14,0.0,14.75,0.0
-1.4048738807166568,-0.9667751797248287,0.0,rest,0,-6.05866109058325e-10,-2.347153094499738e-14,0.0,14.75,0.0
-1.3998738807166569,-0.9617751797248288,0.0,rest,0,-6.05866109058325e-10,-2.347153094499738e-14,0.0,14.75,0.0
-1.3948738807166567,-0.9567751797248287,0.0,rest,0,-6.05866109058325e-10,-2.347153094499738e-14,0.0,14.75,0.0
-1.3898738807166569,-0.9517751797248288,0.0,rest,0,-6.05866109058325e-10,-2.347153094499738e-14,0.0,14.75,0.0
-1.3848738807166567,-0.9467751797248287,0.0,rest,0,-6.05866109058325e-10,-2.347153094499738e-14,0.0,14.75,0.0
-1.3798738807166568,-0.9417751797248288,0.0,rest,0,-6.05866109058325e-10,-2.347153094499738e-14,0.0,14.75,0.0
-1.3748738807166567,-0.9367751797248287,0.0,rest,0,-6.05866109058325e-10,-2.347153094499738e-14,0.0,14.75,0.0
-1.3698738807166568,-0.9317751797248288,0.0,rest,0,-6.05866109058325e-10,-2.347153094499738e-14,0.0,14.75,0.0
-1.3648738807166567,-0.9267751797248287,0.0,rest,0,-6.05866109058325e-10,-2.347153094499738e-14,0.0,14.75,0.0
-1.3598738807166568,-0.9217751797248288,0.0,rest,0,-6.05866109058325e-10,-2.347153094499738e-14,0.0,14.75,0.0
-1.3548738807166567,-0.9167751797248287,0.0,rest,0,-6.05866109058325e-10,-2.347153094499738e-14,0.0,14.75,0.0
-1.3498738807166568,-0.9117751797248288,0.0,rest,0,-6.05866109058325e-10,-2.347153094499738e-14,0.0,14.75,0.0
-1.3448738807166567,-0.9067751797248287,0.0,rest,0,-6.05866109058325e-10,-2.347153094499738e-14,0.0,14.75,0.0
-1.3398738807166568,-0.9017751797248288,0.0,rest,0,-6.05866109058325e-10,-2.347153094499738e-14,0.0,14.75,0.0
-1.334873880716657,-0.8967751797248289,0.0,rest,0,-6.05866109058325e-10,-2.347153094499738e-14,0.0,14.75,0.0
-1.3298738807166568,-0.8917751797248288,0.0,rest,0,-6.05866109058325e-10,-2.347153094499738e-14,0.0,14.75,0.0
-1.3248738807166567,-0.8867751797248287,0.0,rest,0,-6.05866109058325e-10,-2.347153094499738e-14,0.0,14.75,0.0
-1.3198738807166568,-0.8817751797248288,0.0,rest,0,-6.05866109058325e-10,-2.347153094499738e-14,0.0,14.75,0.0
-1.314873880716657,-0.8767751797248289,0.0,rest,0,-6.058660707161355e-10,-2.347152945960337e-14,0.0,14.75,0.0
-1.3098738807166568,-0.8717751797248288,0.0,rest,0,-6.058660707161355e-10,-2.347152945960337e-14,0.0,14.75,0.0
-1.3048738807166567,-0.8667751797248286,0.0,rest,0,-6.058660707161355e-10,-2.347152945960337e-14,0.0,14.75,0.0
-1.2998738807166568,-0.8617751797248288,0.0,rest,0,-6.058660707161355e-10,-2.347152945960337e-14,0.0,14.75,0.0
-1.2948738807166569,-0.8567751797248289,0.0,rest,0,-6.058660707161355e-10,-2.347152945960337e-14,0.0,14.75,0.0
-1.2898738807166568,-0.8517751797248287,0.0,rest,0,-6.058660707161355e-10,-2.347152945960337e-14,0.0,14.75,0.0
-1.2848738807166569,-0.8467751797248289,0.0,rest,0,-6.058660707161355e-10,-2.347152945960337e-14,0.0,14.75,0.0
-1.2798738807166568,-0.8417751797248287,0.0,rest,0,-6.058660707161355e-10,-2.347152945960337e-14,0.0,14.75,0.0
-1.2748738807166569,-0.8367751797248288,0.0,rest,0,-6.058660707161355e-10,-2.347152945960337e-14,0.0,14.75,0.0
-1.2698738807166567,-0.8317751797248287,0.0,rest,0,-6.058660707161355e-10,-2.347152945960337e-14,0.0,14.75,0.0
-1.2648738807166569,-0.8267751797248288,0.0,rest,0,-6.058660707161355e-10,-2.347152945960337e-14,0.0,14.75,0.0
-1.2598738807166567,-0.8217751797248287,0.0,rest,0,-6.058660707161355e-10,-2.347152945960337e-14,0.0,14.75,0.0
-1.2548738807166568,-0.8167751797248288,0.0,rest,0,-6.058660707161355e-10,-2.347152945960337e-14,0.0,14.75,0.0
-1.2498738807166567,-0.8117751797248287,0.0,rest,0,-6.058660707161355e-10,-2.347152945960337e-14,0.0,14.75,0.0
-1.2448738807166568,-0.8067751797248288,0.0,rest,0,-6.058660707161355e-10,-2.347152945960337e-14,0.0,14.75,0.0
-1.2398738807166567,-0.8017751797248287,0.0,rest,0,-6.058660707161355e-10,-2.347152945960337e-14,0.0,14.75,0.0
-1.2348738807166568,-0.7967751797248288,0.0,rest,0,-6.058660707161355e-10,-2.347152945960337e-14,0.0,14.75,0.0
-1.2298738807166567,-0.7917751797248287,0.0,rest,0,-6.058660707161355e-10,-2.347152945960337e-14,0.0,14.75,0.0
-1.2248738807166568,-0.7867751797248288,0.0,rest,0,-6.058660707161355e-10,-2.347152945960337e-14,0.0,14.75,0.0
-1.2198738807166567,-0.7817751797248287,0.0,rest,0,-6.058660707161355e-10,-2.347152945960337e-14,0.0,14.75,0.0
-1.2148738807166568,-0.7767751797248288,0.0,rest,0,-6.058660707161355e-10,-2.347152945960337e-14,0.0,14.75,0.0
-1.2098738807166567,-0.7717751797248287,0.0,rest,0,-6.058660707161355e-10,-2.347152945960337e-14,0.0,14.75,0.0
-1.2048738807166568,-0.7667751797248288,0.0,rest,0,-6.058660707161355e-10,-2.347152945960337e-14,0.0,14.75,0.0
-1.1998738807166567,-0.7617751797248287,0.0,rest,0,-6.058660707161355e-10,-2.347152945960337e-14,0.0,14.75,0.0
-1.1948738807166568,-0.7567751797248288,0.0,rest,0,-6.058660707161355e-10,-2.347152945960337e-14,0.0,14.75,0.0
-1.189873880716657,-0.7517751797248289,0.0,rest,0,-6.058660707161355e-10,-2.347152945960337e-14,0.0,14.75,0.0
-1.1848738807166568,-0.7467751797248288,0.0,rest,0,-6.058660707161355e-10,-2.347152945960337e-14,0.0,14.75,0.0
-1.1798738807166567,-0.7417751797248286,0.0,rest,0,-6.058660707161355e-10,-2.347152945960337e-14,0.0,14.75,0.0
-1.1748738807166568,-0.7367751797248288,0.0,rest,0,-6.058660707161355e-10,-2.347152945960337e-14,0.0,14.75,0.0
-1.4748738807166568,-1.0367751797248288,0.0,valley,0,0.4261421177513418,1.6508941091478765e-05,-0.3114693328093229,0.0,3.469446951953614e-18
-1.469873880716657,-1.031775179724829,0.0,valley,0,0.4261421177513418,1.6508941091478765e-05,-0.3114693328093229,0.0,3.469446951953614e-18
-1.4648738807166568,-1.0267751797248288,0.0,valley,0,0.4261421177513418,1.6508941091478765e-05,-0.3114693328093229,0.0,3.469446951953614e-18
-1.459873880716657,-1.021775179724829,0.0,valley,0,0.6120983038872949,2.371296903106358e-05,-0.12551314667336977,0.0,0.0
-1.4548738807166568,-1.0167751797248288,0.0,valley,0,0.6120983038872949,2.371296903106358e-05,-0.12551314667336977,0.0,0.0
-1.449873880716657,-1.0117751797248289,0.0,valley,0,0.6120983038872949,2.371296903106358e-05,-0.12551314667336977,0.0,0.0
-1.4448738807166568,-1.0067751797248288,0.0,valley,0,0.6120983038872949,2.371296903106358e-05,-0.12551314667336977,0.0,0.0
-1.439873880716657,-1.0017751797248289,0.0,valley,0,0.6120983038872949,2.371296903106358e-05,-0.12551314667336977,0.0,0.0
-1.4348738807166568,-0.9967751797248288,0.0,valley,0,0.6120983038872949,2.371296903106358e-05,-0.12551314667336977,0.0,0.0
-1.4298738807166569,-0.9917751797248289,0.0,valley,0,0.6120983038872949,2.371296903106358e-05,-0.12551314667336977,0.0,0.0
-1.4248738807166568,-0.9867751797248288,0.0,valley,0,0.6120983038872949,2.371296903106358e-05,-0.12551314667336977,0.0,0.0
-1.4198738807166569,-0.9817751797248289,0.0,valley,0,0.6689071200148469,2.591376862316973e-05,-0.0687043305458179,0.0,0.0
-1.4148738807166568,-0.9767751797248287,0.0,valley,0,0.6689071200148469,2.591376862316973e-05,-0.0687043305458179,0.0,0.0
-1.4098738807166569,-0.9717751797248289,0.0,valley,0,0.6689071200148469,2.591376862316973e-05,-0.0687043305458179,0.0,0.0
-1.4048738807166568,-0.9667751797248287,0.0,valley,0,0.6689071200148469,2.591376862316973e-05,-0.0687043305458179,0.0,0.0
-1.3998738807166569,-0.9617751797248288,0.0,valley,0,0.6689071200148469,2.591376862316973e-05,-0.0687043305458179,0.0,0.0
-1.3948738807166567,-0.9567751797248287,0.0,valley,0,0.6689071200148469,2.591376862316973e-05,-0.0687043305458179,0.0,0.0
-1.3898738807166569,-0.9517751797248288,0.0,valley,0,0.6689071200148469,2.591376862316973e-05,-0.0687043305458179,0.0,0.0
-1.3848738807166567,-0.9467751797248287,0.0,valley,0,0.6689071200148469,2.591376862316973e-05,-0.0687043305458179,0.0,0.0
-1.3798738807166568,-0.9417751797248288,0.0,valley,0,0.6689071200148469,2.591376862316973e-05,-0.0687043305458179,0.0,0.0
-1.3748738807166567,-0.9367751797248287,0.0,valley,0,0.6689071200148469,2.591376862316973e-05,-0.0687043305458179,0.0,0.0
-1.3698738807166568,-0.9317751797248288,0.0,valley,0,0.6689071200148469,2.591376862316973e-05,-0.0687043305458179,0.0,0.0
-1.3648738807166567,-0.9267751797248287,0.0,valley,0,0.6689071200148469,2.591376862316973e-05,-0.0687043305458179,0.0,0.0
-1.3598738807166568,-0.9217751797248288,0.0,valley,0,0.6689071200148469,2.591376862316973e-05,-0.0687043305458179,0.0,0.0
-1.3548738807166567,-0.9167751797248287,0.0,valley,0,0.6689071200148469,2.591376862316973e-05,-0.0687043305458179,0.0,0.0
-1.3498738807166568,-0.9117751797248288,0.0,valley,0,0.6689071200148469,2.591376862316973e-05,-0.0687043305458179,0.0,0.0
-1.3448738807166567,-0.9067751797248287,0.0,valley,0,0.6689071200148469,2.591376862316973e-05,-0.0687043305458179,0.0,0.0
-1.3398738807166568,-0.9017751797248288,0.0,valley,0,0.6689071200148469,2.591376862316973e-05,-0.0687043305458179,0.0,0.0
-1.334873880716657,-0.8967751797248289,0.0,valley,0,0.6689071200148469,2.591376862316973e-05,-0.0687043305458179,0.0,0.0
-1.3298738807166568,-0.8917751797248288,0.0,valley,0,0.6689071200148469,2.591376862316973e-05,-0.0687043305458179,0.0,0.0
-1.3248738807166567,-0.8867751797248287,0.0,valley,0,0.6689071200148469,2.591376862316973e-05,-0.0687043305458179,0.0,0.0
-1.3198738807166568,-0.8817751797248288,0.0,valley,0,0.6689071200148469,2.591376862316973e-05,-0.0687043305458179,0.0,0.0
-1.314873880716657,-0.8767751797248289,0.0,valley,0,0.6689071200148469,2.591376862316973e-05,-0.0687043305458179,0.0,0.0
-1.3098738807166568,-0.8717751797248288,0.0,valley,0,0.6689071200148469,2.591376862316973e-05,-0.0687043305458179,0.0,0.0
-1.3048738807166567,-0.8667751797248286,0.0,valley,0,0.6689071200148469,2.591376862316973e-05,-0.0687043305458179,0.0,0.0
-1.2998738807166568,-0.8617751797248288,0.0,valley,0,0.6689071200148469,2.591376862316973e-05,-0.0687043305458179,0.0,0.0
-1.2948738807166569,-0.8567751797248289,0.0,valley,0,0.6689071200148469,2.591376862316973e-05,-0.0687043305458179,0.0,0.0
-1.2898738807166568,-0.8517751797248287,0.0,valley,0,0.6689071200148469,2.591376862316973e-05,-0.0687043305458179,0.0,0.0
-1.2848738807166569,-0.8467751797248289,0.0,valley,0,0.6689071200148469,2.591376862316973e-05,-0.0687043305458179,0.0,0.0
-1.2798738807166568,-0.8417751797248287,0.0,valley,0,0.6689071200148469,2.591376862316973e-05,-0.0687043305458179,0.0,0.0
-1.2748738807166569,-0.8367751797248288,0.0,valley,0,0.7376114505606646,2.8575405899709074e-05,0.0,0.0,0.0
-1.2698738807166567,-0.8317751797248287,0.0,valley,0,0.7376114505606646,2.8575405899709074e-05,0.0,0.0,0.0
-1.2648738807166569,-0.8267751797248288,0.0,valley,0,0.7376114505606646,2.8575405899709074e-05,0.0,0.0,0.0
-1.2598738807166567,-0.8217751797248287,0.0,valley,0,0.7376114505606646,2.8575405899709074e-05,0.0,0.0,0.0
-1.2548738807166568,-0.8167751797248288,0.0,valley,0,0.7376114505606646,2.8575405899709074e-05,0.0,0.0,0.0
-1.2498738807166567,-0.8117751797248287,0.0,valley,0,0.7376114505606646,2.8575405899709074e-05,0.0,0.0,0.0
-1.2448738807166568,-0.8067751797248288,0.0,valley,0,0.7376114505606646,2.8575405899709074e-05,0.0,0.0,0.0
-1.2398738807166567,-0.8017751797248287,0.0,valley,0,0.7376114505606646,2.8575405899709074e-05,0.0,0.0,0.0
-1.2348738807166568,-0.7967751797248288,0.0,valley,0,0.7376114505606646,2.8575405899709074e-05,0.0,0.0,0.0
-1.2298738807166567,-0.7917751797248287,0.0,valley,0,0.7376114505606646,2.8575405899709074e-05,0.0,0.0,0.0
-1.2248738807166568,-0.7867751797248288,0.0,valley,0,0.7376114505606646,2.8575405899709074e-05,0.0,0.0,0.0
-1.2198738807166567,-0.7817751797248287,0.0,valley,0,0.7376114505606646,2.8575405899709074e-05,0.0,0.0,0.0
-1.2148738807166568,-0.7767751797248288,0.0,valley,0,0.7376114505606646,2.8575405899709074e-05,0.0,0.0,0.0
-1.2098738807166567,-0.7717751797248287,0.0,valley,0,0.7376114505606646,2.8575405899709074e-05,0.0,0.0,0.0
-1.2048738807166568,-0.7667751797248288,0.0,valley,0,0.7376114505606646,2.8575405899709074e-05,0.0,0.0,0.0
-1.1998738807166567,-0.7617751797248287,0.0,valley,0,0.7376114505606646,2.8575405899709074e-05,0.0,0.0,0.0
-1.1948738807166568,-0.7567751797248288,0.0,valley,0,0.7376114505606646,2.8575405899709074e-05,0.0,0.0,0.0
-1.189873880716657,-0.7517751797248289,0.0,valley,0,0.7376114505606646,2.8575405899709074e-05,0.0,0.0,0.0
-1.1848738807166568,-0.7467751797248288,0.0,valley,0,0.7376114505606646,2.8575405899709074e-05,0.0,0.0,0.0
-1.1798738807166567,-0.7417751797248286,0.0,valley,0,0.7376114505606646,2.8575405899709074e-05,0.0,0.0,0.0
-1.1748738807166568,-0.7367751797248288,0.0,valley,0,0.7376114505606646,2.8575405899709074e-05,0.0,0.0,0.0
-1.4748738807166568,-1.0367751797248288,300.0,total,0,-2.4331887034316034e-09,-9.42628463512803e-14,-2.6656677292432074e-10,17.917928761562543,-0.08207123843745955
-1.469873880716657,-1.031775179724829,300.0,total,0,-2.5973536213260743e-09,-1.0062267056463978e-13,-4.3073198568078797e-10,17.92288662415439,-0.07711337584560693
-1.4648738807166568,-1.0267751797248288,300.0,total,0,-2.6882698148280035e-09,-1.0414480559955468e-13,-5.216482394782465e-10,17.92786512877909,-0.07213487122091475
-1.459873880716657,-1.021775179724829,300.0,total,0,-2.7022495517418746e-09,-1.0468638701939485e-13,-5.35627636024902e-10,17.93281586695477,-0.06718413304523321
-1.4548738807166568,-1.0167751797248288,300.0,total,0,-2.64166935861162e-09,-1.0233948255246451e-13,-4.750479849756659e-10,17.937683889772273,-0.062316110227729635
-1.449873880716657,-1.0117751797248289,300.0,total,0,-2.5150169657455655e-09,-9.743291076379992e-14,-3.483953640757494e-10,17.942413079750747,-0.05758692024924872
-1.4448738807166568,-1.0067751797248288,300.0,total,0,-2.3359879567639358e-09,-9.049724484431867e-14,-1.693663356470483e-10,17.946951072583577,-0.05304892741642894
-1.439873880716657,-1.0017751797248289,300.0,total,0,-2.1218264222710977e-09,-8.220052877302433e-14,4.479515841875897e-11,17.95125307712627,-0.048746922873731655
-1.4348738807166568,-0.9967751797248288,300.0,total,0,-1.891227587626306e-09,-7.326702415488681e-14,2.753937804712626e-10,17.955284237442584,-0.044715762557412136
-1.4298738807166569,-0.9917751797248289,300.0,total,0,-1.6622022657643095e-09,-6.439447814364533e-14,5.044195100266475e-10,17.9590205241502,-0.040979475849800814
-1.4248738807166568,-0.9867751797248288,300.0,total,0,-1.4502493436664303e-09,-5.618332472951026e-14,7.163720987279837e-10,17.962448420744543,-0.03755157925546527
-1.4198738807166569,-0.9817751797248289,300.0,total,0,-1.2670975156504416e-09,-4.908793890970981e-14,8.995241378828964e-10,17.96556381380865,-0.03443618619134775
-1.4148738807166568,-0.9767751797248287,300.0,total,0,-1.1201151235874038e-09,-4.339377362781381e-14,1.0465063284546173e-09,17.96837049691975,-0.03162950308024826
-1.4098738807166569,-0.9717751797248289,300.0,total,0,-1.0123882074692892e-09,-3.922038348852142e-14,1.1542335543343817e-09,17.970878600638155,-0.029121399361849005
-1.4048738807166568,-0.9667751797248287,300.0,total,0,-9.433226684219587e-10,-3.6544752828965436e-14,1.2232989765277982e-09,17.97310312932324,-0.026896870676761074
-1.3998738807166569,-0.9617751797248288,300.0,total,0,-9.095894015845258e-10,-3.523791059994345e-14,1.2570321067908362e-09,17.975062673123492,-0.024937326876519218
-1.3948738807166567,-0.9567751797248287,300.0,total,0,-9.061848697703964e-10,-3.510601747597788e-14,1.2604367123836625e-09,17.97677829635588,-0.023221703644128344
-1.3898738807166569,-0.9517751797248288,300.0,total,0,-9.274266234120041e-10,-3.592893275456959e-14,1.2391949057757918e-09,17.97827258049228,-0.021727419507724173
-1.3848738807166567,-0.9467751797248287,300.0,total,0,-9.677567150755378e-10,-3.749133900298393e-14,1.1988646773578818e-09,17.979568804298633,-0.020431195701369982
-1.3798738807166568,-0.9417751797248288,300.0,total,0,-1.022295509842887e-09,-3.960419692645207e-14,1.1443263419725614e-09,17.980690256314016,-0.019309743685992465
-1.3748738807166567,-0.9367751797248287,300.0,total,0,-1.0871474176649001e-09,-4.2116589579760174e-14,1.0794740167711531e-09,17.981659683233026,-0.018340316766980645
-1.3698738807166568,-0.9317751797248288,300.0,total,0,-1.1595120785070763e-09,-4.492002973078844e-14,1.0071096456291064e-09,17.982498877732628,-0.017501122267372535
-1.3648738807166567,-0.9267751797248287,300.0,total,0,-1.237640382615619e-09,-4.79467560654468e-14,9.289812370789293e-10,17.98322840266684,-0.01677159733317716
-1.3598738807166568,-0.9217751797248288,300.0,total,0,-1.320712179294254e-09,-5.1164995569600024e-14,8.459093863941679e-10,17.98386743933662,-0.016132560663382527
-1.3548738807166567,-0.9167751797248287,300.0,total,0,-1.4086625650770303e-09,-5.4572233853209264e-14,7.579589667925859e-10,17.984433739175085,-0.01556626082492455
-1.3498738807166568,-0.9117751797248288,300.0,total,0,-1.501993904619887e-09,-5.818793275345478e-14,6.646276346502815e-10,17.98494365246175,-0.015056347538247118
-1.3448738807166567,-0.9067751797248287,300.0,total,0,-1.6015836165788936e-09,-6.20460838715002e-14,5.650382105878308e-10,17.985412204866297,-0.014587795133699611
-1.3398738807166568,-0.9017751797248288,300.0,total,0,-1.7084891464348494e-09,-6.61876531302683e-14,4.5813234010473433e-10,17.985853192123557,-0.01414680787645383
-1.334873880716657,-0.8967751797248289,300.0,total,0,-1.8237525595649597e-09,-7.065301062041462e-14,3.4286878157201314e-10,17.98627926419797,-0.013720735802032468
-1.3298738807166568,-0.8917751797248288,300.0,total,0,-1.9481886877420325e-09,-7.547372329853978e-14,2.1843270509468868e-10,17.986701972461187,-0.01329802753881709
-1.3248738807166567,-0.8867751797248287,300.0,total,0,-2.082163160141542e-09,-8.066395580659721e-14,8.445873154568147e-11,17.98713175681538,-0.012868243184623736
-1.3198738807166568,-0.8817751797248288,300.0,total,0,-2.2253584932521333e-09,-8.621140868774342e-14,-5.873684289479257e-11,17.987577855099268,-0.01242214490071857
-1.314873880716657,-0.8767751797248289,300.0,total,0,-2.3765523209130763e-09,-9.206872691627433e-14,-2.099306673668527e-10,17.98804812570571,-0.011951874294283725
-1.3098738807166568,-0.8717751797248288,300.0,total,0,-2.5334256788802508e-09,-9.814607275378135e-14,-3.6680458206534384e-10,17.98854878732226,-0.011451212677740363
-1.3048738807166567,-0.8667751797248286,300.0,total,0,-2.6924624391467596e-09,-1.0430722978860757e-13,-5.258408666016947e-10,17.98908409754628,-0.010915902453716328
-1.2998738807166568,-0.8617751797248288,300.0,total,0,-2.84897543218863e-09,-1.1037061492362719e-13,-6.823540383636102e-10,17.98965601357473,-0.01034398642526214
-1.2948738807166569,-0.8567751797248289,300.0,total,0,-2.9973288194989855e-09,-1.1611789319021033e-13,-8.307071204954726e-10,17.990263899372692,-0.009736100627315267
-1.2898738807166568,-0.8517751797248287,300.0,total,0,-3.131357617711294e-09,-1.2131023030517208e-13,-9.647361068358499e-10,17.99090435805305,-0.009095641946941149
-1.2848738807166569,-0.8467751797248289,300.0,total,0,-3.2449813555843084e-09,-1.2571206602382256e-13,-1.0783600534896149e-09,17.99157126757731,-0.00842873242270535
-1.2798738807166568,-0.8417751797248287,300.0,total,0,-3.332918826044343e-09,-1.2911880396190518e-13,-1.1662970231154643e-09,17.992256075947207,-0.007743924052770153
-1.2748738807166569,-0.8367751797248288,300.0,total,0,-3.3913785920187736e-09,-1.3138356210828644e-13,-1.2247571151249728e-09,17.99294836831012,-0.0070516316898813535
-1.2698738807166567,-0.8317751797248287,300.0,total,0,-3.4185851474835573e-09,-1.3243755654526025e-13,-1.2519636114075066e-09,17.993636661159506,-0.006363338840496468
-1.2648738807166569,-0.8267751797248288,300.0,total,0,-3.4150029730329666e-09,-1.3229878146408252e-13,-1.2483817359625e-09,17.9943093242981,-0.005690675701899084
-1.2598738807166567,-0.8217751797248287,300.0,total,0,-3.3832238126382546e-09,-1.310676422149011e-13,-1.216602369536679e-09,17.994955497797626,-0.00504450220238145
-1.2548738807166568,-0.8167751797248288,300.0,total,0,-3.3275382784358363e-09,-1.2891035907976714e-13,-1.1609170157759552e-09,17.995565871074806,-0.0044341289251961825
-1.2498738807166567,-0.8117751797248287,300.0,total,0,-3.253314166554244e-09,-1.2603488294263593e-13,-1.0866928651948667e-09,17.99613322440833,-0.0038667755916710366
-1.2448738807166568,-0.8067751797248288,300.0,total,0,-3.166312167885729e-09,-1.226643856108103e-13,-9.996906266720969e-10,17.996652687528893,-0.003347312471099144
-1.2398738807166567,-0.8017751797248287,300.0,total,0,-3.0720770063638217e-09,-1.19013672232559e-13,-9.054553327881525e-10,17.997121726978083,-0.0028782730219251837
-1.2348738807166568,-0.7967751797248288,300.0,total,0,-2.9754876516579223e-09,-1.1527175633061078e-13,-8.088662216240184e-10,17.997539917558946,-0.002460082441062775
-1.2298738807166567,-0.7917751797248287,300.0,total,0,-2.8804979275256387e-09,-1.1159181085075391e-13,-7.138763745394639e-10,17.997908575107346,-0.0020914248926655566
-1.2248738807166568,-0.7867751797248288,300.0,total,0,-2.7900488630866797e-09,-1.0808777260998689e-13,-6.234272263648633e-10,17.998230328533626,-0.0017696714663707493
-1.2198738807166567,-0.7817751797248287,300.0,total,0,-2.706117347857343e-09,-1.0483622721487015e-13,-5.394960899164789e-10,17.9985086950483,-0.0014913049516893243
-1.2148738807166568,-0.7767751797248288,300.0,total,0,-2.62984767761168e-09,-1.0188150520852091e-13,-4.632261709911364e-10,17.998747701845527,-0.0012522981544799388
-1.2098738807166567,-0.7717751797248287,300.0,total,0,-2.561715619789243e-09,-9.924203803975783e-14,-3.95094205313234e-10,17.998951577002675,-0.001048422997331444
-1.2048738807166568,-0.7667751797248288,300.0,total,0,-2.5017034389337602e-09,-9.691713862887059e-14,-3.3508186665323836e-10,17.999124515924287,-0.000875484075734601
-1.1998738807166567,-0.7617751797248287,300.0,total,0,-2.449452428078759e-09,-9.489291050345732e-14,-2.828307385146133e-10,17.999270518663685,-0.0007294813363205384
-1.1948738807166568,-0.7567751797248288,300.0,total,0,-2.404391783203838e-09,-9.314724045396883e-14,-2.377703524841184e-10,17.999393287498304,-0.0006067125017052703
-1.189873880716657,-0.7517751797248289,300.0,total,0,-2.365838386194467e-09,-9.165366417133655e-14,-1.9921706249068805e-10,17.999496171993147,-0.0005038280068702165
-1.1848738807166568,-0.7467751797248288,300.0,total,0,-2.3330673951675473e-09,-9.0384100948561e-14,-1.664459704112131e-10,17.999582149103063,-0.0004178508969435195
-1.1798738807166567,-0.7417751797248286,300.0,total,0,-2.3053613844488726e-09,-8.931075738597661e-14,-1.387397721959915e-10,17.999653827487435,-0.00034617251257713704
-1.1748738807166568,-0.7367751797248288,300.0,total,0,-2.282041601778595e-09,-8.840733830972763e-14,-1.1541989480186883e-10,17.99971346733075,-0.00028653266924920265
-1.4748738807166568,-1.0367751797248288,300.0,K,0,0.25063775665083887,9.709821647489712e-06,-0.11816796784911493,1.5853888453142637,-0.039611154685736345
-1.469873880716657,-1.031775179724829,300.0,K,0,0.2558190490899312,9.910547292976394e-06,-0.1129866754100226,1.587626812007609,-0.03737318799239101
-1.4648738807166568,-1.0267751797248288,300.0,K,0,0.2611679021135394,1.0117764312358768e-05,-0.1076378223864144,1.589914559386247,-0.035085440613752975
-1.459873880716657,-1.021775179724829,300.0,K,0,0.2666171923072288,1.0328872313775527e-05,-0.10218853219272495,1.5922218189266313,-0.032778181073368856
-1.4548738807166568,-1.0167751797248288,300.0,K,0,0.2720937116449481,1.0541035184720634e-05,-0.09671201285500569,1.5945158627015996,-0.03048413729840051
-1.449873880716657,-1.0117751797248289,300.0,K,0,0.2775235399354244,1.075138922308073e-05,-0.0912821845645294,1.5967641184718393,-0.028235881528160773
-1.4448738807166568,-1.0067751797248288,300.0,K,0,0.2828369269425848,1.095723227271945e-05,-0.08596879755736897,1.5989365532852717,-0.026063446714728364
-1.439873880716657,-1.0017751797248289,300.0,K,0,0.2879720354512959,1.1156168731560936e-05,-0.08083368904865788,1.6010075053364523,-0.023992494663547446
-1.4348738807166568,-0.9967751797248288,300.0,K,0,0.2928772300565535,1.1346198220332776e-05,-0.07592849444340032,1.6029567897769814,-0.02204321022301835
-1.4298738807166569,-0.9917751797248289,300.0,K,0,0.2975119677526993,1.1525750084400749e-05,-0.07129375674725448,1.6047700744422806,-0.020229925557719568
-1.4248738807166568,-0.9867751797248288,300.0,K,0,0.30184662528589873,1.1693676705324619e-05,-0.06695909921405502,1.6064386595936475,-0.01856134040635247
-1.4198738807166569,-0.9817751797248289,300.0,K,0,0.30586170901856374,1.1849222890643477e-05,-0.06294401548138999,1.6079588666160165,-0.017041133383983567
-1.4148738807166568,-0.9767751797248287,300.0,K,0,0.30954683881375405,1.199198650909142e-05,-0.05925888568619973,1.6093312405434543,-0.015668759456545382
-1.4098738807166569,-0.9717751797248289,300.0,K,0,0.31289974388596775,1.2121879589396603e-05,-0.05590598061398601,1.6105597222464538,-0.014440277753545812
-1.4048738807166568,-0.9667751797248287,300.0,K,0,0.31592534266100847,1.2239092673630496e-05,-0.052880381838945244,1.6116508801103817,-0.013349119889618016
-1.3998738807166569,-0.9617751797248288,300.0,K,0,0.31863486696013466,1.2344060887700117e-05,-0.05017085753981906,1.6126132347502247,-0.012386765249775153
-1.3948738807166567,-0.9567751797248287,300.0,K,0,0.32104495704885333,1.2437428883123255e-05,-0.0477607674511005,1.613456676720783,-0.011543323279217152
-1.3898738807166569,-0.9517751797248288,300.0,K,0,0.32317668225486856,1.2520012895318597e-05,-0.045629042245085225,1.6141919657032862,-0.01080803429671355
-1.3848738807166567,-0.9467751797248287,300.0,K,0,0.32505449605286973,1.259276026311118e-05,-0.04375122844708406,1.614830301858126,-0.010169698141873951
-1.3798738807166568,-0.9417751797248288,300.0,K,0,0.32670518111077435,1.2656708559339981e-05,-0.04210054338917946,1.6153829664101689,-0.009617033589831082
-1.3748738807166567,-0.9367751797248287,300.0,K,0,0.3281568606097458,1.2712947288941948e-05,-0.040648863890207984,1.6158610327817502,-0.009138967218249935
-1.3698738807166568,-0.9317751797248288,300.0,K,0,0.32943814577642694,1.2762584863959744e-05,-0.03936757872352683,1.6162751496368484,-0.008724850363151496
-1.3648738807166567,-0.9267751797248287,300.0,K,0,0.3305774650399089,1.2806722614775038e-05,-0.038228259460044815,1.6166353939472105,-0.008364606052789478
-1.3598738807166568,-0.9217751797248288,300.0,K,0,0.33160258920698077,1.2846436395179903e-05,-0.037203135292972964,1.6169511876342022,-0.008048812365798
-1.3548738807166567,-0.9167751797248287,300.0,K,0,0.33254033852689147,1.2882765233931329e-05,-0.036265385973062336,1.6172312672017013,-0.007768732798298503
-1.3498738807166568,-0.9117751797248288,300.0,K,0,0.3334164360225209,1.2916705652733533e-05,-0.0353892884774329,1.6174836929523888,-0.0075163070476111414
-1.3448738807166567,-0.9067751797248287,300.0,K,0,0.33425545776043464,1.2949209739677058e-05,-0.034550266739519164,1.6177158830067995,-0.007284116993200381
-1.3398738807166568,-0.9017751797248288,300.0,K,0,0.33508082349966234,1.2981184786968174e-05,-0.03372490100029145,1.6179346571251796,-0.00706534287482068
-1.334873880716657,-0.8967751797248289,300.0,K,0,0.33591476864646735,1.3013492204443773e-05,-0.03289095585348649,1.6181462758849294,-0.006853724115070453
-1.3298738807166568,-0.8917751797248288,300.0,K,0,0.33677823962423026,1.3046943466152683e-05,-0.03202748487572355,1.6183564618703843,-0.006643538129615629
-1.3248738807166567,-0.8867751797248287,300.0,K,0,0.33769065995825587,1.30822910483738e-05,-0.03111506454169789,1.6185703912540237,-0.0064296087459762
-1.3198738807166568,-0.8817751797248288,300.0,K,0,0.33866952534586736,1.3120212742445811e-05,-0.0301361991540864,1.6187926468649372,-0.006207353135062981
-1.314873880716657,-0.8767751797248289,300.0,K,0,0.3397298055578896,1.316128848415635e-05,-0.029075918942064145,1.6190271281489295,-0.005972871851070705
-1.3098738807166568,-0.8717751797248288,300.0,K,0,0.3408831620274318,1.3205970042772572e-05,-0.02792256247252205,1.6192769199262984,-0.005723080073701725
-1.3048738807166567,-0.8667751797248286,300.0,K,0,0.3421370334428229,1.3254545596492095e-05,-0.026668691057130815,1.619544130781705,-0.005455869218294999
-1.2998738807166568,-0.8617751797248288,300.0,K,0,0.34349369436813765,1.3307103262970396e-05,-0.02531203013181612,1.6198297226522862,-0.005170277347713778
-1.2948738807166569,-0.8567751797248289,300.0,K,0,0.34494944423386925,1.3363499680447522e-05,-0.02385628026608449,1.6201333637878712,-0.004866636212128841
-1.2898738807166568,-0.8517751797248287,300.0,K,0,0.3464941194989516,1.3423341108681069e-05,-0.02231160500100219,1.6204533444262996,-0.004546655573700327
-1.2848738807166569,-0.8467751797248289,300.0,K,0,0.3481111203522517,1.3485984463374255e-05,-0.020694604147701978,1.6207865942194828,-0.0042134057805172445
-1.2798738807166568,-0.8417751797248287,300.0,K,0,0.3497780892139323,1.355056360162989e-05,-0.019027635286021503,1.6211288294795827,-0.0038711705204174367
-1.2748738807166569,-0.8367751797248288,300.0,K,0,0.35146827026845373,1.361604199088244e-05,-0.017337454231500012,1.6214748364431764,-0.0035251635568235803
-1.2698738807166567,-0.8317751797248287,300.0,K,0,0.3531524378692574,1.3681287416179896e-05,-0.01565328663069642,1.621818868134015,-0.00318113186598489
-1.2648738807166569,-0.8267751797248288,300.0,K,0,0.3548011469900207,1.374515916369758e-05,-0.014004577509933076,1.6221551051485739,-0.002844894851426296
-1.2598738807166567,-0.8217751797248287,300.0,K,0,0.35638697637064964,1.3806594921242711e-05,-0.012418748129304104,1.6224781139745261,-0.002521886025473957
-1.2548738807166568,-0.8167751797248288,300.0,K,0,0.3578864348647186,1.3864684631028559e-05,-0.010919289635235226,1.6227832363957422,-0.0022167636042578097
-1.2498738807166567,-0.8117751797248287,300.0,K,0,0.3592812837511673,1.391872171663607e-05,-0.009524440748786427,1.623066860141114,-0.0019331398588858832
-1.2448738807166568,-0.8067751797248288,300.0,K,0,0.36055916220654366,1.3968227314095434e-05,-0.008246562293409995,1.6233265480892793,-0.0016734519107206467
-1.2398738807166567,-0.8017751797248287,300.0,K,0,0.3617135443669468,1.4012948608446042e-05,-0.007092180133006957,1.6235610318735805,-0.0014389681264196327
-1.2348738807166568,-0.7967751797248288,300.0,K,0,0.36274316439716214,1.405283656065111e-05,-0.006062560102791674,1.6237700975460403,-0.0012299024539596125
-1.2298738807166567,-0.7917751797248287,300.0,K,0,0.3636511002337281,1.4088010411383826e-05,-0.005154624266225606,1.6239544019123897,-0.0010455980876105098
-1.2248738807166568,-0.7867751797248288,300.0,K,0,0.3644437085109816,1.4118716419573875e-05,-0.004362015988972075,1.624115258511235,-0.0008847414887648107
-1.2198738807166567,-0.7817751797248287,300.0,K,0,0.36512956851040473,1.4145286950520748e-05,-0.003676155989549092,1.6242544251924809,-0.0007455748075190426
-1.2148738807166568,-0.7767751797248288,300.0,K,0,0.3657185419662667,1.4168104052333112e-05,-0.0030871825336871595,1.6243739149307397,-0.0006260850692602339
-1.2098738807166567,-0.7717751797248287,300.0,K,0,0.36622100485160014,1.4187569694965191e-05,-0.002584719648353573,1.6244758412517724,-0.0005241587482277488
-1.2048738807166568,-0.7667751797248288,300.0,K,0,0.3666472666595816,1.420408327291108e-05,-0.0021584578403721537,1.6245623014351362,-0.0004376985648636644
-1.1998738807166567,-0.7617751797248287,300.0,K,0,0.3670071655259429,1.4218025920061287e-05,-0.001798558974010821,1.6246352951591903,-0.00036470484080992514
-1.1948738807166568,-0.7567751797248288,300.0,K,0,0.3673098128207266,1.4229750615070183e-05,-0.0014959116792271558,1.6246966732755834,-0.0003033267244163659
-1.189873880716657,-0.7517751797248289,300.0,K,0,0.36756345555997955,1.4239576851121912e-05,-0.0012422689399741497,1.624748110330285,-0.00025188966971486574
-1.1848738807166568,-0.7467751797248288,300.0,K,0,0.36777542578069605,1.4247788674692466e-05,-0.0010302987192577372,1.6247910946058035,-0.0002089053941964462
-1.1798738807166567,-0.7417751797248286,300.0,K,0,0.3679521500493497,1.4254635053914575e-05,-0.0008535744506040768,1.6248269302711777,-0.0001730697288223498
-1.1748738807166568,-0.7367751797248288,300.0,K,0,0.36809919752673415,1.4260331740631673e-05,-0.000706526973219645,1.6248567472862911,-0.00014325271370895258
-1.4748738807166568,-1.0367751797248288,300.0,Kprime,0,-0.25063775847216313,-9.70982171804865e-06,0.11816796758854627,1.5853888468515995,-0.03961115314840068
-1.469873880716657,-1.031775179724829,300.0,Kprime,0,-0.2558190510764067,-9.910547369933364e-06,0.11298667498430272,1.5876268135913034,-0.037373186408696635
-1.4648738807166568,-1.0267751797248288,300.0,Kprime,0,-0.26116790419176444,-1.0117764392870159e-05,0.10763782186894487,1.5899145609826546,-0.035085439017345364
-1.459873880716657,-1.021775179724829,300.0,Kprime,0,-0.2666171944001348,-1.0328872394855666e-05,0.10218853166057458,1.5922218205004366,-0.03277817949956348
-1.4548738807166568,-1.0167751797248288,300.0,Kprime,0,-0.27209371367786284,-1.0541035263476683e-05,0.09671201238284655,1.594515864218426,-0.03048413578157378
-1.449873880716657,-1.0117751797248289,300.0,Kprime,0,-0.2775235418421786,-1.0751389296949262e-05,0.09128218421853071,1.596764119900849,-0.028235880099150994
-1.4448738807166568,-1.0067751797248288,300.0,Kprime,0,-0.2828369286707206,-1.0957232339668225e-05,0.08596879738998883,1.5989365546013605,-0.02606344539863926
-1.439873880716657,-1.0017751797248289,300.0,Kprime,0,-0.28797203696561197,-1.1156168790226235e-05,0.08083368909509743,1.6010075065217408,-0.02399249347825906
-1.4348738807166568,-0.9967751797248288,300.0,Kprime,0,-0.2928772313405549,-1.1346198270075579e-05,0.07592849472015449,1.602956790821439,-0.022043209178561146
-1.4298738807166569,-0.9917751797248289,300.0,Kprime,0,-0.2975119688079107,-1.1525750125280124e-05,0.07129375725279864,1.6047700753434975,-0.020229924656502286
-1.4248738807166568,-0.9867751797248288,300.0,Kprime,0,-0.30184662612935304,-1.1693676738000426e-05,0.0669590999313564,1.606438660355902,-0.018561339644097726
-1.4198738807166569,-0.9817751797248289,300.0,Kprime,0,-0.3058617096790277,-1.1849222916230154e-05,0.06294401638168166,1.6079588672488598,-0.01704113275114014
-1.4148738807166568,-0.9767751797248287,300.0,Kprime,0,-0.30954683932736965,-1.1991986528989123e-05,0.059258886733339726,1.609331241060081,-0.015668758939918953
-1.4098738807166569,-0.9717751797248289,300.0,Kprime,0,-0.3128997442919668,-1.2121879605125192e-05,0.055905981768742556,1.6105597226620885,-0.014440277337911542
-1.4048738807166568,-0.9667751797248287,300.0,Kprime,0,-0.3159253429980336,-1.2239092686687004e-05,0.05288038306267577,1.6116508804408665,-0.013349119559133373
-1.3998738807166569,-0.9617751797248288,300.0,Kprime,0,-0.31863486726350215,-1.2344060899452713e-05,0.05017085879720719,1.6126132350109177,-0.01238676498908225
-1.3948738807166567,-0.9567751797248287,300.0,Kprime,0,-0.32104495734887856,-1.243742889474637e-05,0.047760768711830846,1.6134566769258052,-0.011543323074194783
-1.3898738807166569,-0.9517751797248288,300.0,Kprime,0,-0.32317668257618704,-1.2520012907766622e-05,0.0456290434845223,1.6141919658651025,-0.010808034134897393
-1.3848738807166567,-0.9467751797248287,300.0,Kprime,0,-0.3250544964145609,-1.2592760277123263e-05,0.04375122964614844,1.6148303019873982,-0.010169698012601714
-1.3798738807166568,-0.9417751797248288,300.0,Kprime,0,-0.326705181527039,-1.2656708575466263e-05,0.042100544533670445,1.6153829665158135,-0.009617033484186436
-1.3748738807166567,-0.9367751797248287,300.0,Kprime,0,-0.32815686109089165,-1.2712947307581758e-05,0.04064886496981775,1.6158610328711207,-0.009138967128879232
-1.3698738807166568,-0.9317751797248288,300.0,Kprime,0,-0.329438146329961,-1.2762584885403906e-05,0.039367579730748385,1.6162751497159842,-0.008724850284015805
-1.3648738807166567,-0.9267751797248287,300.0,Kprime,0,-0.3305774656715911,-1.2806722639246696e-05,0.03822826038911832,1.6166353940211016,-0.008364605978898728
-1.3598738807166568,-0.9217751797248288,300.0,Kprime,0,-0.3316025899217509,-1.2846436422870426e-05,0.03720313613895839,1.6169511877070417,-0.008048812292958132
-1.3548738807166567,-0.9167751797248287,300.0,Kprime,0,-0.3325403393296254,-1.288276526502961e-05,0.036265386731083996,1.6172312672771103,-0.00776873272288968
-1.3498738807166568,-0.9117751797248288,300.0,Kprime,0,-0.3334164369185972,-1.2916705687447938e-05,0.03538928914211218,1.6174836930335936,-0.007516306966406066
-1.3448738807166567,-0.9067751797248287,300.0,Kprime,0,-0.33425545875610935,-1.2949209778249954e-05,0.03455026730459998,1.617715883096773,-0.007284116903226685
-1.3398738807166568,-0.9017751797248288,300.0,Kprime,0,-0.33508082460225047,-1.2981184829682944e-05,0.03372490145845889,1.6179346572267312,-0.007065342773268809
-1.334873880716657,-0.8967751797248289,300.0,Kprime,0,-0.33591476986432517,-1.3013492251624144e-05,0.032890956196384206,1.618146276000752,-0.006853723999248264
-1.3298738807166568,-0.8917751797248288,300.0,Kprime,0,-0.33677824096652925,-1.3046943518153962e-05,0.032027485094180096,1.6183564620030488,-0.006643537996951103
-1.3248738807166567,-0.8867751797248287,300.0,Kprime,0,-0.33769066143453313,-1.3082291105565458e-05,0.031115064626176272,1.6185703914059302,-0.006429608594069777
-1.3198738807166568,-0.8817751797248288,300.0,Kprime,0,-0.3386695269653436,-1.3120212805185062e-05,0.030136199095365752,1.61879264703821,-0.006207352961789945
-1.314873880716657,-0.8767751797248289,300.0,Kprime,0,-0.33972980732856256,-1.3161288552753031e-05,0.02907591873214682,1.6190271283452695,-0.005972871654730445
-1.3098738807166568,-0.8717751797248288,300.0,Kprime,0,-0.3408831639549809,-1.320597011744671e-05,0.02792256210572847,1.6192769201467951,-0.005723079853204798
-1.3048738807166567,-0.8667751797248286,300.0,Kprime,0,-0.3421370355294104,-1.325454567732745e-05,0.02666869053129901,1.61954413102663,-0.005455868973369964
-1.2998738807166568,-0.8617751797248288,300.0,Kprime,0,-0.3434936966112398,-1.3307103349869202e-05,0.025312029449469548,1.6198297229208949,-0.0051702770791055026
-1.2948738807166569,-0.8567751797248289,300.0,Kprime,0,-0.34494944662532584,-1.3363499773093646e-05,0.02385627943538353,1.6201333640782485,-0.004866635921751242
-1.2898738807166568,-0.8517751797248287,300.0,Kprime,0,-0.34649412202443824,-1.342334120651958e-05,0.022311604036271162,1.6204533447352973,-0.0045466552647027
-1.2848738807166569,-0.8467751797248289,300.0,Kprime,0,-0.3481111229913632,-1.3485984565614643e-05,0.020694603069346108,1.6207865945427713,-0.004213405457228833
-1.2798738807166568,-0.8417751797248287,300.0,Kprime,0,-0.3497780919409815,-1.3550563707277028e-05,0.01902763411972793,1.621128829811848,-0.0038711701881518476
-1.2748738807166569,-0.8367751797248288,300.0,Kprime,0,-0.35146827305396366,-1.3616042098794374e-05,0.017337453006745735,1.621474836778449,-0.003525163221550793
-1.2698738807166567,-0.8317751797248287,300.0,Kprime,0,-0.3531524406819742,-1.3681287525145836e-05,0.015653285378735147,1.6218188684660917,-0.003181131533908222
-1.2648738807166569,-0.8267751797248288,300.0,Kprime,0,-0.35480114979915606,-1.3745159272524773e-05,0.014004576261553268,1.622155105471475,-0.00284489452852494
-1.2598738807166567,-0.8217751797248287,300.0,Kprime,0,-0.35638697914800604,-1.3806595028838772e-05,0.012418746912703324,1.6224781142829192,-0.002521885717080575
-1.2548738807166568,-0.8167751797248288,300.0,Kprime,0,-0.3578864375863899,-1.3864684736467352e-05,0.010919288474319522,1.622783236685268,-0.002216763314731951
-1.2498738807166567,-0.8117751797248287,300.0,Kprime,0,-0.3592812863986147,-1.3918721819199397e-05,0.00952443966209464,1.6230668604085792,-0.0019331395914206255
-1.2448738807166568,-0.8067751797248288,300.0,Kprime,0,-0.3605591647669891,-1.3968227413288266e-05,0.00824656129372026,1.6233265483327095,-0.0016734516672905146
-1.2398738807166567,-0.8017751797248287,300.0,Kprime,0,-0.36171354683315693,-1.4012948703988153e-05,0.007092179227552355,1.6235610320921483,-0.0014389679078517384
-1.2348738807166568,-0.7967751797248288,300.0,Kprime,0,-0.36274316676678325,-1.4052836652451318e-05,0.006062559293926057,1.6237700977399068,-0.0012299022600931642
-1.2298738807166567,-0.7917751797248287,300.0,Kprime,0,-0.3636511025083597,-1.4088010499504098e-05,0.005154623552349735,1.6239544020824956,-0.001045597917504603
-1.2248738807166568,-0.7867751797248288,300.0,Kprime,0,-0.3644437106951641,-1.4118716504190107e-05,0.004362015365545261,1.6241152586590815,-0.0008847413409184267
-1.2198738807166567,-0.7817751797248287,300.0,Kprime,0,-0.365129570610656,-1.4145287031885443e-05,0.00367615545005334,1.6242544253199236,-0.0007455746800763295
-1.2148738807166568,-0.7767751797248288,300.0,Kprime,0,-0.3657185439902481,-1.4168104130743083e-05,0.0030871820704612674,1.6243739150398153,-0.0006260849601849804
-1.2098738807166567,-0.7717751797248287,300.0,Kprime,0,-0.3662210068074498,-1.4187569770735704e-05,0.0025847192532595952,1.6244758413445597,-0.0005241586554402667
-1.2048738807166568,-0.7667751797248288,300.0,Kprime,0,-0.36664726855541885,-1.4204083346356685e-05,0.0021584575052904734,1.6245623015136597,-0.00043769848634024296
-1.1998738807166567,-0.7617751797248287,300.0,Kprime,0,-0.36700716736952915,-1.4218025991482663e-05,0.0017985586911802383,1.6246352952253509,-0.00036470477464898497
-1.1948738807166568,-0.7567751797248288,300.0,Kprime,0,-0.36730981461925244,-1.4229750684745899e-05,0.001495911441456932,1.6246966733311228,-0.0003033266688775255
-1.189873880716657,-0.7517751797248289,300.0,Kprime,0,-0.36756345731995216,-1.4239576919304058e-05,0.0012422687407571938,1.6247481103767625,-0.00025188962323741186
-1.1848738807166568,-0.7467751797248288,300.0,Kprime,0,-0.3677754275078975,-1.4247788741605041e-05,0.0010302985528118556,1.6247910946445971,-0.00020890535540299548
-1.1798738807166567,-0.7417751797248286,300.0,Kprime,0,-0.36795215174884505,-1.4254635119753802e-05,0.0008535743118643745,1.624826930303487,-0.00017306969651275267
-1.1748738807166568,-0.7367751797248288,300.0,Kprime,0,-0.3680991992029096,-1.4260331805567479e-05,0.0007065268577998078,1.6248567473131519,-0.0001432526868481303
-1.4748738807166568,-1.0367751797248288,300.0,rest,0,-6.118641955536285e-10,-2.3703899566843716e-14,-5.9981703549029296e-12,14.747151069396674,-0.002848930603322468
-1.469873880716657,-1.031775179724829,300.0,rest,0,-6.108781649757405e-10,-2.3665700290014084e-14,-5.012144048264966e-12,14.747632998555474,-0.0023670014445192644
-1.4648738807166568,-1.0267751797248288,300.0,rest,0,-6.100448060776808e-10,-2.363341558408376e-14,-4.178726280269092e-12,14.748036008410194,-0.0019639915898164587
-1.459873880716657,-1.021775179724829,300.0,rest,0,-6.093432590252404e-10,-2.360623732950814e-14,-3.477217164373954e-12,14.748372227527698,-0.0016277724723009106
-1.4548738807166568,-1.0167751797248288,300.0,rest,0,-6.087547719422992e-10,-2.35834390700058e-14,-2.8887884409932287e-12,14.748652162852247,-0.0013478371477553288
-1.449873880716657,-1.0117751797248289,300.0,rest,0,-6.08262655746251e-10,-2.3564374262862133e-14,-2.396691165233035e-12,14.748884841378048,-0.0011151586219369678
-1.4448738807166568,-1.0067751797248288,300.0,rest,0,-6.078520723704691e-10,-2.354846807457056e-14,-1.986169095324368e-12,14.749077964696937,-0.0009220353030612856
-1.439873880716657,-1.0017751797248289,300.0,rest,0,-6.075103608360586e-10,-2.3535230013001735e-14,-1.644396458234596e-12,14.749238065268075,-0.0007619347319251813
-1.4348738807166568,-0.9967751797248288,300.0,rest,0,-6.072263767157604e-10,-2.352422833793226e-14,-1.3603678603836103e-12,14.749370656844167,-0.0006293431558326345
-1.4298738807166569,-0.9917751797248289,300.0,rest,0,-6.069908197649052e-10,-2.3515102753618092e-14,-1.1246703938897823e-12,14.749480374364433,-0.0005196256355789429
-1.4248738807166568,-0.9867751797248288,300.0,rest,0,-6.067954813572122e-10,-2.350753525411224e-14,-9.29298233609097e-13,14.749571100794993,-0.0004288992050151044
-1.4198738807166569,-0.9817751797248289,300.0,rest,0,-6.066334433286545e-10,-2.3501257826567284e-14,-7.675274544012152e-13,14.749646079943775,-0.00035392005622404677
-1.4148738807166568,-0.9767751797248287,300.0,rest,0,-6.06499695621274e-10,-2.3496076379040064e-14,-6.336651113147701e-13,14.749708015316209,-0.0002919846837839194
-1.4098738807166569,-0.9717751797248289,300.0,rest,0,-6.063889454817007e-10,-2.3491785867837522e-14,-5.229966086443421e-13,14.74975915572959,-0.00024084427039165344
-1.4048738807166568,-0.9667751797248287,300.0,rest,0,-6.06297538395867e-10,-2.3488244715408527e-14,-4.3155237729380725e-13,14.74980136877199,-0.00019863122800968478
-1.3998738807166569,-0.9617751797248288,300.0,rest,0,-6.062219037952727e-10,-2.3485314596291742e-14,-3.5600893059379233e-13,14.749836203362344,-0.0001637966376618114
-1.3948738807166567,-0.9567751797248287,300.0,rest,0,-6.061595041077481e-10,-2.3482897203777467e-14,-2.9364460497787536e-13,14.749864942709284,-0.00013505729071641064
-1.3898738807166569,-0.9517751797248288,300.0,rest,0,-6.061082348489187e-10,-2.3480911009175804e-14,-2.4217104134732745e-13,14.749888648923891,-0.0001113510761132408
-1.3848738807166567,-0.9467751797248287,300.0,rest,0,-6.060656213334708e-10,-2.3479260142042694e-14,-1.996937628445864e-13,14.749908200453115,-9.179954689428922e-05
-1.3798738807166568,-0.9417751797248288,300.0,rest,0,-6.060305984136775e-10,-2.3477903338066663e-14,-1.6465218219784882e-13,14.749924323388022,-7.567661197494172e-05
-1.3748738807166567,-0.9367751797248287,300.0,rest,0,-6.06001766565987e-10,-2.3476786379063426e-14,-1.3575112944808296e-13,14.749937617580162,-6.238241985148249e-05
-1.3698738807166568,-0.9317751797248288,300.0,rest,0,-6.059778878011585e-10,-2.3475861304761992e-14,-1.1191112676619741e-13,14.749948578379795,-5.142162020522159e-05
-1.3648738807166567,-0.9267751797248287,300.0,rest,0,-6.059583148513025e-10,-2.347510303970745e-14,-9.22581625949316e-14,14.74995761469852,-4.23853014889713e-05
-1.3598738807166568,-0.9217751797248288,300.0,rest,0,-6.059420473232885e-10,-2.3474472828211098e-14,-7.604568058759266e-14,14.749965063995376,-3.493600462638707e-05
-1.3548738807166567,-0.9167751797248287,300.0,rest,0,-6.059287689756235e-10,-2.3473958418932448e-14,-6.269227149580414e-14,14.749971204696257,-2.8795303736361855e-05
-1.3498738807166568,-0.9117751797248288,300.0,rest,0,-6.05917608122759e-10,-2.3473526042373562e-14,-5.167110522470899e-14,14.749976266475773,-2.373352422991883e-05
-1.3448738807166567,-0.9067751797248287,300.0,rest,0,-6.059087129422816e-10,-2.34731814390021e-14,-4.2594113549173865e-14,14.749980438762737,-1.9561237272535195e-05
-1.3398738807166568,-0.9017751797248288,300.0,rest,0,-6.059010700388887e-10,-2.3472885349419246e-14,-3.510341376656308e-14,14.749983877771639,-1.6122228364335287e-05
-1.334873880716657,-0.8967751797248289,300.0,rest,0,-6.058950225257799e-10,-2.3472651065987722e-14,-2.89309356564907e-14,14.749986712312301,-1.3287687713745223e-05
-1.3298738807166568,-0.8917751797248288,300.0,rest,0,-6.05889776830722e-10,-2.3472447845355246e-14,-2.385037299153434e-14,14.749989048587754,-1.09514122503638e-05
-1.3248738807166567,-0.8867751797248287,300.0,rest,0,-6.0588555997621e-10,-2.347228448247739e-14,-1.965354060199714e-14,14.74999097415543,-9.025844577754414e-06
-1.3198738807166568,-0.8817751797248288,300.0,rest,0,-6.058823289692043e-10,-2.3472159311784095e-14,-1.6197434145339494e-14,14.749992561196123,-7.438803865639744e-06
-1.314873880716657,-0.8767751797248289,300.0,rest,0,-6.058793515541213e-10,-2.3472043965358187e-14,-1.335143211363067e-14,14.749993869211517,-6.1307884825768576e-06
-1.3098738807166568,-0.8717751797248288,300.0,rest,0,-6.058768916297071e-10,-2.347194866675814e-14,-1.1006439551252797e-14,14.749994947249169,-5.052750833833125e-06
-1.3048738807166567,-0.8667751797248286,300.0,rest,0,-6.058749530192038e-10,-2.3471873564098098e-14,-9.06670772086046e-15,14.749995835737945,-4.1642620513589435e-06
-1.2998738807166568,-0.8617751797248288,300.0,rest,0,-6.058735890307281e-10,-2.3471820722558958e-14,-7.472602575116981e-15,14.749996568001563,-3.431998442861056e-06
-1.2948738807166569,-0.8567751797248289,300.0,rest,0,-6.058721756746445e-10,-2.3471765968496045e-14,-6.1538702086717396e-15,14.749997171506577,-2.8284934351800615e-06
-1.2898738807166568,-0.8517751797248287,300.0,rest,0,-6.058711588626471e-10,-2.3471726576732906e-14,-5.0799541940371125e-15,14.749997668891455,-2.331108538136278e-06
-1.2848738807166569,-0.8467751797248289,300.0,rest,0,-6.05870203747849e-10,-2.3471689575147564e-14,-4.1844959383880274e-15,14.749998078815054,-1.921184959264892e-06
-1.2798738807166568,-0.8417751797248287,300.0,rest,0,-6.058695174514324e-10,-2.3471662987709614e-14,-3.4497592590032967e-15,14.749998416655783,-1.5833442008745691e-06
-1.2748738807166569,-0.8367751797248288,300.0,rest,0,-6.058688802408399e-10,-2.3471638301879005e-14,-2.842171251691605e-15,14.749998695088498,-1.3049115069798062e-06
-1.2698738807166567,-0.8317751797248287,300.0,rest,0,-6.058682547530085e-10,-2.3471614070193537e-14,-2.3418836511862538e-15,14.74999892455941,-1.0754406033584147e-06
-1.2648738807166569,-0.8267751797248288,300.0,rest,0,-6.058679373356147e-10,-2.3471601773298117e-14,-1.9324597442362023e-15,14.749999113678056,-8.863219478478681e-07
-1.2598738807166567,-0.8217751797248287,300.0,rest,0,-6.058675232420169e-10,-2.3471585731122215e-14,-1.5930772985908802e-15,14.749999269540181,-7.304598269113597e-07
-1.2548738807166568,-0.8167751797248288,300.0,rest,0,-6.0586733426342e-10,-2.3471578410004697e-14,-1.3119885319977726e-15,14.749999397993786,-6.020062064194092e-07
-1.2498738807166567,-0.8117751797248287,300.0,rest,0,-6.058670161596889e-10,-2.3471566086520253e-14,-1.0790587757951555e-15,14.749999503858628,-4.961413645281618e-07
-1.2448738807166568,-0.8067751797248288,300.0,rest,0,-6.058669786821097e-10,-2.3471564634621646e-14,-8.863666059544145e-16,14.749999591106912,-4.0889308798330925e-07
-1.2398738807166567,-0.8017751797248287,300.0,rest,0,-6.058667980898438e-10,-2.347155763839444e-14,-7.337363596607375e-16,14.749999663012348,-3.3698765381159093e-07
-1.2348738807166568,-0.7967751797248288,300.0,rest,0,-6.058664301926987e-10,-2.34715433858903e-14,-6.055174760798931e-16,14.749999722272998,-2.7772700999971756e-07
-1.2298738807166567,-0.7917751797248287,300.0,rest,0,-6.058664998689242e-10,-2.3471546085179234e-14,-5.038269323052806e-16,14.74999977111245,-2.288875504413462e-07
-1.2248738807166568,-0.7867751797248288,300.0,rest,0,-6.058663338010299e-10,-2.3471539651632843e-14,-4.1210300404258425e-16,14.749999811363313,-1.8863668751316011e-07
-1.2198738807166567,-0.7817751797248287,300.0,rest,0,-6.05866374721301e-10,-2.3471541236902913e-14,-3.3749396520464335e-16,14.74999984453591,-1.554640939522115e-07
-1.2148738807166568,-0.7767751797248288,300.0,rest,0,-6.058663617321274e-10,-2.347154073369637e-14,-2.791313946039577e-16,14.749999871874975,-1.281250347258626e-07
-1.2098738807166567,-0.7717751797248287,300.0,rest,0,-6.058662206847065e-10,-2.3471535269454594e-14,-2.2698424386533735e-16,14.74999989440634,-1.0559366342937685e-07
-1.2048738807166568,-0.7667751797248288,300.0,rest,0,-6.05866146224614e-10,-2.347153238483646e-14,-1.871875112465352e-16,14.74999991297547,-8.702453069329017e-08
-1.1998738807166567,-0.7617751797248287,300.0,rest,0,-6.058662832225125e-10,-2.3471537692197882e-14,-1.5611343405012547e-16,14.749999928279141,-7.172086162827324e-08
-1.1948738807166568,-0.7567751797248288,300.0,rest,0,-6.05866093714599e-10,-2.3471530350574395e-14,-1.2869813651891543e-16,14.7499999408916,-5.910841137895572e-08
-1.189873880716657,-0.7517751797248289,300.0,rest,0,-6.058660794137565e-10,-2.3471529796553198e-14,-1.0618656617636783e-16,14.749999951286094,-4.8713917938593105e-08
-1.1848738807166568,-0.7467751797248288,300.0,rest,0,-6.058660965162097e-10,-2.347153045911008e-14,-8.830242817633046e-17,14.749999959852659,-4.0147344077819444e-08
-1.1798738807166567,-0.7417751797248286,300.0,rest,0,-6.058660899551144e-10,-2.3471530204930238e-14,-6.966750015419931e-17,14.749999966912766,-3.30872420347077e-08
-1.1748738807166568,-0.7367751797248288,300.0,rest,0,-6.058661255834541e-10,-2.347153158518846e-14,-5.766631693527501e-17,14.74999997273131,-2.7268692119677552e-08
-1.4748738807166568,-1.0367751797248288,300.0,valley,0,0.501275515123002,1.941964336553836e-05,-0.23633593543766115,-1.5373357586945247e-09,-1.537335665507348e-09
-1.469873880716657,-1.031775179724829,300.0,valley,0,0.5116381001663378,1.9821094662909756e-05,-0.22597335039432526,-1.583694286821924e-09,-1.5836943760653152e-09
-1.4648738807166568,-1.0267751797248288,300.0,valley,0,0.5223358063053039,2.023552870522893e-05,-0.21527564425535925,-1.5964075478214212e-09,-1.5964076244880674e-09
-1.459873880716657,-1.021775179724829,300.0,valley,0,0.5332343867073636,2.0657744708631193e-05,-0.20437706385329957,-1.5738055858527389e-09,-1.573805377306451e-09
-1.4548738807166568,-1.0167751797248288,300.0,valley,0,0.544187425322811,2.1082070448197317e-05,-0.19342402523785224,-1.5168263450826558e-09,-1.5168267292222618e-09
-1.449873880716657,-1.0117751797248289,300.0,valley,0,0.5550470817776031,2.1502778520029993e-05,-0.1825643687830601,-1.4290102712255504e-09,-1.429009773983329e-09
-1.4448738807166568,-1.0067751797248288,300.0,valley,0,0.5656738556133053,2.1914464612387673e-05,-0.1719375949473578,-1.3160887796237475e-09,-1.3160891001139097e-09
-1.439873880716657,-1.0017751797248289,300.0,valley,0,0.5759440724169079,2.2312337521787174e-05,-0.16166737814375534,-1.1852883535778957e-09,-1.1852883789685554e-09
-1.4348738807166568,-0.9967751797248288,300.0,valley,0,0.5857544613971084,2.269239649040836e-05,-0.15185698916355483,-1.0444576314938558e-09,-1.0444572104337778e-09
-1.4298738807166569,-0.9917751797248289,300.0,valley,0,0.5950239365606099,2.305150020968087e-05,-0.14258751400005312,-9.012173229905329e-10,-9.012172822008143e-10
-1.4248738807166568,-0.9867751797248288,300.0,valley,0,0.6036932514152519,2.3387353443325048e-05,-0.1339181991454114,-7.622545233898492e-10,-7.622547402302837e-10
-1.4198738807166569,-0.9817751797248289,300.0,valley,0,0.6117234186975915,2.3698445806873634e-05,-0.12588803186307168,-6.328434998259524e-10,-6.328434285328833e-10
-1.4148738807166568,-0.9767751797248287,300.0,valley,0,0.6190936781411237,2.398397303808054e-05,-0.11851777241953945,-5.166263389311254e-10,-5.166264310408762e-10
-1.4098738807166569,-0.9717751797248289,300.0,valley,0,0.6257994881779345,2.424375919452179e-05,-0.11181196238272854,-4.1563433250679793e-10,-4.156342682491845e-10
-1.4048738807166568,-0.9667751797248287,300.0,valley,0,0.6318506856590419,2.4478185360317493e-05,-0.10576076490162101,-3.304844314877542e-10,-3.304846408471937e-10
-1.3998738807166569,-0.9617751797248288,300.0,valley,0,0.6372697342236369,2.468812178715283e-05,-0.10034171633702624,-2.60692842313226e-10,-2.6069290367906894e-10
-1.3948738807166567,-0.9567751797248287,300.0,valley,0,0.6420899143977319,2.4874857777869624e-05,-0.09552153616293133,-2.0502236020014664e-10,-2.0502237095746507e-10
-1.3898738807166569,-0.9517751797248288,300.0,valley,0,0.6463533648310557,2.504002580308522e-05,-0.09125808572960752,-1.618159772842631e-10,-1.6181615887626854e-10
-1.3848738807166567,-0.9467751797248287,300.0,valley,0,0.6501089924674307,2.5185520540234445e-05,-0.08750245809323251,-1.2927223180803082e-10,-1.2927223798713617e-10
-1.3798738807166568,-0.9417751797248288,300.0,valley,0,0.6534103626378133,2.5313417134806243e-05,-0.08420108792284989,-1.0564475683150221e-10,-1.0564464803774343e-10
-1.3748738807166567,-0.9367751797248287,300.0,valley,0,0.6563137217006375,2.542589459652371e-05,-0.08129772886002572,-8.937030282485381e-11,-8.937070322664534e-11
-1.3698738807166568,-0.9317751797248288,300.0,valley,0,0.6588762921063879,2.5525169749363648e-05,-0.07873515845427521,-7.9135697994559e-11,-7.913569245326945e-11
-1.3648738807166567,-0.9267751797248287,300.0,valley,0,0.6611549307115002,2.5613445254021743e-05,-0.07645651984916314,-7.389067135932237e-11,-7.389074909958275e-11
-1.3598738807166568,-0.9217751797248288,300.0,valley,0,0.6632051791287317,2.569287281805033e-05,-0.07440627143193135,-7.283948444403165e-11,-7.28398682486361e-11
-1.3548738807166567,-0.9167751797248287,300.0,valley,0,0.6650806778565168,2.5765530498960937e-05,-0.07253077270414635,-7.540894297886069e-11,-7.54088228958468e-11
-1.3498738807166568,-0.9117751797248288,300.0,valley,0,0.6668328729411181,2.5833411340181475e-05,-0.07077857761954506,-8.120457084537236e-11,-8.120507503559322e-11
-1.3448738807166567,-0.9067751797248287,300.0,valley,0,0.6685109165165438,2.5898419517927008e-05,-0.06910053404411917,-8.997344536076923e-11,-8.997369591110333e-11
-1.3398738807166568,-0.9017751797248288,300.0,valley,0,0.6701616481019128,2.5962369616651118e-05,-0.06744980245875033,-1.0155182250670691e-10,-1.0155187223336427e-10
-1.334873880716657,-0.8967751797248289,300.0,valley,0,0.6718295385107926,2.602698445606792e-05,-0.06578191204987069,-1.1582236558727033e-10,-1.1582218756667344e-10
-1.3298738807166568,-0.8917751797248288,300.0,valley,0,0.6735564805907595,2.6093886984306643e-05,-0.06405496996990363,-1.3266426845959245e-10,-1.3266452642458827e-10
-1.3248738807166567,-0.8867751797248287,300.0,valley,0,0.6753813213927891,2.616458215393926e-05,-0.06223012916787416,-1.5190640412221512e-10,-1.5190642347914143e-10
-1.3198738807166568,-0.8817751797248288,300.0,valley,0,0.6773390523112109,2.6240425547630875e-05,-0.060272398249452144,-1.7327296542024584e-10,-1.7327303720739985e-10
-1.314873880716657,-0.8767751797248289,300.0,valley,0,0.6794596128864524,2.632257703690939e-05,-0.05815183767421096,-1.9634024961412422e-10,-1.96340259235095e-10
-1.3098738807166568,-0.8717751797248288,300.0,valley,0,0.6817663259824126,2.6411940160219277e-05,-0.055845124578250534,-2.20496870761977e-10,-2.2049692471699635e-10
-1.3048738807166567,-0.8667751797248286,300.0,valley,0,0.6842740689722335,2.6509091273819554e-05,-0.05333738158842983,-2.4492519123953116e-10,-2.449250339472069e-10
-1.2998738807166568,-0.8617751797248288,300.0,valley,0,0.6869873909793774,2.6614206612839596e-05,-0.050624059581285664,-2.686084965564106e-10,-2.686082753648473e-10
-1.2948738807166569,-0.8567751797248289,300.0,valley,0,0.6898988908591951,2.6726999453541166e-05,-0.047712559701468024,-2.9037733328962645e-10,-2.9037759936337455e-10
-1.2898738807166568,-0.8517751797248287,300.0,valley,0,0.69298824152339,2.6846682315200654e-05,-0.044623209037273355,-3.089974942582785e-10,-3.089976282012925e-10
-1.2848738807166569,-0.8467751797248289,300.0,valley,0,0.6962222433436148,2.6971969028988893e-05,-0.04138920721704809,-3.2328868748709993e-10,-3.232884138706955e-10
-1.2798738807166568,-0.8417751797248287,300.0,valley,0,0.6995561811549137,2.7101127308906916e-05,-0.03805526940574944,-3.322653263637676e-10,-3.322655895959981e-10
-1.2748738807166569,-0.8367751797248288,300.0,valley,0,0.7029365433224175,2.7232084089676817e-05,-0.03467490723824574,-3.3527272624844784e-10,-3.3527278791300226e-10
-1.2698738807166567,-0.8317751797248287,300.0,valley,0,0.7063048785512316,2.7362574941325732e-05,-0.031306572009431564,-3.3207663008294475e-10,-3.3207666722175945e-10
-1.2648738807166569,-0.8267751797248288,300.0,valley,0,0.7096022967891766,2.749031843622235e-05,-0.028009153771486345,-3.229013029182326e-10,-3.2290135586258945e-10
-1.2598738807166567,-0.8217751797248287,300.0,valley,0,0.7127739555186557,2.7613189950081483e-05,-0.02483749504200743,-3.083933663994287e-10,-3.0839338199829483e-10
-1.2548738807166568,-0.8167751797248288,300.0,valley,0,0.7157728724511084,2.7729369367495908e-05,-0.021838578109554748,-2.895258338631024e-10,-2.8952585914722114e-10
-1.2498738807166567,-0.8117751797248287,300.0,valley,0,0.718562570149782,2.7837443535835468e-05,-0.019048880410881066,-2.674649807188345e-10,-2.67465257586608e-10
-1.2448738807166568,-0.8067751797248288,300.0,valley,0,0.7211183269735328,2.7936454727383702e-05,-0.01649312358713026,-2.4343023430350996e-10,-2.4343013170137343e-10
-1.2398738807166567,-0.8017751797248287,300.0,valley,0,0.7234270912001037,2.8025897312434195e-05,-0.014184359360559312,-2.1856803866793229e-10,-2.185678944085963e-10
-1.2348738807166568,-0.7967751797248288,300.0,valley,0,0.7254863311639453,2.8105673213102424e-05,-0.01212511939671773,-1.9386628413720075e-10,-1.938664483207948e-10
-1.2298738807166567,-0.7917751797248287,300.0,valley,0,0.7273022027420878,2.8176020910887926e-05,-0.010309247818575342,-1.701059015868367e-10,-1.7010590704358672e-10
-1.2248738807166568,-0.7867751797248288,300.0,valley,0,0.7288874192061459,2.8237432923763987e-05,-0.008724031354517334,-1.478461103543438e-10,-1.47846384078874e-10
-1.2198738807166567,-0.7817751797248287,300.0,valley,0,0.7302591391210607,2.829057398240619e-05,-0.00735231143960243,-1.2744237609663145e-10,-1.274427131144049e-10
-1.2148738807166568,-0.7767751797248288,300.0,valley,0,0.7314370859565148,2.8336208183076197e-05,-0.0061743646041484265,-1.0907555414441106e-10,-1.0907525343424415e-10
-1.2098738807166567,-0.7717751797248287,300.0,valley,0,0.7324420116590499,2.8375139465700892e-05,-0.005169438901613168,-9.278737500562073e-11,-9.278748210035963e-11
-1.2048738807166568,-0.7667751797248288,300.0,valley,0,0.7332945352150004,2.8408166619267764e-05,-0.004316915345662626,-7.852361816329534e-11,-7.852342143433386e-11
-1.1998738807166567,-0.7617751797248287,300.0,valley,0,0.7340143328954721,2.8436051911543955e-05,-0.0035971176651910593,-6.616063252806725e-11,-6.616094013384584e-11
-1.1948738807166568,-0.7567751797248288,300.0,valley,0,0.7346196274399791,2.8459501299816084e-05,-0.0029918231206840866,-5.553926762935646e-11,-5.5538840435274224e-11
-1.189873880716657,-0.7517751797248289,300.0,valley,0,0.7351269128799318,2.8479153770425974e-05,-0.002484537680731344,-4.647750240227566e-11,-4.647745388978048e-11
-1.1848738807166568,-0.7467751797248288,300.0,valley,0,0.7355508532885936,2.849557741629751e-05,-0.0020605972720695925,-3.87937321155718e-11,-3.8793450704412215e-11
-1.1798738807166567,-0.7417751797248286,300.0,valley,0,0.7359043017981947,2.8509270173668374e-05,-0.0017071487624684514,-3.2309280251219263e-11,-3.23095971660194e-11
-1.1748738807166568,-0.7367751797248288,300.0,valley,0,0.7361983967296436,2.8520663546199145e-05,-0.0014130538310194525,-2.686059707990296e-11,-2.6860822229093326e-11
