k_index,band_10_eV,band_11_eV,direct_gap_eV
1,-1.43136766328,-0.838919163415,0.592448499861
2,-1.34896352558,-0.560843611597,0.78811991398
3,-1.57336701974,-0.522787925193,1.05057909455
4,-1.83970672827,-0.65619974887,1.1835069794
5,-2.14135069287,-0.603234750198,1.53811594267
6,-2.378310351,-0.423511886162,1.95479846483
7,-2.46536589717,-0.317320891232,2.14804500594
8,-2.3783103197,-0.423511885605,1.95479843409
9,-2.14135065114,-0.603234722837,1.53811592831
10,-1.839706711,-0.656199695507,1.18350701549
11,-1.57336703672,-0.522787930199,1.05057910652
12,-1.34896356209,-0.560843742734,0.788119819352
13,-1.34896356901,-0.560843592114,0.788119976898
14,-1.34896822402,-0.56084420185,0.788124022173
15,-1.58533942049,-0.326692136391,1.2586472841
16,-1.86683972518,-0.296123787346,1.57071593784
17,-2.13247630877,-0.351343981912,1.78113232685
18,-2.41324157758,-0.250062176773,2.16317940081
19,-2.60474429562,-0.0839597423287,2.52078455329
20,-2.60474360838,-0.0839602020919,2.52078340629
21,-2.41323983487,-0.250063077183,2.16317675769
22,-2.1324738261,-0.351345211884,1.78112861421
23,-1.8668361624,-0.296125207001,1.5707109554
24,-1.58533395433,-0.326692217391,1.25864173694
25,-1.5733670162,-0.522787799547,1.05057921665
26,-1.5853394434,-0.32669216829,1.25864727511
27,-1.57337034967,-0.522791711344,1.05057863833
28,-1.86684014769,-0.296126872481,1.57071327521
29,-2.16778587995,0.0326622307647,2.20044811071
30,-2.4574216141,0.14061130244,2.59803291654
31,-2.74774722332,0.152067733028,2.89981495635
32,-2.88621475685,0.147050111732,3.03326486858
33,-2.74774605499,0.152067861165,2.89981391615
34,-2.45741983478,0.140610720656,2.59803055543
35,-2.16778320769,0.0326616869638,2.20044489466
36,-1.86683607085,-0.29612516009,1.57071091076
37,-1.83970668623,-0.656199582282,1.18350710395
38,-1.86683981718,-0.296123701338,1.57071611584
39,-1.866840249,-0.296126786916,1.57071346209
40,-1.83970852189,-0.656203178122,1.18350534377
41,-2.1324760441,-0.351346932277,1.78112911183
42,-2.45742098838,0.140610105487,2.59803109386
43,-2.76981910962,0.177230921122,2.94705003074
44,-3.02437634327,-0.0267259444512,2.99765039882
45,-3.02437617693,-0.0267253079194,2.99765086901
46,-2.76981869003,0.177232477716,2.94705116774
47,-2.45741981097,0.140610801847,2.59803061282
48,-2.13247372582,-0.351345145878,1.78112857994
49,-2.14135060856,-0.603234628802,1.53811597976
50,-2.13247647174,-0.351343865597,1.78113260615
51,-2.16778605593,0.0326624048486,2.20044846078
52,-2.13247619506,-0.351346863045,1.78112933202
53,-2.1413512658,-0.60323792843,1.53811333737
54,-2.41324062799,-0.250065093692,2.16317553429
55,-2.74774579111,0.15206629343,2.89981208454
56,-3.02437536389,-0.0267266896597,2.99764867423
57,-3.15301356727,-0.162664910407,2.99034865686
58,-3.02437617621,-0.0267253488741,2.99765082734
59,-2.74774602233,0.152067886557,2.89981390889
60,-2.41323973377,-0.250062983813,2.16317674996
61,-2.37831022928,-0.423511788315,1.95479844096
62,-2.41324176466,-0.250062063462,2.1631797012
63,-2.45742183563,0.14061135482,2.59803319045
64,-2.4574212028,0.140610178065,2.59803138086
65,-2.41324077464,-0.250065082402,2.16317569224
66,-2.37831021188,-0.423515350059,1.95479486182
67,-2.60474329132,-0.0839627945956,2.52078049672
68,-2.88621332958,0.147048367442,3.03326169702
69,-3.02437535941,-0.0267267148082,2.9976486446
70,-3.02437639657,-0.0267260273839,2.99765036919
71,-2.88621476167,0.147050032157,3.03326479383
72,-2.60474350289,-0.0839600798521,2.52078342304
73,-2.46536578222,-0.317320806271,2.14804497595
74,-2.60474436446,-0.0839595972088,2.52078476726
75,-2.74774746462,0.152067737323,2.89981520194
76,-2.76981935202,0.177230835811,2.94705018783
77,-2.74774600834,0.152066128628,2.89981213697
78,-2.6047434355,-0.0839628467441,2.52078058876
79,-2.4653655601,-0.317324631851,2.14804092825
80,-2.60474327715,-0.083962756709,2.52078052044
81,-2.74774575875,0.15206630733,2.89981206608
82,-2.76981910884,0.177230838632,2.94704994747
83,-2.74774728711,0.152067556207,2.89981484332
84,-2.60474427858,-0.0839597273091,2.52078455127
85,-2.37831025732,-0.42351184584,1.95479841148
86,-2.60474359081,-0.0839600505194,2.52078354029
87,-2.88621488793,0.147050037113,3.03326492504
88,-3.02437659396,-0.0267260706782,2.99765052328
89,-3.02437560916,-0.0267268256432,2.99764878352
90,-2.88621355289,0.147048151895,3.03326170478
91,-2.60474343508,-0.083962790575,2.5207806445
92,-2.37831021035,-0.423515285474,1.95479492487
93,-2.41324059761,-0.250065042424,2.16317555518
94,-2.45742095546,0.140610121225,2.59803107669
95,-2.45742162288,0.140610989301,2.59803261218
96,-2.41324165724,-0.250062272053,2.16317938518
97,-2.14135065381,-0.603234723623,1.53811593018
98,-2.41323983658,-0.250062985188,2.16317685139
99,-2.74774609927,0.152067804076,2.89981390335
100,-3.02437625534,-0.0267254415421,2.9976508138
101,-3.15301369929,-0.162665002184,2.9903486971
102,-3.02437552927,-0.0267268267029,2.99764870257
103,-2.7477459489,0.152066175218,2.89981212412
104,-2.41324074357,-0.250064992674,2.1631757509
105,-2.14135123576,-0.603237877457,1.5381133583
106,-2.13247599131,-0.351346927178,1.78112906413
107,-2.16778583407,0.0326620573894,2.20044789146
108,-2.13247634277,-0.351344138204,1.78113220457
109,-1.83970674291,-0.656199697141,1.18350704577
110,-2.1324738483,-0.351345124341,1.78112872396
111,-2.45741986798,0.140610773855,2.59803064183
112,-2.76981870474,0.17723231742,2.94705102216
113,-3.02437617651,-0.0267254070036,2.9976507695
114,-3.0243763759,-0.0267260446883,2.99765033121
115,-2.76981918219,0.177230754667,2.94704993686
116,-2.45742107838,0.140610172757,2.59803125113
117,-2.13247610446,-0.351346831493,1.78112927297
118,-1.83970841834,-0.656203226355,1.18350519198
119,-1.86684006313,-0.296126999385,1.57071306375
120,-1.86683970638,-0.296124009791,1.57071569658
121,-1.57336709576,-0.522787886506,1.05057920925
122,-1.86683620038,-0.296125067162,1.57071113322
123,-2.16778326752,0.032661765253,2.20044503277
124,-2.45741984926,0.140610669959,2.59803051922
125,-2.74774604094,0.152067823484,2.89981386442
126,-2.88621472546,0.147050104491,3.03326482995
127,-2.74774721569,0.152067726673,2.89981494236
128,-2.4574216354,0.140611343801,2.5980329792
129,-2.16778590615,0.0326623228893,2.20044822904
130,-1.86684012233,-0.296126897945,1.57071322439
131,-1.57337019644,-0.522791938347,1.05057825809
132,-1.58533939102,-0.326692465257,1.25864692576
133,-1.34896366712,-0.56084365963,0.788120007492
134,-1.58533400554,-0.326692117309,1.25864188823
135,-1.86683618893,-0.296125227876,1.57071096105
136,-2.13247385347,-0.351345256797,1.78112859668
137,-2.41323985667,-0.250063065049,2.16317679162
138,-2.60474360639,-0.0839601234348,2.52078348295
139,-2.60474427026,-0.0839596589308,2.52078461133
140,-2.41324154859,-0.25006211556,2.16317943303
141,-2.13247628494,-0.351343940956,1.78113234398
142,-1.86683969103,-0.296123841441,1.57071584959
143,-1.58533934886,-0.326692392934,1.25864695593
144,-1.34896817702,-0.560844534157,0.788123642858
