k_index,valley,radius_Ainv,angle_index,theta_rad,qx_Ainv,qy_Ainv,k1,k2,k3
1,K,0.0,-1,0.0,0.0,0.0,0.3333333333333333,0.3333333333333333,0.0
2,K,3e-08,0,0.0,3e-08,0.0,0.3333333450789681,0.3333333274605159,0.0
3,K,3e-08,1,0.7853981633974483,2.1213203435596425e-08,2.1213203435596422e-08,0.33333334163875133,0.3333333363733273,0.0
4,K,3e-08,2,1.5707963267948966,1.8369701987210296e-24,3e-08,0.3333333333333333,0.33333334350535143,0.0
5,K,3e-08,3,2.356194490192345,-2.1213203435596422e-08,2.1213203435596425e-08,0.3333333250279153,0.3333333446787453,0.0
6,K,3e-08,4,3.141592653589793,-3e-08,3.673940397442059e-24,0.3333333215876985,0.3333333392061507,0.0
7,K,3e-08,5,3.9269908169872414,-2.121320343559643e-08,-2.121320343559642e-08,0.3333333250279153,0.33333333029333934,0.0
8,K,3e-08,6,4.71238898038469,-5.510910596163088e-24,-3e-08,0.3333333333333333,0.3333333231613152,0.0
9,K,3e-08,7,5.497787143782138,2.121320343559642e-08,-2.121320343559643e-08,0.33333334163875133,0.3333333219879213,0.0
10,K,1e-07,0,0.0,1e-07,0.0,0.3333333724854493,0.3333333137572753,0.0
11,K,1e-07,1,0.7853981633974483,7.071067811865476e-08,7.071067811865474e-08,0.33333336101806005,0.3333333434666466,0.0
12,K,1e-07,2,1.5707963267948966,6.123233995736766e-24,1e-07,0.3333333333333333,0.3333333672400604,0.0
13,K,1e-07,3,2.356194490192345,-7.071067811865474e-08,7.071067811865476e-08,0.3333333056486066,0.3333333711513733,0.0
14,K,1e-07,4,3.141592653589793,-1e-07,1.2246467991473531e-23,0.3333332941812173,0.3333333529093913,0.0
15,K,1e-07,5,3.9269908169872414,-7.071067811865477e-08,-7.071067811865473e-08,0.3333333056486066,0.33333332320002,0.0
16,K,1e-07,6,4.71238898038469,-1.8369701987210295e-23,-1e-07,0.3333333333333333,0.3333332994266062,0.0
17,K,1e-07,7,5.497787143782138,7.071067811865473e-08,-7.071067811865477e-08,0.33333336101806005,0.33333329551529334,0.0
18,K,3e-07,0,0.0,3e-07,0.0,0.3333334507896813,0.3333332746051593,0.0
19,K,3e-07,1,0.7853981633974483,2.1213203435596427e-07,2.1213203435596422e-07,0.33333341638751346,0.33333336373327316,0.0
20,K,3e-07,2,1.5707963267948966,1.8369701987210298e-23,3e-07,0.3333333333333333,0.33333343505351454,0.0
21,K,3e-07,3,2.356194490192345,-2.1213203435596422e-07,2.1213203435596427e-07,0.33333325027915317,0.3333334467874533,0.0
22,K,3e-07,4,3.141592653589793,-3e-07,3.6739403974420596e-23,0.33333321587698533,0.3333333920615073,0.0
23,K,3e-07,5,3.9269908169872414,-2.121320343559643e-07,-2.121320343559642e-07,0.33333325027915317,0.33333330293339347,0.0
24,K,3e-07,6,4.71238898038469,-5.510910596163089e-23,-3e-07,0.3333333333333333,0.3333332316131521,0.0
25,K,3e-07,7,5.497787143782138,2.121320343559642e-07,-2.121320343559643e-07,0.33333341638751346,0.3333332198792133,0.0
26,Kprime,0.0,-1,0.0,0.0,0.0,-0.3333333333333333,-0.3333333333333333,0.0
27,Kprime,3e-08,0,0.0,3e-08,0.0,-0.3333333215876985,-0.3333333392061507,0.0
28,Kprime,3e-08,1,0.7853981633974483,2.1213203435596425e-08,2.1213203435596422e-08,-0.3333333250279153,-0.33333333029333934,0.0
29,Kprime,3e-08,2,1.5707963267948966,1.8369701987210296e-24,3e-08,-0.3333333333333333,-0.3333333231613152,0.0
30,Kprime,3e-08,3,2.356194490192345,-2.1213203435596422e-08,2.1213203435596425e-08,-0.33333334163875133,-0.3333333219879213,0.0
31,Kprime,3e-08,4,3.141592653589793,-3e-08,3.673940397442059e-24,-0.3333333450789681,-0.3333333274605159,0.0
32,Kprime,3e-08,5,3.9269908169872414,-2.121320343559643e-08,-2.121320343559642e-08,-0.33333334163875133,-0.3333333363733273,0.0
33,Kprime,3e-08,6,4.71238898038469,-5.510910596163088e-24,-3e-08,-0.3333333333333333,-0.33333334350535143,0.0
34,Kprime,3e-08,7,5.497787143782138,2.121320343559642e-08,-2.121320343559643e-08,-0.3333333250279153,-0.3333333446787453,0.0
35,Kprime,1e-07,0,0.0,1e-07,0.0,-0.3333332941812173,-0.3333333529093913,0.0
36,Kprime,1e-07,1,0.7853981633974483,7.071067811865476e-08,7.071067811865474e-08,-0.3333333056486066,-0.33333332320002,0.0
37,Kprime,1e-07,2,1.5707963267948966,6.123233995736766e-24,1e-07,-0.3333333333333333,-0.3333332994266062,0.0
38,Kprime,1e-07,3,2.356194490192345,-7.071067811865474e-08,7.071067811865476e-08,-0.33333336101806005,-0.33333329551529334,0.0
39,Kprime,1e-07,4,3.141592653589793,-1e-07,1.2246467991473531e-23,-0.3333333724854493,-0.3333333137572753,0.0
40,Kprime,1e-07,5,3.9269908169872414,-7.071067811865477e-08,-7.071067811865473e-08,-0.33333336101806005,-0.3333333434666466,0.0
41,Kprime,1e-07,6,4.71238898038469,-1.8369701987210295e-23,-1e-07,-0.3333333333333333,-0.3333333672400604,0.0
42,Kprime,1e-07,7,5.497787143782138,7.071067811865473e-08,-7.071067811865477e-08,-0.3333333056486066,-0.3333333711513733,0.0
43,Kprime,3e-07,0,0.0,3e-07,0.0,-0.33333321587698533,-0.3333333920615073,0.0
44,Kprime,3e-07,1,0.7853981633974483,2.1213203435596427e-07,2.1213203435596422e-07,-0.33333325027915317,-0.33333330293339347,0.0
45,Kprime,3e-07,2,1.5707963267948966,1.8369701987210298e-23,3e-07,-0.3333333333333333,-0.3333332316131521,0.0
46,Kprime,3e-07,3,2.356194490192345,-2.1213203435596422e-07,2.1213203435596427e-07,-0.33333341638751346,-0.3333332198792133,0.0
47,Kprime,3e-07,4,3.141592653589793,-3e-07,3.6739403974420596e-23,-0.3333334507896813,-0.3333332746051593,0.0
48,Kprime,3e-07,5,3.9269908169872414,-2.121320343559643e-07,-2.121320343559642e-07,-0.33333341638751346,-0.33333336373327316,0.0
49,Kprime,3e-07,6,4.71238898038469,-5.510910596163089e-23,-3e-07,-0.3333333333333333,-0.33333343505351454,0.0
50,Kprime,3e-07,7,5.497787143782138,2.121320343559642e-07,-2.121320343559643e-07,-0.33333325027915317,-0.3333334467874533,0.0
