k_index,valley,radius_Ainv,angle_index,theta_rad,qx_Ainv,qy_Ainv,k1,k2,k3,gap_eV,omega_plus_xy_A2,omega_minus_xy_A2,omega_spin_xy_A2,spin_mixing_plus_xy_A2
1,K,0.0,-1,0.0,0.0,0.0,0.3333333333333333,0.3333333333333333,0.0,9.120167838716497e-07,68215681194825.086,-68215682862028.805,68215682028426.945,10448032.441281978
2,K,3e-08,0,0.0,3e-08,0.0,0.3333333450789681,0.3333333274605159,0.0,9.693626612516937e-07,56801498926974.09,-56807810650403.6,56804654788688.84,8561171.98899516
3,K,3e-08,1,0.7853981633974483,2.1213203435596425e-08,2.1213203435596422e-08,0.33333334163875133,0.3333333363733273,0.0,9.694044145192038e-07,56805014665645.6,-56805016222240.83,56805015443943.22,8561391.369522352
4,K,3e-08,2,1.5707963267948966,1.8369701987210296e-24,3e-08,0.3333333333333333,0.33333334350535143,0.0,9.69401922290558e-07,56804857533668.46,-56804887170923.23,56804872352295.84,8561272.423625462
5,K,3e-08,3,2.356194490192345,-2.1213203435596422e-08,2.1213203435596425e-08,0.3333333250279153,0.3333333446787453,0.0,9.694227314227533e-07,56799424874016.79,-56792555051771.72,56795989962894.25,8559885.555453558
6,K,3e-08,4,3.141592653589793,-3e-08,3.673940397442059e-24,0.3333333215876985,0.3333333392061507,0.0,9.695144029819858e-07,56785736892662.95,-56785758096972.07,56785747494817.516,8558182.886061354
7,K,3e-08,5,3.9269908169872414,-2.121320343559643e-08,-2.121320343559642e-08,0.3333333250279153,0.33333333029333934,0.0,9.69482321533377e-07,56787479992357.52,-56787475234152.85,56787477613255.19,8558386.627924835
8,K,3e-08,6,4.71238898038469,-5.510910596163088e-24,-3e-08,0.3333333333333333,0.3333333231613152,0.0,9.694989513420182e-07,56785979630060.16,-56785948165650.83,56785963897855.49,8558190.06892888
9,K,3e-08,7,5.497787143782138,2.121320343559642e-08,-2.121320343559643e-08,0.33333334163875133,0.3333333219879213,0.0,9.694316784880641e-07,56796508511354.38,-56796467927857.516,56796488219605.95,8559871.048960552
10,K,1e-07,0,0.0,1e-07,0.0,0.3333333724854493,0.3333333137572753,0.0,1.4255737657009604e-06,17861475643797.434,-17861461629076.254,17861468636436.844,2469649.4535402786
11,K,1e-07,1,0.7853981633974483,7.071067811865476e-08,7.071067811865474e-08,0.33333336101806005,0.3333333434666466,0.0,1.4255216118641556e-06,17863760088525.387,-17863759850573.83,17863759969549.61,2469988.745501489
12,K,1e-07,2,1.5707963267948966,6.123233995736766e-24,1e-07,0.3333333333333333,0.3333333672400604,0.0,1.425533967314152e-06,17863232933382.926,-17863245052063.31,17863238992723.117,2469925.287191564
13,K,1e-07,3,2.356194490192345,-7.071067811865474e-08,7.071067811865476e-08,0.3333333056486066,0.3333333711513733,0.0,1.4255978384447587e-06,17860348597588.785,-17860364798953.527,17860356698271.156,2469484.7443531994
14,K,1e-07,4,3.141592653589793,-1e-07,1.2246467991473531e-23,0.3333332941812173,0.3333333529093913,0.0,1.425784172504052e-06,17854084534241.562,-17854093565832.957,17854089050037.258,2468569.552609625
15,K,1e-07,5,3.9269908169872414,-7.071067811865477e-08,-7.071067811865473e-08,0.3333333056486066,0.33333332320002,0.0,1.4258551219725746e-06,17851331742922.113,-17851325921509.414,17851328832215.766,2468193.2959435494
16,K,1e-07,6,4.71238898038469,-1.8369701987210295e-23,-1e-07,0.3333333333333333,0.3333332994266062,0.0,1.4258142342349345e-06,17852572560152.8,-17852554897655.914,17852563728904.36,2468347.4998660996
17,K,1e-07,7,5.497787143782138,7.071067811865473e-08,-7.071067811865477e-08,0.33333336101806005,0.33333329551529334,0.0,1.425698898938066e-06,17856744618868.6,-17856722967951.3,17856733793409.953,2468953.7196663613
18,K,3e-07,0,0.0,3e-07,0.0,0.3333334507896813,0.3333332746051593,0.0,3.4114098386162084e-06,1303401708651.1255,-1303384331743.9333,1303393020197.5293,160150.56932500325
19,K,3e-07,1,0.7853981633974483,2.1213203435596427e-07,2.1213203435596422e-07,0.33333341638751346,0.33333336373327316,0.0,3.411334841274538e-06,1303511830756.5347,-1303511626251.796,1303511728504.1653,160163.18742803432
20,K,3e-07,2,1.5707963267948966,1.8369701987210298e-23,3e-07,0.3333333333333333,0.33333343505351454,0.0,3.411309854595146e-06,1303522295970.8801,-1303475545232.5042,1303498920601.6921,160162.00093243786
21,K,3e-07,3,2.356194490192345,-2.1213203435596422e-07,2.1213203435596427e-07,0.33333325027915317,0.3333334467874533,0.0,3.411427544008916e-06,1303325154998.9214,-1303347756503.5398,1303336455751.2305,160141.83669076764
22,K,3e-07,4,3.141592653589793,-3e-07,3.6739403974420596e-23,0.33333321587698533,0.3333333920615073,0.0,3.4116509732839972e-06,1303151894992.413,-1303152055905.7107,1303151975449.062,160118.3295291249
23,K,3e-07,5,3.9269908169872414,-2.121320343559643e-07,-2.121320343559642e-07,0.33333325027915317,0.33333330293339347,0.0,3.411740130854213e-06,1303046109478.586,-1303045696602.8909,1303045903040.7383,160104.43459655822
24,K,3e-07,6,4.71238898038469,-5.510910596163089e-23,-3e-07,0.3333333333333333,0.3333332316131521,0.0,3.4117419591694897e-06,1303053162394.7046,-1303052287732.4524,1303052725063.5786,160106.02324242474
25,K,3e-07,7,5.497787143782138,2.121320343559642e-07,-2.121320343559643e-07,0.33333341638751346,0.3333332198792133,0.0,3.4116125604555236e-06,1303201205237.614,-1303200186889.118,1303200696063.366,160125.00956655896
26,Kprime,0.0,-1,0.0,0.0,0.0,-0.3333333333333333,-0.3333333333333333,0.0,9.119960902026492e-07,68218779129155.88,-68218778267536.73,68218778698346.305,10448461.544611452
27,Kprime,3e-08,0,0.0,3e-08,0.0,-0.3333333215876985,-0.3333333392061507,0.0,9.694773108748223e-07,56790092726281.44,-56790118493953.95,56790105610117.695,8558903.40245207
28,Kprime,3e-08,1,0.7853981633974483,2.1213203435596425e-08,2.1213203435596422e-08,-0.3333333250279153,-0.33333333029333934,0.0,9.695170462009628e-07,56783425650898.125,-56783421705782.125,56783423678340.125,8557837.736884745
29,Kprime,3e-08,2,1.5707963267948966,1.8369701987210296e-24,3e-08,-0.3333333333333333,-0.3333333231613152,0.0,9.695257476849406e-07,56782853634708.625,-56782823086677.81,56782838360693.22,8557708.437391154
30,Kprime,3e-08,3,2.356194490192345,-2.1213203435596422e-08,2.1213203435596425e-08,-0.33333334163875133,-0.3333333219879213,0.0,9.694919471670005e-07,56789460803053.71,-56789422831362.27,56789441817207.99,8558670.394047538
31,Kprime,3e-08,4,3.141592653589793,-3e-08,3.673940397442059e-24,-0.3333333450789681,-0.3333333274605159,0.0,9.693991485093534e-07,56798229716090.52,-56802100663024.6,56800165189557.56,8560567.869074471
32,Kprime,3e-08,5,3.9269908169872414,-2.121320343559643e-08,-2.121320343559642e-08,-0.33333334163875133,-0.3333333363733273,0.0,9.693805722577054e-07,56807820020115.1,-56807826655303.09,56807823337709.09,8561851.048772948
33,Kprime,3e-08,6,4.71238898038469,-5.510910596163088e-24,-3e-08,-0.3333333333333333,-0.33333334350535143,0.0,9.693717641923172e-07,56808405689103.72,-56808437153153.41,56808421421128.56,8561889.473827606
34,Kprime,3e-08,7,5.497787143782138,2.121320343559642e-08,-2.121320343559643e-08,-0.3333333250279153,-0.3333333446787453,0.0,9.69424161390009e-07,56799615751503.48,-56799657136949.266,56799636444226.375,8560478.77884897
35,Kprime,1e-07,0,0.0,1e-07,0.0,-0.3333332941812173,-0.3333333529093913,0.0,1.4257088993829825e-06,17855513984983.703,-17854910849667.17,17855212417325.438,2468732.5596062196
36,Kprime,1e-07,1,0.7853981633974483,7.071067811865476e-08,7.071067811865474e-08,-0.3333333056486066,-0.33333332320002,0.0,1.4258698417535243e-06,17850982655068.76,-17850982604824.35,17850982629946.555,2468117.9856221387
37,Kprime,1e-07,2,1.5707963267948966,6.123233995736766e-24,1e-07,-0.3333333333333333,-0.3333332994266062,0.0,1.4257610541079657e-06,17852760436005.6,-17853424440725.18,17853092438365.39,2468424.2632866236
38,Kprime,1e-07,3,2.356194490192345,-7.071067811865474e-08,7.071067811865476e-08,-0.33333336101806005,-0.33333329551529334,0.0,1.4256681026836304e-06,17857535695944.203,-17857519267192.62,17857527481568.414,2469069.235891348
39,Kprime,1e-07,4,3.141592653589793,-1e-07,1.2246467991473531e-23,-0.3333333724854493,-0.3333333137572753,0.0,1.4255604936508348e-06,17861828149732.168,-17861819012940.56,17861823581336.363,2469720.8839852815
40,Kprime,1e-07,5,3.9269908169872414,-7.071067811865477e-08,-7.071067811865473e-08,-0.33333336101806005,-0.3333333434666466,0.0,1.4255411722174927e-06,17863289543762.22,-17863294515036.68,17863292029399.45,2469950.969919093
41,Kprime,1e-07,6,4.71238898038469,-1.8369701987210295e-23,-1e-07,-0.3333333333333333,-0.3333333672400604,0.0,1.4254929134871475e-06,17864281880623.152,-17864299284630.434,17864290582626.793,2470054.334397376
42,Kprime,1e-07,7,5.497787143782138,7.071067811865473e-08,-7.071067811865477e-08,-0.3333333056486066,-0.3333333711513733,0.0,1.4256173130888783e-06,17859880513433.043,-17859901554901.42,17859891034167.234,2469418.8852161
43,Kprime,3e-07,0,0.0,3e-07,0.0,-0.33333321587698533,-0.3333333920615073,0.0,3.4116228597724785e-06,1303175677618.1624,-1303176399130.708,1303176038374.435,160121.40946737022
44,Kprime,3e-07,1,0.7853981633974483,2.1213203435596427e-07,2.1213203435596422e-07,-0.33333325027915317,-0.33333330293339347,0.0,3.411703768385621e-06,1303063070276.5173,-1303040852135.6497,1303051961206.0835,160104.66902018752
45,Kprime,3e-07,2,1.5707963267948966,1.8369701987210298e-23,3e-07,-0.3333333333333333,-0.3333332316131521,0.0,3.411683054288517e-06,1303100396789.5005,-1303100167067.9897,1303100281928.745,160111.53098080592
46,Kprime,3e-07,3,2.356194490192345,-2.1213203435596422e-07,2.1213203435596427e-07,-0.33333341638751346,-0.3333332198792133,0.0,3.4115661327049907e-06,1303238964394.502,-1303238549886.3955,1303238757140.4487,160127.9008484631
47,Kprime,3e-07,4,3.141592653589793,-3e-07,3.6739403974420596e-23,-0.3333334507896813,-0.3333332746051593,0.0,3.4114457339029514e-06,1303391626205.9624,-1303391475358.7703,1303391550782.3662,160148.5786158296
48,Kprime,3e-07,5,3.9269908169872414,-2.121320343559643e-07,-2.121320343559642e-07,-0.33333341638751346,-0.33333336373327316,0.0,3.411330809388602e-06,1303517177481.3657,-1303517566921.6418,1303517372201.504,160163.75914501655
49,Kprime,3e-07,6,4.71238898038469,-5.510910596163089e-23,-3e-07,-0.3333333333333333,-0.33333343505351454,0.0,3.4113963653936707e-06,1303458615617.0735,-1303459433508.5752,1303459024562.8242,160157.1130097786
50,Kprime,3e-07,7,5.497787143782138,2.121320343559642e-07,-2.121320343559643e-07,-0.33333325027915317,-0.3333334467874533,0.0,3.4114916758198888e-06,1303336532932.4482,-1303337576146.42,1303337054539.434,160141.8610746701
