k_index,kx_fractional,ky_fractional,kz_fractional,weight,spin,current,electric_field,omega_spin_A2
1,0.0,0.0,0.0,0.027777777777777776,x,x,x,-106.80404375888061
1,0.0,0.0,0.0,0.027777777777777776,x,x,y,-0.05152339799995403
1,0.0,0.0,0.0,0.027777777777777776,x,x,z,0.0003939825464495951
1,0.0,0.0,0.0,0.027777777777777776,x,y,x,0.06320525763176571
1,0.0,0.0,0.0,0.027777777777777776,x,y,y,106.92780143632112
1,0.0,0.0,0.0,0.027777777777777776,x,y,z,0.3498262510469206
1,0.0,0.0,0.0,0.027777777777777776,x,z,x,0.029897957274043038
1,0.0,0.0,0.0,0.027777777777777776,x,z,y,50.20420143343019
1,0.0,0.0,0.0,0.027777777777777776,x,z,z,-0.0006955180430639218
1,0.0,0.0,0.0,0.027777777777777776,y,x,x,0.01581826319325221
1,0.0,0.0,0.0,0.027777777777777776,y,x,y,106.87427769795595
1,0.0,0.0,0.0,0.027777777777777776,y,x,z,-0.3506952729022283
1,0.0,0.0,0.0,0.027777777777777776,y,y,x,106.844399662308
1,0.0,0.0,0.0,0.027777777777777776,y,y,y,0.021507052241160507
1,0.0,0.0,0.0,0.027777777777777776,y,y,z,-0.0014048230197533196
1,0.0,0.0,0.0,0.027777777777777776,y,z,x,-50.19771102704287
1,0.0,0.0,0.0,0.027777777777777776,y,z,y,0.023048382141121863
1,0.0,0.0,0.0,0.027777777777777776,y,z,z,0.0003943847657687653
1,0.0,0.0,0.0,0.027777777777777776,z,x,x,-0.002117795487537536
1,0.0,0.0,0.0,0.027777777777777776,z,x,y,246.4925793478602
1,0.0,0.0,0.0,0.027777777777777776,z,x,z,0.00032485488505791494
1,0.0,0.0,0.0,0.027777777777777776,z,y,x,-246.49338261153514
1,0.0,0.0,0.0,0.027777777777777776,z,y,y,0.0016480842750461152
1,0.0,0.0,0.0,0.027777777777777776,z,y,z,0.0006534839840797659
1,0.0,0.0,0.0,0.027777777777777776,z,z,x,0.0032366805613371903
1,0.0,0.0,0.0,0.027777777777777776,z,z,y,0.003041222325970012
1,0.0,0.0,0.0,0.027777777777777776,z,z,z,0.0006650410449765628
2,0.0,0.1666666666666667,0.0,0.027777777777777776,x,x,x,-8.7752199081291
2,0.0,0.1666666666666667,0.0,0.027777777777777776,x,x,y,-0.00023229381321828444
2,0.0,0.1666666666666667,0.0,0.027777777777777776,x,x,z,-0.00037831024438220954
2,0.0,0.1666666666666667,0.0,0.027777777777777776,x,y,x,0.00112370474596173
2,0.0,0.1666666666666667,0.0,0.027777777777777776,x,y,y,0.906053203070257
2,0.0,0.1666666666666667,0.0,0.027777777777777776,x,y,z,1.1157830484724336
2,0.0,0.1666666666666667,0.0,0.027777777777777776,x,z,x,0.0011730996332232624
2,0.0,0.1666666666666667,0.0,0.027777777777777776,x,z,y,3.9188755256488217
2,0.0,0.1666666666666667,0.0,0.027777777777777776,x,z,z,0.9823976685130418
2,0.0,0.1666666666666667,0.0,0.027777777777777776,y,x,x,0.0008460871178985914
2,0.0,0.1666666666666667,0.0,0.027777777777777776,y,x,y,19.243833918748177
2,0.0,0.1666666666666667,0.0,0.027777777777777776,y,x,z,4.1016132715355
2,0.0,0.1666666666666667,0.0,0.027777777777777776,y,y,x,-12.803326901083551
2,0.0,0.1666666666666667,0.0,0.027777777777777776,y,y,y,-2.8784396622685555e-05
2,0.0,0.1666666666666667,0.0,0.027777777777777776,y,y,z,8.994096763486096e-05
2,0.0,0.1666666666666667,0.0,0.027777777777777776,y,z,x,-6.985555303384304
2,0.0,0.1666666666666667,0.0,0.027777777777777776,y,z,y,-0.0007291866213279402
2,0.0,0.1666666666666667,0.0,0.027777777777777776,y,z,z,2.389709741180447e-05
2,0.0,0.1666666666666667,0.0,0.027777777777777776,z,x,x,-0.0003302047509159921
2,0.0,0.1666666666666667,0.0,0.027777777777777776,z,x,y,6.0062468227179595
2,0.0,0.1666666666666667,0.0,0.027777777777777776,z,x,z,-0.5746831382960528
2,0.0,0.1666666666666667,0.0,0.027777777777777776,z,y,x,0.24024089195920173
2,0.0,0.1666666666666667,0.0,0.027777777777777776,z,y,y,0.00042533915152688837
2,0.0,0.1666666666666667,0.0,0.027777777777777776,z,y,z,-0.0003221405751019071
2,0.0,0.1666666666666667,0.0,0.027777777777777776,z,z,x,-5.464827795465758
2,0.0,0.1666666666666667,0.0,0.027777777777777776,z,z,y,0.00026865290884390126
2,0.0,0.1666666666666667,0.0,0.027777777777777776,z,z,z,-0.0001849071697834154
3,0.0,0.3333333333333333,0.0,0.027777777777777776,x,x,x,2.4530929759473086
3,0.0,0.3333333333333333,0.0,0.027777777777777776,x,x,y,0.002459735782386019
3,0.0,0.3333333333333333,0.0,0.027777777777777776,x,x,z,-0.0015658160462197748
3,0.0,0.3333333333333333,0.0,0.027777777777777776,x,y,x,0.011370867868604235
3,0.0,0.3333333333333333,0.0,0.027777777777777776,x,y,y,-0.6238029730743863
3,0.0,0.3333333333333333,0.0,0.027777777777777776,x,y,z,0.24021774507200153
3,0.0,0.3333333333333333,0.0,0.027777777777777776,x,z,x,0.0030734698638682023
3,0.0,0.3333333333333333,0.0,0.027777777777777776,x,z,y,-0.8800095660439268
3,0.0,0.3333333333333333,0.0,0.027777777777777776,x,z,z,-0.018264636244413213
3,0.0,0.3333333333333333,0.0,0.027777777777777776,y,x,x,0.0029046603025223825
3,0.0,0.3333333333333333,0.0,0.027777777777777776,y,x,y,1.7270396959050613
3,0.0,0.3333333333333333,0.0,0.027777777777777776,y,x,z,1.7210494940475916
3,0.0,0.3333333333333333,0.0,0.027777777777777776,y,y,x,-1.8154675782395555
3,0.0,0.3333333333333333,0.0,0.027777777777777776,y,y,y,-0.0002783710812952213
3,0.0,0.3333333333333333,0.0,0.027777777777777776,y,y,z,0.000428650993231889
3,0.0,0.3333333333333333,0.0,0.027777777777777776,y,z,x,-2.315562734449994
3,0.0,0.3333333333333333,0.0,0.027777777777777776,y,z,y,-0.0021854019525602013
3,0.0,0.3333333333333333,0.0,0.027777777777777776,y,z,z,0.00013031363515074315
3,0.0,0.3333333333333333,0.0,0.027777777777777776,z,x,x,-0.005440045282104501
3,0.0,0.3333333333333333,0.0,0.027777777777777776,z,x,y,-2.701095367687392
3,0.0,0.3333333333333333,0.0,0.027777777777777776,z,x,z,-1.5961639911018057
3,0.0,0.3333333333333333,0.0,0.027777777777777776,z,y,x,1.473511479729011
3,0.0,0.3333333333333333,0.0,0.027777777777777776,z,y,y,-0.0014508018800656328
3,0.0,0.3333333333333333,0.0,0.027777777777777776,z,y,z,-0.0029650887726094047
3,0.0,0.3333333333333333,0.0,0.027777777777777776,z,z,x,1.6763136559387408
3,0.0,0.3333333333333333,0.0,0.027777777777777776,z,z,y,0.0022565548387199325
3,0.0,0.3333333333333333,0.0,0.027777777777777776,z,z,z,-0.0015271245566589097
4,0.0,0.5,0.0,0.027777777777777776,x,x,x,1.200081667608918
4,0.0,0.5,0.0,0.027777777777777776,x,x,y,2.160268556432558e-06
4,0.0,0.5,0.0,0.027777777777777776,x,x,z,2.5824397332599875e-06
4,0.0,0.5,0.0,0.027777777777777776,x,y,x,6.413706171542392e-06
4,0.0,0.5,0.0,0.027777777777777776,x,y,y,-0.03196091914338911
4,0.0,0.5,0.0,0.027777777777777776,x,y,z,0.18739399629752188
4,0.0,0.5,0.0,0.027777777777777776,x,z,x,-7.892062747100919e-05
4,0.0,0.5,0.0,0.027777777777777776,x,z,y,-0.6385410205986659
4,0.0,0.5,0.0,0.027777777777777776,x,z,z,-0.21122925007458257
4,0.0,0.5,0.0,0.027777777777777776,y,x,x,2.691144883219518e-05
4,0.0,0.5,0.0,0.027777777777777776,y,x,y,-3.281519573814742
4,0.0,0.5,0.0,0.027777777777777776,y,x,z,0.5747875470318213
4,0.0,0.5,0.0,0.027777777777777776,y,y,x,2.682453324665608
4,0.0,0.5,0.0,0.027777777777777776,y,y,y,-6.971135772526724e-06
4,0.0,0.5,0.0,0.027777777777777776,y,y,z,-5.524662674404306e-06
4,0.0,0.5,0.0,0.027777777777777776,y,z,x,-0.45437598551451314
4,0.0,0.5,0.0,0.027777777777777776,y,z,y,3.5126679068204244e-05
4,0.0,0.5,0.0,0.027777777777777776,y,z,z,-8.999959972566486e-06
4,0.0,0.5,0.0,0.027777777777777776,z,x,x,-1.1840187645768534e-05
4,0.0,0.5,0.0,0.027777777777777776,z,x,y,0.9059008400612616
4,0.0,0.5,0.0,0.027777777777777776,z,x,z,-1.1349135618416777
4,0.0,0.5,0.0,0.027777777777777776,z,y,x,-1.9735073717754539
4,0.0,0.5,0.0,0.027777777777777776,z,y,y,9.49382712664498e-06
4,0.0,0.5,0.0,0.027777777777777776,z,y,z,-1.4041877545662449e-05
4,0.0,0.5,0.0,0.027777777777777776,z,z,x,1.6101549262111636
4,0.0,0.5,0.0,0.027777777777777776,z,z,y,6.622044617330723e-06
4,0.0,0.5,0.0,0.027777777777777776,z,z,z,-3.918737074133714e-06
5,0.0,-0.3333333333333334,0.0,0.027777777777777776,x,x,x,2.4411914535181056
5,0.0,-0.3333333333333334,0.0,0.027777777777777776,x,x,y,-0.0003607027226998127
5,0.0,-0.3333333333333334,0.0,0.027777777777777776,x,x,z,0.0015559304300651945
5,0.0,-0.3333333333333334,0.0,0.027777777777777776,x,y,x,-0.003105900606721075
5,0.0,-0.3333333333333334,0.0,0.027777777777777776,x,y,y,-0.621605686898068
5,0.0,-0.3333333333333334,0.0,0.027777777777777776,x,y,z,0.2406891447753828
5,0.0,-0.3333333333333334,0.0,0.027777777777777776,x,z,x,-0.002293545695463835
5,0.0,-0.3333333333333334,0.0,0.027777777777777776,x,z,y,-0.8800606966013795
5,0.0,-0.3333333333333334,0.0,0.027777777777777776,x,z,z,-0.018710808396272968
5,0.0,-0.3333333333333334,0.0,0.027777777777777776,y,x,x,0.00043105837536562894
5,0.0,-0.3333333333333334,0.0,0.027777777777777776,y,x,y,1.7270616766371625
5,0.0,-0.3333333333333334,0.0,0.027777777777777776,y,x,z,1.7186655408523908
5,0.0,-0.3333333333333334,0.0,0.027777777777777776,y,y,x,-1.8159500394958161
5,0.0,-0.3333333333333334,0.0,0.027777777777777776,y,y,y,-0.00015704816217838868
5,0.0,-0.3333333333333334,0.0,0.027777777777777776,y,y,z,0.000475928222859654
5,0.0,-0.3333333333333334,0.0,0.027777777777777776,y,z,x,-2.318156852658296
5,0.0,-0.3333333333333334,0.0,0.027777777777777776,y,z,y,0.00044680667775942086
5,0.0,-0.3333333333333334,0.0,0.027777777777777776,y,z,z,-5.160884917578164e-06
5,0.0,-0.3333333333333334,0.0,0.027777777777777776,z,x,x,-0.00023740059226661875
5,0.0,-0.3333333333333334,0.0,0.027777777777777776,z,x,y,-2.705812887548536
5,0.0,-0.3333333333333334,0.0,0.027777777777777776,z,x,z,-1.5958432024078057
5,0.0,-0.3333333333333334,0.0,0.027777777777777776,z,y,x,1.4804424437145425
5,0.0,-0.3333333333333334,0.0,0.027777777777777776,z,y,y,0.001285968629939674
5,0.0,-0.3333333333333334,0.0,0.027777777777777776,z,y,z,0.0006040573425991293
5,0.0,-0.3333333333333334,0.0,0.027777777777777776,z,z,x,1.668740853369818
5,0.0,-0.3333333333333334,0.0,0.027777777777777776,z,z,y,-0.0002712617610798793
5,0.0,-0.3333333333333334,0.0,0.027777777777777776,z,z,z,0.0008120221343185555
6,0.0,-0.1666666666666666,0.0,0.027777777777777776,x,x,x,-8.775400667622716
6,0.0,-0.1666666666666666,0.0,0.027777777777777776,x,x,y,-8.885206130331122e-05
6,0.0,-0.1666666666666666,0.0,0.027777777777777776,x,x,z,5.0235193042469416e-05
6,0.0,-0.1666666666666666,0.0,0.027777777777777776,x,y,x,-7.629192564946537e-05
6,0.0,-0.1666666666666666,0.0,0.027777777777777776,x,y,y,0.9051211057175932
6,0.0,-0.1666666666666666,0.0,0.027777777777777776,x,y,z,1.1158354315001013
6,0.0,-0.1666666666666666,0.0,0.027777777777777776,x,z,x,-7.619189044784803e-05
6,0.0,-0.1666666666666666,0.0,0.027777777777777776,x,z,y,3.918837864506487
6,0.0,-0.1666666666666666,0.0,0.027777777777777776,x,z,z,0.9828998780498487
6,0.0,-0.1666666666666666,0.0,0.027777777777777776,y,x,x,-0.0004527809700026215
6,0.0,-0.1666666666666666,0.0,0.027777777777777776,y,x,y,19.244851492129115
6,0.0,-0.1666666666666666,0.0,0.027777777777777776,y,x,z,4.102594259485553
6,0.0,-0.1666666666666666,0.0,0.027777777777777776,y,y,x,-12.803142802604565
6,0.0,-0.1666666666666666,0.0,0.027777777777777776,y,y,y,8.022678493546377e-05
6,0.0,-0.1666666666666666,0.0,0.027777777777777776,y,y,z,1.551191474900176e-05
6,0.0,-0.1666666666666666,0.0,0.027777777777777776,y,z,x,-6.984189482857658
6,0.0,-0.1666666666666666,0.0,0.027777777777777776,y,z,y,0.00018410433383190584
6,0.0,-0.1666666666666666,0.0,0.027777777777777776,y,z,z,-3.704998512562164e-05
6,0.0,-0.1666666666666666,0.0,0.027777777777777776,z,x,x,0.000600982331133459
6,0.0,-0.1666666666666666,0.0,0.027777777777777776,z,x,y,6.005413119647045
6,0.0,-0.1666666666666666,0.0,0.027777777777777776,z,x,z,-0.5751640396778144
6,0.0,-0.1666666666666666,0.0,0.027777777777777776,z,y,x,0.24167802756152065
6,0.0,-0.1666666666666666,0.0,0.027777777777777776,z,y,y,-7.95683200087952e-05
6,0.0,-0.1666666666666666,0.0,0.027777777777777776,z,y,z,-0.00011819595300361998
6,0.0,-0.1666666666666666,0.0,0.027777777777777776,z,z,x,-5.466468321557538
6,0.0,-0.1666666666666666,0.0,0.027777777777777776,z,z,y,0.00018477459746610455
6,0.0,-0.1666666666666666,0.0,0.027777777777777776,z,z,z,5.677451087432418e-05
7,0.1666666666666667,0.0,0.0,0.027777777777777776,x,x,x,-1.6584544505121426
7,0.1666666666666667,0.0,0.0,0.027777777777777776,x,x,y,14.578044715183173
7,0.1666666666666667,0.0,0.0,0.027777777777777776,x,x,z,-2.2597471020211626
7,0.1666666666666667,0.0,0.0,0.027777777777777776,x,y,x,-13.176270667023052
7,0.1666666666666667,0.0,0.0,0.027777777777777776,x,y,y,5.593569872115417
7,0.1666666666666667,0.0,0.0,0.027777777777777776,x,y,z,-2.798061236636056
7,0.1666666666666667,0.0,0.0,0.027777777777777776,x,z,x,1.3271643878516175
7,0.1666666666666667,0.0,0.0,0.027777777777777776,x,z,y,6.216590470858439
7,0.1666666666666667,0.0,0.0,0.027777777777777776,x,z,z,-0.4912921189752086
7,0.1666666666666667,0.0,0.0,0.027777777777777776,y,x,x,2.70741149004338
7,0.1666666666666667,0.0,0.0,0.027777777777777776,y,x,y,-3.576341621453328
7,0.1666666666666667,0.0,0.0,0.027777777777777776,y,x,z,0.18878580330503705
7,0.1666666666666667,0.0,0.0,0.027777777777777776,y,y,x,12.446977195323962
7,0.1666666666666667,0.0,0.0,0.027777777777777776,y,y,y,4.108720186431648
7,0.1666666666666667,0.0,0.0,0.027777777777777776,y,y,z,2.259719841591447
7,0.1666666666666667,0.0,0.0,0.027777777777777776,y,z,x,-4.683967287122253
7,0.1666666666666667,0.0,0.0,0.027777777777777776,y,z,y,-1.3269381158968676
7,0.1666666666666667,0.0,0.0,0.027777777777777776,y,z,z,-0.851150884603012
7,0.1666666666666667,0.0,0.0,0.027777777777777776,z,x,x,-2.7060999188190435
7,0.1666666666666667,0.0,0.0,0.027777777777777776,z,x,y,1.317978501682374
7,0.1666666666666667,0.0,0.0,0.027777777777777776,z,x,z,0.2876258894175891
7,0.1666666666666667,0.0,0.0,0.027777777777777776,z,y,x,-4.44291825647161
7,0.1666666666666667,0.0,0.0,0.027777777777777776,z,y,y,2.706300742429082
7,0.1666666666666667,0.0,0.0,0.027777777777777776,z,y,z,0.49811642145764456
7,0.1666666666666667,0.0,0.0,0.027777777777777776,z,z,x,2.7311739951126226
7,0.1666666666666667,0.0,0.0,0.027777777777777776,z,z,y,4.730271091936074
7,0.1666666666666667,0.0,0.0,0.027777777777777776,z,z,z,1.6614523231928678e-06
8,0.1666666666666667,0.1666666666666667,0.0,0.027777777777777776,x,x,x,-1.658342813254836
8,0.1666666666666667,0.1666666666666667,0.0,0.027777777777777776,x,x,y,-14.57807345692935
8,0.1666666666666667,0.1666666666666667,0.0,0.027777777777777776,x,x,z,2.259533978483444
8,0.1666666666666667,0.1666666666666667,0.0,0.027777777777777776,x,y,x,13.175741094934585
8,0.1666666666666667,0.1666666666666667,0.0,0.027777777777777776,x,y,y,5.593392477654417
8,0.1666666666666667,0.1666666666666667,0.0,0.027777777777777776,x,y,z,-2.7975858294008265
8,0.1666666666666667,0.1666666666666667,0.0,0.027777777777777776,x,z,x,-1.327533310583872
8,0.1666666666666667,0.1666666666666667,0.0,0.027777777777777776,x,z,y,6.217584119449702
8,0.1666666666666667,0.1666666666666667,0.0,0.027777777777777776,x,z,z,-0.49132833869808806
8,0.1666666666666667,0.1666666666666667,0.0,0.027777777777777776,y,x,x,-2.706437054882154
8,0.1666666666666667,0.1666666666666667,0.0,0.027777777777777776,y,x,y,-3.576695174373197
8,0.1666666666666667,0.1666666666666667,0.0,0.027777777777777776,y,x,z,0.18874887048278016
8,0.1666666666666667,0.1666666666666667,0.0,0.027777777777777776,y,y,x,12.447484484176517
8,0.1666666666666667,0.1666666666666667,0.0,0.027777777777777776,y,y,y,-4.1092860268258
8,0.1666666666666667,0.1666666666666667,0.0,0.027777777777777776,y,y,z,-2.25965634052868
8,0.1666666666666667,0.1666666666666667,0.0,0.027777777777777776,y,z,x,-4.6851392865062635
8,0.1666666666666667,0.1666666666666667,0.0,0.027777777777777776,y,z,y,1.327967841658853
8,0.1666666666666667,0.1666666666666667,0.0,0.027777777777777776,y,z,z,0.8509786883229181
8,0.1666666666666667,0.1666666666666667,0.0,0.027777777777777776,z,x,x,2.705309284540546
8,0.1666666666666667,0.1666666666666667,0.0,0.027777777777777776,z,x,y,1.319938142376166
8,0.1666666666666667,0.1666666666666667,0.0,0.027777777777777776,z,x,z,0.28766611433246403
8,0.1666666666666667,0.1666666666666667,0.0,0.027777777777777776,z,y,x,-4.443557897215924
8,0.1666666666666667,0.1666666666666667,0.0,0.027777777777777776,z,y,y,-2.705271795810339
8,0.1666666666666667,0.1666666666666667,0.0,0.027777777777777776,z,y,z,-0.4980873011336254
8,0.1666666666666667,0.1666666666666667,0.0,0.027777777777777776,z,z,x,2.7320971112186827
8,0.1666666666666667,0.1666666666666667,0.0,0.027777777777777776,z,z,y,-4.732398719461948
8,0.1666666666666667,0.1666666666666667,0.0,0.027777777777777776,z,z,z,-7.644616216308784e-06
9,0.1666666666666667,0.3333333333333333,0.0,0.027777777777777776,x,x,x,0.05039030914319817
9,0.1666666666666667,0.3333333333333333,0.0,0.027777777777777776,x,x,y,0.6860613376106223
9,0.1666666666666667,0.3333333333333333,0.0,0.027777777777777776,x,x,z,-0.1494880784184428
9,0.1666666666666667,0.3333333333333333,0.0,0.027777777777777776,x,y,x,-0.7166603725941185
9,0.1666666666666667,0.3333333333333333,0.0,0.027777777777777776,x,y,y,0.12326641320530468
9,0.1666666666666667,0.3333333333333333,0.0,0.027777777777777776,x,y,z,0.8376209154960121
9,0.1666666666666667,0.3333333333333333,0.0,0.027777777777777776,x,z,x,-0.10740915978276942
9,0.1666666666666667,0.3333333333333333,0.0,0.027777777777777776,x,z,y,-0.6519792193907267
9,0.1666666666666667,0.3333333333333333,0.0,0.027777777777777776,x,z,z,0.04321381762061588
9,0.1666666666666667,0.3333333333333333,0.0,0.027777777777777776,y,x,x,0.16569712464205094
9,0.1666666666666667,0.3333333333333333,0.0,0.027777777777777776,y,x,y,-0.3861439920382956
9,0.1666666666666667,0.3333333333333333,0.0,0.027777777777777776,y,x,z,-1.0102160255267283
9,0.1666666666666667,0.3333333333333333,0.0,0.027777777777777776,y,y,x,0.42368170986592746
9,0.1666666666666667,0.3333333333333333,0.0,0.027777777777777776,y,y,y,0.13509429602408649
9,0.1666666666666667,0.3333333333333333,0.0,0.027777777777777776,y,y,z,0.14948840711882486
9,0.1666666666666667,0.3333333333333333,0.0,0.027777777777777776,y,z,x,0.5279205105706195
9,0.1666666666666667,0.3333333333333333,0.0,0.027777777777777776,y,z,y,0.10741652344120942
9,0.1666666666666667,0.3333333333333333,0.0,0.027777777777777776,y,z,z,0.0748441486662721
9,0.1666666666666667,0.3333333333333333,0.0,0.027777777777777776,z,x,x,-0.13129996215628326
9,0.1666666666666667,0.3333333333333333,0.0,0.027777777777777776,z,x,y,-0.21141299601541436
9,0.1666666666666667,0.3333333333333333,0.0,0.027777777777777776,z,x,z,0.30620639947153816
9,0.1666666666666667,0.3333333333333333,0.0,0.027777777777777776,z,y,x,0.05979124414235312
9,0.1666666666666667,0.3333333333333333,0.0,0.027777777777777776,z,y,y,0.13130064240292205
9,0.1666666666666667,0.3333333333333333,0.0,0.027777777777777776,z,y,z,0.5304121830395199
9,0.1666666666666667,0.3333333333333333,0.0,0.027777777777777776,z,z,x,-0.13617220234139898
9,0.1666666666666667,0.3333333333333333,0.0,0.027777777777777776,z,z,y,-0.23589138287497555
9,0.1666666666666667,0.3333333333333333,0.0,0.027777777777777776,z,z,z,2.772810335577373e-06
10,0.1666666666666667,0.5,0.0,0.027777777777777776,x,x,x,0.4422783153237939
10,0.1666666666666667,0.5,0.0,0.027777777777777776,x,x,y,0.08894770802815163
10,0.1666666666666667,0.5,0.0,0.027777777777777776,x,x,z,-0.09758219527028687
10,0.1666666666666667,0.5,0.0,0.027777777777777776,x,y,x,-0.13698792525690032
10,0.1666666666666667,0.5,0.0,0.027777777777777776,x,y,y,-0.10236456430113593
10,0.1666666666666667,0.5,0.0,0.027777777777777776,x,y,z,0.3716840037636966
10,0.1666666666666667,0.5,0.0,0.027777777777777776,x,z,x,0.009279038511932866
10,0.1666666666666667,0.5,0.0,0.027777777777777776,x,z,y,-0.8167950340775649
10,0.1666666666666667,0.5,0.0,0.027777777777777776,x,z,z,-0.0347357126083338
10,0.1666666666666667,0.5,0.0,0.027777777777777776,y,x,x,-0.02326816076379298
10,0.1666666666666667,0.5,0.0,0.027777777777777776,y,x,y,-0.6445099761450106
10,0.1666666666666667,0.5,0.0,0.027777777777777776,y,x,z,-0.4921284895373723
10,0.1666666666666667,0.5,0.0,0.027777777777777776,y,y,x,0.5583789765039717
10,0.1666666666666667,0.5,0.0,0.027777777777777776,y,y,y,0.09198082238554744
10,0.1666666666666667,0.5,0.0,0.027777777777777776,y,y,z,-0.047786577314579325
10,0.1666666666666667,0.5,0.0,0.027777777777777776,y,z,x,0.4694162504182953
10,0.1666666666666667,0.5,0.0,0.027777777777777776,y,z,y,0.1390125644307744
10,0.1666666666666667,0.5,0.0,0.027777777777777776,y,z,z,0.010475446741110872
10,0.1666666666666667,0.5,0.0,0.027777777777777776,z,x,x,0.012902130276925874
10,0.1666666666666667,0.5,0.0,0.027777777777777776,z,x,y,0.42213317128286726
10,0.1666666666666667,0.5,0.0,0.027777777777777776,z,x,z,0.2900047505766968
10,0.1666666666666667,0.5,0.0,0.027777777777777776,z,y,x,-0.7731938019057907
10,0.1666666666666667,0.5,0.0,0.027777777777777776,z,y,y,0.06914766505504562
10,0.1666666666666667,0.5,0.0,0.027777777777777776,z,y,z,0.2842055042965806
10,0.1666666666666667,0.5,0.0,0.027777777777777776,z,z,x,0.00874748283114065
10,0.1666666666666667,0.5,0.0,0.027777777777777776,z,z,y,-0.16843192795173353
10,0.1666666666666667,0.5,0.0,0.027777777777777776,z,z,z,-0.004382043195346323
11,0.1666666666666667,-0.3333333333333334,0.0,0.027777777777777776,x,x,x,0.4427361202669448
11,0.1666666666666667,-0.3333333333333334,0.0,0.027777777777777776,x,x,y,-0.08928567087996828
11,0.1666666666666667,-0.3333333333333334,0.0,0.027777777777777776,x,x,z,0.09905213121208054
11,0.1666666666666667,-0.3333333333333334,0.0,0.027777777777777776,x,y,x,0.13665457544585294
11,0.1666666666666667,-0.3333333333333334,0.0,0.027777777777777776,x,y,y,-0.10288254266993394
11,0.1666666666666667,-0.3333333333333334,0.0,0.027777777777777776,x,y,z,0.37138511755047343
11,0.1666666666666667,-0.3333333333333334,0.0,0.027777777777777776,x,z,x,-0.008372054073200626
11,0.1666666666666667,-0.3333333333333334,0.0,0.027777777777777776,x,z,y,-0.8171176564698156
11,0.1666666666666667,-0.3333333333333334,0.0,0.027777777777777776,x,z,z,-0.03356008228826406
11,0.1666666666666667,-0.3333333333333334,0.0,0.027777777777777776,y,x,x,0.024588463253243688
11,0.1666666666666667,-0.3333333333333334,0.0,0.027777777777777776,y,x,y,-0.6460039599959676
11,0.1666666666666667,-0.3333333333333334,0.0,0.027777777777777776,y,x,z,-0.491266507944451
11,0.1666666666666667,-0.3333333333333334,0.0,0.027777777777777776,y,y,x,0.5597406192845431
11,0.1666666666666667,-0.3333333333333334,0.0,0.027777777777777776,y,y,y,-0.09179156522582721
11,0.1666666666666667,-0.3333333333333334,0.0,0.027777777777777776,y,y,z,0.04883323188689761
11,0.1666666666666667,-0.3333333333333334,0.0,0.027777777777777776,y,z,x,0.4696394670236687
11,0.1666666666666667,-0.3333333333333334,0.0,0.027777777777777776,y,z,y,-0.1392855914052693
11,0.1666666666666667,-0.3333333333333334,0.0,0.027777777777777776,y,z,z,-0.009471647880635543
11,0.1666666666666667,-0.3333333333333334,0.0,0.027777777777777776,z,x,x,-0.011747816823507489
11,0.1666666666666667,-0.3333333333333334,0.0,0.027777777777777776,z,x,y,0.4210789009105991
11,0.1666666666666667,-0.3333333333333334,0.0,0.027777777777777776,z,x,z,0.29102189602477424
11,0.1666666666666667,-0.3333333333333334,0.0,0.027777777777777776,z,y,x,-0.772549866766466
11,0.1666666666666667,-0.3333333333333334,0.0,0.027777777777777776,z,y,y,-0.06913766697198903
11,0.1666666666666667,-0.3333333333333334,0.0,0.027777777777777776,z,y,z,-0.2850785360974148
11,0.1666666666666667,-0.3333333333333334,0.0,0.027777777777777776,z,z,x,0.008447084808958153
11,0.1666666666666667,-0.3333333333333334,0.0,0.027777777777777776,z,z,y,0.1677163238496241
11,0.1666666666666667,-0.3333333333333334,0.0,0.027777777777777776,z,z,z,0.005320333030283822
12,0.1666666666666667,-0.1666666666666666,0.0,0.027777777777777776,x,x,x,0.05038937901936968
12,0.1666666666666667,-0.1666666666666666,0.0,0.027777777777777776,x,x,y,-0.6860594228169201
12,0.1666666666666667,-0.1666666666666666,0.0,0.027777777777777776,x,x,z,0.14948677658486598
12,0.1666666666666667,-0.1666666666666666,0.0,0.027777777777777776,x,y,x,0.7166537330605798
12,0.1666666666666667,-0.1666666666666666,0.0,0.027777777777777776,x,y,y,0.12326822874366569
12,0.1666666666666667,-0.1666666666666666,0.0,0.027777777777777776,x,y,z,0.8376228963174166
12,0.1666666666666667,-0.1666666666666666,0.0,0.027777777777777776,x,z,x,0.10741101617557276
12,0.1666666666666667,-0.1666666666666666,0.0,0.027777777777777776,x,z,y,-0.6519743334653091
12,0.1666666666666667,-0.1666666666666666,0.0,0.027777777777777776,x,z,z,0.04321365907544509
12,0.1666666666666667,-0.1666666666666666,0.0,0.027777777777777776,y,x,x,-0.16569353209021806
12,0.1666666666666667,-0.1666666666666666,0.0,0.027777777777777776,y,x,y,-0.386141326469095
12,0.1666666666666667,-0.1666666666666666,0.0,0.027777777777777776,y,x,z,-1.0102163984480155
12,0.1666666666666667,-0.1666666666666666,0.0,0.027777777777777776,y,y,x,0.42367878635333994
12,0.1666666666666667,-0.1666666666666666,0.0,0.027777777777777776,y,y,y,-0.13509552071781736
12,0.1666666666666667,-0.1666666666666666,0.0,0.027777777777777776,y,y,z,-0.14948675251855076
12,0.1666666666666667,-0.1666666666666666,0.0,0.027777777777777776,y,z,x,0.5279232055009112
12,0.1666666666666667,-0.1666666666666666,0.0,0.027777777777777776,y,z,y,-0.10741511351987365
12,0.1666666666666667,-0.1666666666666666,0.0,0.027777777777777776,y,z,z,-0.07484425102352585
12,0.1666666666666667,-0.1666666666666666,0.0,0.027777777777777776,z,x,x,0.13130041123156183
12,0.1666666666666667,-0.1666666666666666,0.0,0.027777777777777776,z,x,y,-0.21142297859672615
12,0.1666666666666667,-0.1666666666666666,0.0,0.027777777777777776,z,x,z,0.3062056741855454
12,0.1666666666666667,-0.1666666666666666,0.0,0.027777777777777776,z,y,x,0.05980240071485226
12,0.1666666666666667,-0.1666666666666666,0.0,0.027777777777777776,z,y,y,-0.1313034326971568
12,0.1666666666666667,-0.1666666666666666,0.0,0.027777777777777776,z,y,z,-0.5304117069998072
12,0.1666666666666667,-0.1666666666666666,0.0,0.027777777777777776,z,z,x,-0.13617002177456566
12,0.1666666666666667,-0.1666666666666666,0.0,0.027777777777777776,z,z,y,0.2358910905788552
12,0.1666666666666667,-0.1666666666666666,0.0,0.027777777777777776,z,z,z,-2.155165629272852e-06
13,0.3333333333333333,0.0,0.0,0.027777777777777776,x,x,x,-0.03838462280930782
13,0.3333333333333333,0.0,0.0,0.027777777777777776,x,x,y,0.8909641020509
13,0.3333333333333333,0.0,0.0,0.027777777777777776,x,x,z,-0.8495162590391683
13,0.3333333333333333,0.0,0.0,0.027777777777777776,x,y,x,-2.1777444138912747
13,0.3333333333333333,0.0,0.0,0.027777777777777776,x,y,y,-0.871798249112552
13,0.3333333333333333,0.0,0.0,0.027777777777777776,x,y,z,-1.227059289569346
13,0.3333333333333333,0.0,0.0,0.027777777777777776,x,z,x,1.38491422292324
13,0.3333333333333333,0.0,0.0,0.027777777777777776,x,z,y,1.5165108847698485
13,0.3333333333333333,0.0,0.0,0.027777777777777776,x,z,z,0.00897241180198399
13,0.3333333333333333,0.0,0.0,0.027777777777777776,y,x,x,-0.14401307009159786
13,0.3333333333333333,0.0,0.0,0.027777777777777776,y,x,y,-2.046336133373657
13,0.3333333333333333,0.0,0.0,0.027777777777777776,y,x,z,0.2502585619475355
13,0.3333333333333333,0.0,0.0,0.027777777777777776,y,y,x,-0.2749029524522082
13,0.3333333333333333,0.0,0.0,0.027777777777777776,y,y,y,-1.4337796536389125
13,0.3333333333333333,0.0,0.0,0.027777777777777776,y,y,z,0.8478050307706619
13,0.3333333333333333,0.0,0.0,0.027777777777777776,y,z,x,0.080643407717424
13,0.3333333333333333,0.0,0.0,0.027777777777777776,y,z,y,-1.3821647641263073
13,0.3333333333333333,0.0,0.0,0.027777777777777776,y,z,z,0.016201991959913856
13,0.3333333333333333,0.0,0.0,0.027777777777777776,z,x,x,0.5312639343018946
13,0.3333333333333333,0.0,0.0,0.027777777777777776,z,x,y,-1.784334332580395
13,0.3333333333333333,0.0,0.0,0.027777777777777776,z,x,z,0.7982566955309913
13,0.3333333333333333,0.0,0.0,0.027777777777777776,z,y,x,2.402296480016039
13,0.3333333333333333,0.0,0.0,0.027777777777777776,z,y,y,-0.5265309236064963
13,0.3333333333333333,0.0,0.0,0.027777777777777776,z,y,z,1.382757095146078
13,0.3333333333333333,0.0,0.0,0.027777777777777776,z,z,x,-0.8330415590836596
13,0.3333333333333333,0.0,0.0,0.027777777777777776,z,z,y,-1.4424320153170038
13,0.3333333333333333,0.0,0.0,0.027777777777777776,z,z,z,-0.0006652981435828367
14,0.3333333333333333,0.1666666666666667,0.0,0.027777777777777776,x,x,x,-0.18359951678389203
14,0.3333333333333333,0.1666666666666667,0.0,0.027777777777777776,x,x,y,-2.359085368420404e-06
14,0.3333333333333333,0.1666666666666667,0.0,0.027777777777777776,x,x,z,3.6565100577467917e-06
14,0.3333333333333333,0.1666666666666667,0.0,0.027777777777777776,x,y,x,-2.8048412567473172e-06
14,0.3333333333333333,0.1666666666666667,0.0,0.027777777777777776,x,y,y,-0.1637174607390616
14,0.3333333333333333,0.1666666666666667,0.0,0.027777777777777776,x,y,z,1.0965127819019787
14,0.3333333333333333,0.1666666666666667,0.0,0.027777777777777776,x,z,x,5.328320468912123e-07
14,0.3333333333333333,0.1666666666666667,0.0,0.027777777777777776,x,z,y,-0.46589962798050527
14,0.3333333333333333,0.1666666666666667,0.0,0.027777777777777776,x,z,z,-0.08642029316065655
14,0.3333333333333333,0.1666666666666667,0.0,0.027777777777777776,y,x,x,3.779111269657312e-06
14,0.3333333333333333,0.1666666666666667,0.0,0.027777777777777776,y,x,y,0.855111972534887
14,0.3333333333333333,0.1666666666666667,0.0,0.027777777777777776,y,x,z,-0.7513074165058474
14,0.3333333333333333,0.1666666666666667,0.0,0.027777777777777776,y,y,x,-0.764577817852646
14,0.3333333333333333,0.1666666666666667,0.0,0.027777777777777776,y,y,y,-1.3444351513755917e-06
14,0.3333333333333333,0.1666666666666667,0.0,0.027777777777777776,y,y,z,2.2418353768166523e-07
14,0.3333333333333333,0.1666666666666667,0.0,0.027777777777777776,y,z,x,0.713979180401271
14,0.3333333333333333,0.1666666666666667,0.0,0.027777777777777776,y,z,y,1.3456157870668267e-06
14,0.3333333333333333,0.1666666666666667,0.0,0.027777777777777776,y,z,z,-1.2576120166728872e-06
14,0.3333333333333333,0.1666666666666667,0.0,0.027777777777777776,z,x,x,8.871794835638418e-06
14,0.3333333333333333,0.1666666666666667,0.0,0.027777777777777776,z,x,y,0.016015980303156183
14,0.3333333333333333,0.1666666666666667,0.0,0.027777777777777776,z,x,z,-0.6124517681369378
14,0.3333333333333333,0.1666666666666667,0.0,0.027777777777777776,z,y,x,0.2872207813689064
14,0.3333333333333333,0.1666666666666667,0.0,0.027777777777777776,z,y,y,-1.7288726850658344e-06
14,0.3333333333333333,0.1666666666666667,0.0,0.027777777777777776,z,y,z,-5.438920786808885e-07
14,0.3333333333333333,0.1666666666666667,0.0,0.027777777777777776,z,z,x,0.27237407778051576
14,0.3333333333333333,0.1666666666666667,0.0,0.027777777777777776,z,z,y,-1.4311390616937808e-06
14,0.3333333333333333,0.1666666666666667,0.0,0.027777777777777776,z,z,z,-1.0144046156006686e-06
15,0.3333333333333333,0.3333333333333333,0.0,0.027777777777777776,x,x,x,-0.04022842559508088
15,0.3333333333333333,0.3333333333333333,0.0,0.027777777777777776,x,x,y,-0.8892227815190862
15,0.3333333333333333,0.3333333333333333,0.0,0.027777777777777776,x,x,z,0.8507198560802486
15,0.3333333333333333,0.3333333333333333,0.0,0.027777777777777776,x,y,x,2.1793144988435174
15,0.3333333333333333,0.3333333333333333,0.0,0.027777777777777776,x,y,y,-0.872712708969771
15,0.3333333333333333,0.3333333333333333,0.0,0.027777777777777776,x,y,z,-1.2291166624880843
15,0.3333333333333333,0.3333333333333333,0.0,0.027777777777777776,x,z,x,-1.3832015974080976
15,0.3333333333333333,0.3333333333333333,0.0,0.027777777777777776,x,z,y,1.5134034154304663
15,0.3333333333333333,0.3333333333333333,0.0,0.027777777777777776,x,z,z,0.00868914356697584
15,0.3333333333333333,0.3333333333333333,0.0,0.027777777777777776,y,x,x,0.14059139027502995
15,0.3333333333333333,0.3333333333333333,0.0,0.027777777777777776,y,x,y,-2.040405206216816
15,0.3333333333333333,0.3333333333333333,0.0,0.027777777777777776,y,x,z,0.2492732426532141
15,0.3333333333333333,0.3333333333333333,0.0,0.027777777777777776,y,y,x,-0.27769379953237977
15,0.3333333333333333,0.3333333333333333,0.0,0.027777777777777776,y,y,y,1.4429724398815884
15,0.3333333333333333,0.3333333333333333,0.0,0.027777777777777776,y,y,z,-0.8504798824640414
15,0.3333333333333333,0.3333333333333333,0.0,0.027777777777777776,y,z,x,0.08309709615133307
15,0.3333333333333333,0.3333333333333333,0.0,0.027777777777777776,y,z,y,1.3823012795551914
15,0.3333333333333333,0.3333333333333333,0.0,0.027777777777777776,y,z,z,-0.01512732082677182
15,0.3333333333333333,0.3333333333333333,0.0,0.027777777777777776,z,x,x,-0.5237088615171934
15,0.3333333333333333,0.3333333333333333,0.0,0.027777777777777776,z,x,y,-1.7947328556870301
15,0.3333333333333333,0.3333333333333333,0.0,0.027777777777777776,z,x,z,0.7973506793067454
15,0.3333333333333333,0.3333333333333333,0.0,0.027777777777777776,z,y,x,2.399892690781219
15,0.3333333333333333,0.3333333333333333,0.0,0.027777777777777776,z,y,y,0.5250089572816604
15,0.3333333333333333,0.3333333333333333,0.0,0.027777777777777776,z,y,z,-1.3835720431057
15,0.3333333333333333,0.3333333333333333,0.0,0.027777777777777776,z,z,x,-0.833161767391802
15,0.3333333333333333,0.3333333333333333,0.0,0.027777777777777776,z,z,y,1.44500279603615
15,0.3333333333333333,0.3333333333333333,0.0,0.027777777777777776,z,z,z,0.0007855424737134355
16,0.3333333333333333,0.5,0.0,0.027777777777777776,x,x,x,0.05952622058277255
16,0.3333333333333333,0.5,0.0,0.027777777777777776,x,x,y,0.730138096626723
16,0.3333333333333333,0.5,0.0,0.027777777777777776,x,x,z,0.0072150627650552504
16,0.3333333333333333,0.5,0.0,0.027777777777777776,x,y,x,-0.43525121077459206
16,0.3333333333333333,0.5,0.0,0.027777777777777776,x,y,y,-0.16892264207058627
16,0.3333333333333333,0.5,0.0,0.027777777777777776,x,y,z,0.4410833585055181
16,0.3333333333333333,0.5,0.0,0.027777777777777776,x,z,x,-0.25736434313096307
16,0.3333333333333333,0.5,0.0,0.027777777777777776,x,z,y,-0.615880191077301
16,0.3333333333333333,0.5,0.0,0.027777777777777776,x,z,z,0.02453049230964025
16,0.3333333333333333,0.5,0.0,0.027777777777777776,y,x,x,0.09346762519487216
16,0.3333333333333333,0.5,0.0,0.027777777777777776,y,x,y,0.0039770136070228865
16,0.3333333333333333,0.5,0.0,0.027777777777777776,y,x,z,-0.42116633614540905
16,0.3333333333333333,0.5,0.0,0.027777777777777776,y,y,x,-0.4026043555040372
16,0.3333333333333333,0.5,0.0,0.027777777777777776,y,y,y,0.22863100449191082
16,0.3333333333333333,0.5,0.0,0.027777777777777776,y,y,z,0.13742620669314734
16,0.3333333333333333,0.5,0.0,0.027777777777777776,y,z,x,0.6705636502262315
16,0.3333333333333333,0.5,0.0,0.027777777777777776,y,z,y,0.10991500886680716
16,0.3333333333333333,0.5,0.0,0.027777777777777776,y,z,z,-0.024216158833666433
16,0.3333333333333333,0.5,0.0,0.027777777777777776,z,x,x,-0.20710625942526076
16,0.3333333333333333,0.5,0.0,0.027777777777777776,z,x,y,0.6625597890475269
16,0.3333333333333333,0.5,0.0,0.027777777777777776,z,x,z,0.10173923814220644
16,0.3333333333333333,0.5,0.0,0.027777777777777776,z,y,x,-0.5342757601076638
16,0.3333333333333333,0.5,0.0,0.027777777777777776,z,y,y,0.12456034322664226
16,0.3333333333333333,0.5,0.0,0.027777777777777776,z,y,z,0.39752993669829473
16,0.3333333333333333,0.5,0.0,0.027777777777777776,z,z,x,-0.15114287524443426
16,0.3333333333333333,0.5,0.0,0.027777777777777776,z,z,y,-0.07766685259403613
16,0.3333333333333333,0.5,0.0,0.027777777777777776,z,z,z,0.006823480078140396
17,0.3333333333333333,-0.3333333333333334,0.0,0.027777777777777776,x,x,x,0.18144306375412142
17,0.3333333333333333,-0.3333333333333334,0.0,0.027777777777777776,x,x,y,-0.0010604134737153916
17,0.3333333333333333,-0.3333333333333334,0.0,0.027777777777777776,x,x,z,-0.000551020943885592
17,0.3333333333333333,-0.3333333333333334,0.0,0.027777777777777776,x,y,x,0.0016590131432155154
17,0.3333333333333333,-0.3333333333333334,0.0,0.027777777777777776,x,y,y,-0.17909335524277253
17,0.3333333333333333,-0.3333333333333334,0.0,0.027777777777777776,x,y,z,0.5036168109974782
17,0.3333333333333333,-0.3333333333333334,0.0,0.027777777777777776,x,z,x,-0.00017748958016050164
17,0.3333333333333333,-0.3333333333333334,0.0,0.027777777777777776,x,z,y,-0.8367002327558182
17,0.3333333333333333,-0.3333333333333334,0.0,0.027777777777777776,x,z,z,-0.0017070570229016245
17,0.3333333333333333,-0.3333333333333334,0.0,0.027777777777777776,y,x,x,-0.00123276367815484
17,0.3333333333333333,-0.3333333333333334,0.0,0.027777777777777776,y,x,y,-0.18390573854256165
17,0.3333333333333333,-0.3333333333333334,0.0,0.027777777777777776,y,x,z,-0.5019353516494629
17,0.3333333333333333,-0.3333333333333334,0.0,0.027777777777777776,y,y,x,-0.1785949778610491
17,0.3333333333333333,-0.3333333333333334,0.0,0.027777777777777776,y,y,y,-0.00043654722690118287
17,0.3333333333333333,-0.3333333333333334,0.0,0.027777777777777776,y,y,z,0.0005811362102670181
17,0.3333333333333333,-0.3333333333333334,0.0,0.027777777777777776,y,z,x,0.8378742513123321
17,0.3333333333333333,-0.3333333333333334,0.0,0.027777777777777776,y,z,y,0.0007993722204830791
17,0.3333333333333333,-0.3333333333333334,0.0,0.027777777777777776,y,z,z,0.0012016213750486579
17,0.3333333333333333,-0.3333333333333334,0.0,0.027777777777777776,z,x,x,0.00031477186255132885
17,0.3333333333333333,-0.3333333333333334,0.0,0.027777777777777776,z,x,y,1.0091709268415958
17,0.3333333333333333,-0.3333333333333334,0.0,0.027777777777777776,z,x,z,0.00011888450053529069
17,0.3333333333333333,-0.3333333333333334,0.0,0.027777777777777776,z,y,x,-1.009572284619887
17,0.3333333333333333,-0.3333333333333334,0.0,0.027777777777777776,z,y,y,-9.475141750014396e-06
17,0.3333333333333333,-0.3333333333333334,0.0,0.027777777777777776,z,y,z,-2.425388836386216e-05
17,0.3333333333333333,-0.3333333333333334,0.0,0.027777777777777776,z,z,x,-0.004955787016522962
17,0.3333333333333333,-0.3333333333333334,0.0,0.027777777777777776,z,z,y,0.003382692422583216
17,0.3333333333333333,-0.3333333333333334,0.0,0.027777777777777776,z,z,z,0.0002776237919715523
18,0.3333333333333333,-0.1666666666666666,0.0,0.027777777777777776,x,x,x,0.055233911984725305
18,0.3333333333333333,-0.1666666666666666,0.0,0.027777777777777776,x,x,y,-0.7320584218397328
18,0.3333333333333333,-0.1666666666666666,0.0,0.027777777777777776,x,x,z,-0.011256624239032058
18,0.3333333333333333,-0.1666666666666666,0.0,0.027777777777777776,x,y,x,0.4370631264296983
18,0.3333333333333333,-0.1666666666666666,0.0,0.027777777777777776,x,y,y,-0.1665155370639027
18,0.3333333333333333,-0.1666666666666666,0.0,0.027777777777777776,x,y,z,0.4433649349357244
18,0.3333333333333333,-0.1666666666666666,0.0,0.027777777777777776,x,z,x,0.2607390771576628
18,0.3333333333333333,-0.1666666666666666,0.0,0.027777777777777776,x,z,y,-0.6146914009224715
18,0.3333333333333333,-0.1666666666666666,0.0,0.027777777777777776,x,z,z,0.02615763046528966
18,0.3333333333333333,-0.1666666666666666,0.0,0.027777777777777776,y,x,x,-0.0981646828668664
18,0.3333333333333333,-0.1666666666666666,0.0,0.027777777777777776,y,x,y,-0.00016651686048105622
18,0.3333333333333333,-0.1666666666666666,0.0,0.027777777777777776,y,x,z,-0.42396096405382583
18,0.3333333333333333,-0.1666666666666666,0.0,0.027777777777777776,y,y,x,-0.39795135518846775
18,0.3333333333333333,-0.1666666666666666,0.0,0.027777777777777776,y,y,y,-0.22768625643019236
18,0.3333333333333333,-0.1666666666666666,0.0,0.027777777777777776,y,y,z,-0.13150528313599377
18,0.3333333333333333,-0.1666666666666666,0.0,0.027777777777777776,y,z,x,0.6781826682874018
18,0.3333333333333333,-0.1666666666666666,0.0,0.027777777777777776,y,z,y,-0.1135459711765819
18,0.3333333333333333,-0.1666666666666666,0.0,0.027777777777777776,y,z,z,0.025044555998642703
18,0.3333333333333333,-0.1666666666666666,0.0,0.027777777777777776,z,x,x,0.20852424506750986
18,0.3333333333333333,-0.1666666666666666,0.0,0.027777777777777776,z,x,y,0.6668335606586498
18,0.3333333333333333,-0.1666666666666666,0.0,0.027777777777777776,z,x,z,0.10388521417029419
18,0.3333333333333333,-0.1666666666666666,0.0,0.027777777777777776,z,y,x,-0.5339964132954338
18,0.3333333333333333,-0.1666666666666666,0.0,0.027777777777777776,z,y,y,-0.12435739148770837
18,0.3333333333333333,-0.1666666666666666,0.0,0.027777777777777776,z,y,z,-0.395174770119784
18,0.3333333333333333,-0.1666666666666666,0.0,0.027777777777777776,z,z,x,-0.1501985620370114
18,0.3333333333333333,-0.1666666666666666,0.0,0.027777777777777776,z,z,y,0.07982624990194392
18,0.3333333333333333,-0.1666666666666666,0.0,0.027777777777777776,z,z,z,-0.004888603889062478
19,0.5,0.0,0.0,0.027777777777777776,x,x,x,0.08664060028045752
19,0.5,0.0,0.0,0.027777777777777776,x,x,y,-2.719506086140194
19,0.5,0.0,0.0,0.027777777777777776,x,x,z,-0.3300400464975441
19,0.5,0.0,0.0,0.027777777777777776,x,y,x,2.4454363415872034
19,0.5,0.0,0.0,0.027777777777777776,x,y,y,-0.6706928359335369
19,0.5,0.0,0.0,0.027777777777777776,x,y,z,-0.3842544532492616
19,0.5,0.0,0.0,0.027777777777777776,x,z,x,0.47324055765491185
19,0.5,0.0,0.0,0.027777777777777776,x,z,y,0.1811806721580944
19,0.5,0.0,0.0,0.027777777777777776,x,z,z,0.105636959095266
19,0.5,0.0,0.0,0.027777777777777776,y,x,x,-0.3687588440684217
19,0.5,0.0,0.0,0.027777777777777776,y,x,y,0.9541152822241695
19,0.5,0.0,0.0,0.027777777777777776,y,x,z,0.0031407017841635467
19,0.5,0.0,0.0,0.027777777777777776,y,y,x,-2.0278879012270217
19,0.5,0.0,0.0,0.027777777777777776,y,y,y,-0.6428374865974087
19,0.5,0.0,0.0,0.027777777777777776,y,y,z,0.33007668523760586
19,0.5,0.0,0.0,0.027777777777777776,y,z,x,0.3653292589278486
19,0.5,0.0,0.0,0.027777777777777776,y,z,y,-0.4732513067923607
19,0.5,0.0,0.0,0.027777777777777776,y,z,z,0.1829695153306505
19,0.5,0.0,0.0,0.027777777777777776,z,x,x,0.4623023758429837
19,0.5,0.0,0.0,0.027777777777777776,z,x,y,1.7066306629113595
19,0.5,0.0,0.0,0.027777777777777776,z,x,z,0.5674665487227357
19,0.5,0.0,0.0,0.027777777777777776,z,y,x,-1.1727926674784126
19,0.5,0.0,0.0,0.027777777777777776,z,y,y,-0.4622916246272067
19,0.5,0.0,0.0,0.027777777777777776,z,y,z,0.9828684407234198
19,0.5,0.0,0.0,0.027777777777777776,z,z,x,-0.8050950299296583
19,0.5,0.0,0.0,0.027777777777777776,z,z,y,-1.3944699580781839
19,0.5,0.0,0.0,0.027777777777777776,z,z,z,-2.8720205196660535e-06
20,0.5,0.1666666666666667,0.0,0.027777777777777776,x,x,x,-0.028690574171049785
20,0.5,0.1666666666666667,0.0,0.027777777777777776,x,x,y,-0.5126700584524263
20,0.5,0.1666666666666667,0.0,0.027777777777777776,x,x,z,0.11219353750037202
20,0.5,0.1666666666666667,0.0,0.027777777777777776,x,y,x,0.4161167275262127
20,0.5,0.1666666666666667,0.0,0.027777777777777776,x,y,y,-0.20259219886031982
20,0.5,0.1666666666666667,0.0,0.027777777777777776,x,y,z,0.4823113167162701
20,0.5,0.1666666666666667,0.0,0.027777777777777776,x,z,x,0.04547626063081238
20,0.5,0.1666666666666667,0.0,0.027777777777777776,x,z,y,-0.500900095732795
20,0.5,0.1666666666666667,0.0,0.027777777777777776,x,z,z,0.008852713140094936
20,0.5,0.1666666666666667,0.0,0.027777777777777776,y,x,x,0.0017285142645839953
20,0.5,0.1666666666666667,0.0,0.027777777777777776,y,x,y,0.1676761644536101
20,0.5,0.1666666666666667,0.0,0.027777777777777776,y,x,z,-0.3820448850499202
20,0.5,0.1666666666666667,0.0,0.027777777777777776,y,y,x,-0.6283704530707276
20,0.5,0.1666666666666667,0.0,0.027777777777777776,y,y,y,-0.2627822357258697
20,0.5,0.1666666666666667,0.0,0.027777777777777776,y,y,z,0.03466841574103748
20,0.5,0.1666666666666667,0.0,0.027777777777777776,y,z,x,0.7877930685360547
20,0.5,0.1666666666666667,0.0,0.027777777777777776,y,z,y,-0.1915821214769515
20,0.5,0.1666666666666667,0.0,0.027777777777777776,y,z,z,0.03434706119040452
20,0.5,0.1666666666666667,0.0,0.027777777777777776,z,x,x,0.09795461900536302
20,0.5,0.1666666666666667,0.0,0.027777777777777776,z,x,y,0.7099080552387749
20,0.5,0.1666666666666667,0.0,0.027777777777777776,z,x,z,-0.3921450566529805
20,0.5,0.1666666666666667,0.0,0.027777777777777776,z,y,x,-0.48384659412333036
20,0.5,0.1666666666666667,0.0,0.027777777777777776,z,y,y,-0.18019527050708742
20,0.5,0.1666666666666667,0.0,0.027777777777777776,z,y,z,-0.10946418721973544
20,0.5,0.1666666666666667,0.0,0.027777777777777776,z,z,x,0.1415274998137111
20,0.5,0.1666666666666667,0.0,0.027777777777777776,z,z,y,-0.09034829423553618
20,0.5,0.1666666666666667,0.0,0.027777777777777776,z,z,z,0.003928419026334741
21,0.5,0.3333333333333333,0.0,0.027777777777777776,x,x,x,-0.02758785560272642
21,0.5,0.3333333333333333,0.0,0.027777777777777776,x,x,y,0.5134592737369116
21,0.5,0.3333333333333333,0.0,0.027777777777777776,x,x,z,-0.11458214238928544
21,0.5,0.3333333333333333,0.0,0.027777777777777776,x,y,x,-0.4154562324862225
21,0.5,0.3333333333333333,0.0,0.027777777777777776,x,y,y,-0.19869431305440294
21,0.5,0.3333333333333333,0.0,0.027777777777777776,x,y,z,0.4823332102430625
21,0.5,0.3333333333333333,0.0,0.027777777777777776,x,z,x,-0.04676338989422074
21,0.5,0.3333333333333333,0.0,0.027777777777777776,x,z,y,-0.4997054783886112
21,0.5,0.3333333333333333,0.0,0.027777777777777776,x,z,z,0.006427442692298346
21,0.5,0.3333333333333333,0.0,0.027777777777777776,y,x,x,-0.0007599645941250058
21,0.5,0.3333333333333333,0.0,0.027777777777777776,y,x,y,0.17422351273018108
21,0.5,0.3333333333333333,0.0,0.027777777777777776,y,x,z,-0.38192870164647474
21,0.5,0.3333333333333333,0.0,0.027777777777777776,y,y,x,-0.6324783678332184
21,0.5,0.3333333333333333,0.0,0.027777777777777776,y,y,y,0.262638703680395
21,0.5,0.3333333333333333,0.0,0.027777777777777776,y,y,z,-0.03626551265337244
21,0.5,0.3333333333333333,0.0,0.027777777777777776,y,z,x,0.7906440858740839
21,0.5,0.3333333333333333,0.0,0.027777777777777776,y,z,y,0.19412219280282397
21,0.5,0.3333333333333333,0.0,0.027777777777777776,y,z,z,-0.033293443839720986
21,0.5,0.3333333333333333,0.0,0.027777777777777776,z,x,x,-0.09968533984289163
21,0.5,0.3333333333333333,0.0,0.027777777777777776,z,x,y,0.7082757301443708
21,0.5,0.3333333333333333,0.0,0.027777777777777776,z,x,z,-0.39474856859129853
21,0.5,0.3333333333333333,0.0,0.027777777777777776,z,y,x,-0.4825049368114667
21,0.5,0.3333333333333333,0.0,0.027777777777777776,z,y,y,0.17879551983760056
21,0.5,0.3333333333333333,0.0,0.027777777777777776,z,y,z,0.10949886473049035
21,0.5,0.3333333333333333,0.0,0.027777777777777776,z,z,x,0.1406075692687978
21,0.5,0.3333333333333333,0.0,0.027777777777777776,z,z,y,0.08881382520993139
21,0.5,0.3333333333333333,0.0,0.027777777777777776,z,z,z,-0.00812469777983565
22,0.5,0.5,0.0,0.027777777777777776,x,x,x,0.08659070683133592
22,0.5,0.5,0.0,0.027777777777777776,x,x,y,2.71956214923318
22,0.5,0.5,0.0,0.027777777777777776,x,x,z,0.32995629076647887
22,0.5,0.5,0.0,0.027777777777777776,x,y,x,-2.4454583641480703
22,0.5,0.5,0.0,0.027777777777777776,x,y,y,-0.6706707229884639
22,0.5,0.5,0.0,0.027777777777777776,x,y,z,-0.3842787582413988
22,0.5,0.5,0.0,0.027777777777777776,x,z,x,-0.4732244150348695
22,0.5,0.5,0.0,0.027777777777777776,x,z,y,0.18131474941018338
22,0.5,0.5,0.0,0.027777777777777776,x,z,z,0.1056462293011145
22,0.5,0.5,0.0,0.027777777777777776,y,x,x,0.3687999783988555
22,0.5,0.5,0.0,0.027777777777777776,y,x,y,0.9540241300525611
22,0.5,0.5,0.0,0.027777777777777776,y,x,z,0.0031811625134949865
22,0.5,0.5,0.0,0.027777777777777776,y,y,x,-2.0278790518910546
22,0.5,0.5,0.0,0.027777777777777776,y,y,y,0.6428287397070905
22,0.5,0.5,0.0,0.027777777777777776,y,y,z,-0.3300127242698139
22,0.5,0.5,0.0,0.027777777777777776,y,z,x,0.36544062091510265
22,0.5,0.5,0.0,0.027777777777777776,y,z,y,0.47306975757775976
22,0.5,0.5,0.0,0.027777777777777776,y,z,z,-0.18281894363891926
22,0.5,0.5,0.0,0.027777777777777776,z,x,x,-0.4623060083059793
22,0.5,0.5,0.0,0.027777777777777776,z,x,y,1.7066103357741644
22,0.5,0.5,0.0,0.027777777777777776,z,x,z,0.5675047623652794
22,0.5,0.5,0.0,0.027777777777777776,z,y,x,-1.1727627221841357
22,0.5,0.5,0.0,0.027777777777777776,z,y,y,0.46225769056375277
22,0.5,0.5,0.0,0.027777777777777776,z,y,z,-0.9828288879469552
22,0.5,0.5,0.0,0.027777777777777776,z,z,x,-0.8051393936307648
22,0.5,0.5,0.0,0.027777777777777776,z,z,y,1.3943808602399574
22,0.5,0.5,0.0,0.027777777777777776,z,z,z,-1.0819838526600714e-05
23,0.5,-0.3333333333333334,0.0,0.027777777777777776,x,x,x,-0.027725103692395354
23,0.5,-0.3333333333333334,0.0,0.027777777777777776,x,x,y,0.514607230150307
23,0.5,-0.3333333333333334,0.0,0.027777777777777776,x,x,z,-0.11344308696577785
23,0.5,-0.3333333333333334,0.0,0.027777777777777776,x,y,x,-0.4179675380713599
23,0.5,-0.3333333333333334,0.0,0.027777777777777776,x,y,y,-0.20180050762655735
23,0.5,-0.3333333333333334,0.0,0.027777777777777776,x,y,z,0.4818174301605435
23,0.5,-0.3333333333333334,0.0,0.027777777777777776,x,z,x,-0.04465570116989044
23,0.5,-0.3333333333333334,0.0,0.027777777777777776,x,z,y,-0.4993796138353454
23,0.5,-0.3333333333333334,0.0,0.027777777777777776,x,z,z,0.009045386998793497
23,0.5,-0.3333333333333334,0.0,0.027777777777777776,y,x,x,-0.0012428535485231329
23,0.5,-0.3333333333333334,0.0,0.027777777777777776,y,x,y,0.1682630184543827
23,0.5,-0.3333333333333334,0.0,0.027777777777777776,y,x,z,-0.3807138713334737
23,0.5,-0.3333333333333334,0.0,0.027777777777777776,y,y,x,-0.6304636341690333
23,0.5,-0.3333333333333334,0.0,0.027777777777777776,y,y,y,0.26254078733570974
23,0.5,-0.3333333333333334,0.0,0.027777777777777776,y,y,z,-0.03545610258212518
23,0.5,-0.3333333333333334,0.0,0.027777777777777776,y,z,x,0.7893988813487056
23,0.5,-0.3333333333333334,0.0,0.027777777777777776,y,z,y,0.19084011001991397
23,0.5,-0.3333333333333334,0.0,0.027777777777777776,y,z,z,-0.03237136659862671
23,0.5,-0.3333333333333334,0.0,0.027777777777777776,z,x,x,-0.09837535033736405
23,0.5,-0.3333333333333334,0.0,0.027777777777777776,z,x,y,0.7093474524442934
23,0.5,-0.3333333333333334,0.0,0.027777777777777776,z,x,z,-0.39400793596392875
23,0.5,-0.3333333333333334,0.0,0.027777777777777776,z,y,x,-0.4823560642681606
23,0.5,-0.3333333333333334,0.0,0.027777777777777776,z,y,y,0.17960944122221792
23,0.5,-0.3333333333333334,0.0,0.027777777777777776,z,y,z,0.11031873587553091
23,0.5,-0.3333333333333334,0.0,0.027777777777777776,z,z,x,0.14090546294898715
23,0.5,-0.3333333333333334,0.0,0.027777777777777776,z,z,y,0.08972495740575404
23,0.5,-0.3333333333333334,0.0,0.027777777777777776,z,z,z,-0.00606151928306797
24,0.5,-0.1666666666666666,0.0,0.027777777777777776,x,x,x,-0.027888583632932732
24,0.5,-0.1666666666666666,0.0,0.027777777777777776,x,x,y,-0.518355356727101
24,0.5,-0.1666666666666666,0.0,0.027777777777777776,x,x,z,0.11306858813959522
24,0.5,-0.1666666666666666,0.0,0.027777777777777776,x,y,x,0.4182456154859437
24,0.5,-0.1666666666666666,0.0,0.027777777777777776,x,y,y,-0.19773238189514294
24,0.5,-0.1666666666666666,0.0,0.027777777777777776,x,y,z,0.48122261374876785
24,0.5,-0.1666666666666666,0.0,0.027777777777777776,x,z,x,0.044550718076347307
24,0.5,-0.1666666666666666,0.0,0.027777777777777776,x,z,y,-0.4994944557491486
24,0.5,-0.1666666666666666,0.0,0.027777777777777776,x,z,z,0.009688661565559248
24,0.5,-0.1666666666666666,0.0,0.027777777777777776,y,x,x,0.0015475709562853205
24,0.5,-0.1666666666666666,0.0,0.027777777777777776,y,x,y,0.17174796146175103
24,0.5,-0.1666666666666666,0.0,0.027777777777777776,y,x,z,-0.3784976362764347
24,0.5,-0.1666666666666666,0.0,0.027777777777777776,y,y,x,-0.6324717008258737
24,0.5,-0.1666666666666666,0.0,0.027777777777777776,y,y,y,-0.2633233389255262
24,0.5,-0.1666666666666666,0.0,0.027777777777777776,y,y,z,0.0360545652145477
24,0.5,-0.1666666666666666,0.0,0.027777777777777776,y,z,x,0.7898731488878482
24,0.5,-0.1666666666666666,0.0,0.027777777777777776,y,z,y,-0.19295073675435326
24,0.5,-0.1666666666666666,0.0,0.027777777777777776,y,z,z,0.030857183408379875
24,0.5,-0.1666666666666666,0.0,0.027777777777777776,z,x,x,0.09779566292826852
24,0.5,-0.1666666666666666,0.0,0.027777777777777776,z,x,y,0.707704944633355
24,0.5,-0.1666666666666666,0.0,0.027777777777777776,z,x,z,-0.39381038687684383
24,0.5,-0.1666666666666666,0.0,0.027777777777777776,z,y,x,-0.4840788467436981
24,0.5,-0.1666666666666666,0.0,0.027777777777777776,z,y,y,-0.17811783477047366
24,0.5,-0.1666666666666666,0.0,0.027777777777777776,z,y,z,-0.10930578472340158
24,0.5,-0.1666666666666666,0.0,0.027777777777777776,z,z,x,0.14079313777170252
24,0.5,-0.1666666666666666,0.0,0.027777777777777776,z,z,y,-0.09048851132025247
24,0.5,-0.1666666666666666,0.0,0.027777777777777776,z,z,z,0.0067520000956075915
25,-0.3333333333333334,0.0,0.0,0.027777777777777776,x,x,x,-0.043161767939006244
25,-0.3333333333333334,0.0,0.0,0.027777777777777776,x,x,y,0.8826543610903671
25,-0.3333333333333334,0.0,0.0,0.027777777777777776,x,x,z,-0.8474502734241379
25,-0.3333333333333334,0.0,0.0,0.027777777777777776,x,y,x,-2.1804739615869626
25,-0.3333333333333334,0.0,0.0,0.027777777777777776,x,y,y,-0.8715792510710515
25,-0.3333333333333334,0.0,0.0,0.027777777777777776,x,y,z,-1.230335557264559
25,-0.3333333333333334,0.0,0.0,0.027777777777777776,x,z,x,1.3824992020365898
25,-0.3333333333333334,0.0,0.0,0.027777777777777776,x,z,y,1.5152548770860998
25,-0.3333333333333334,0.0,0.0,0.027777777777777776,x,z,z,0.009393746299219533
25,-0.3333333333333334,0.0,0.0,0.027777777777777776,y,x,x,-0.14965359149156043
25,-0.3333333333333334,0.0,0.0,0.027777777777777776,y,x,y,-2.0540860418789357
25,-0.3333333333333334,0.0,0.0,0.027777777777777776,y,x,z,0.24813118248904767
25,-0.3333333333333334,0.0,0.0,0.027777777777777776,y,y,x,-0.27428149810808977
25,-0.3333333333333334,0.0,0.0,0.027777777777777776,y,y,y,-1.4291075127811717
25,-0.3333333333333334,0.0,0.0,0.027777777777777776,y,y,z,0.8486601008075859
25,-0.3333333333333334,0.0,0.0,0.027777777777777776,y,z,x,0.08117232393734704
25,-0.3333333333333334,0.0,0.0,0.027777777777777776,y,z,y,-1.3846056915324552
25,-0.3333333333333334,0.0,0.0,0.027777777777777776,y,z,z,0.0154902453619565
25,-0.3333333333333334,0.0,0.0,0.027777777777777776,z,x,x,0.5270233329273767
25,-0.3333333333333334,0.0,0.0,0.027777777777777776,z,x,y,-1.7939054403152797
25,-0.3333333333333334,0.0,0.0,0.027777777777777776,z,x,z,0.7999337912424708
25,-0.3333333333333334,0.0,0.0,0.027777777777777776,z,y,x,2.3982620841337887
25,-0.3333333333333334,0.0,0.0,0.027777777777777776,z,y,y,-0.5288619089729111
25,-0.3333333333333334,0.0,0.0,0.027777777777777776,z,y,z,1.3810027484579563
25,-0.3333333333333334,0.0,0.0,0.027777777777777776,z,z,x,-0.8350683705553106
25,-0.3333333333333334,0.0,0.0,0.027777777777777776,z,z,y,-1.4434495635225952
25,-0.3333333333333334,0.0,0.0,0.027777777777777776,z,z,z,0.001324113179842695
26,-0.3333333333333334,0.1666666666666667,0.0,0.027777777777777776,x,x,x,0.06232797026531197
26,-0.3333333333333334,0.1666666666666667,0.0,0.027777777777777776,x,x,y,-0.7234947342065398
26,-0.3333333333333334,0.1666666666666667,0.0,0.027777777777777776,x,x,z,-0.010724631522607402
26,-0.3333333333333334,0.1666666666666667,0.0,0.027777777777777776,x,y,x,0.4269475256670631
26,-0.3333333333333334,0.1666666666666667,0.0,0.027777777777777776,x,y,y,-0.1716631217886463
26,-0.3333333333333334,0.1666666666666667,0.0,0.027777777777777776,x,y,z,0.44234003640338393
26,-0.3333333333333334,0.1666666666666667,0.0,0.027777777777777776,x,z,x,0.25629115066062674
26,-0.3333333333333334,0.1666666666666667,0.0,0.027777777777777776,x,z,y,-0.6128018624632134
26,-0.3333333333333334,0.1666666666666667,0.0,0.027777777777777776,x,z,z,0.027560177739637287
26,-0.3333333333333334,0.1666666666666667,0.0,0.027777777777777776,y,x,x,-0.10111666909508277
26,-0.3333333333333334,0.1666666666666667,0.0,0.027777777777777776,y,x,y,0.00115467525440054
26,-0.3333333333333334,0.1666666666666667,0.0,0.027777777777777776,y,x,z,-0.4241532652026977
26,-0.3333333333333334,0.1666666666666667,0.0,0.027777777777777776,y,y,x,-0.4031641376995888
26,-0.3333333333333334,0.1666666666666667,0.0,0.027777777777777776,y,y,y,-0.23063233318357615
26,-0.3333333333333334,0.1666666666666667,0.0,0.027777777777777776,y,y,z,-0.1370755391631872
26,-0.3333333333333334,0.1666666666666667,0.0,0.027777777777777776,y,z,x,0.6746834887673095
26,-0.3333333333333334,0.1666666666666667,0.0,0.027777777777777776,y,z,y,-0.11071286628101877
26,-0.3333333333333334,0.1666666666666667,0.0,0.027777777777777776,y,z,z,0.02452842259070414
26,-0.3333333333333334,0.1666666666666667,0.0,0.027777777777777776,z,x,x,0.20915541924556164
26,-0.3333333333333334,0.1666666666666667,0.0,0.027777777777777776,z,x,y,0.6604205053179666
26,-0.3333333333333334,0.1666666666666667,0.0,0.027777777777777776,z,x,z,0.10132168411087267
26,-0.3333333333333334,0.1666666666666667,0.0,0.027777777777777776,z,y,x,-0.5334605457999813
26,-0.3333333333333334,0.1666666666666667,0.0,0.027777777777777776,z,y,y,-0.12754310657223536
26,-0.3333333333333334,0.1666666666666667,0.0,0.027777777777777776,z,y,z,-0.39509569217473905
26,-0.3333333333333334,0.1666666666666667,0.0,0.027777777777777776,z,z,x,-0.1487608861798427
26,-0.3333333333333334,0.1666666666666667,0.0,0.027777777777777776,z,z,y,0.07807696356757053
26,-0.3333333333333334,0.1666666666666667,0.0,0.027777777777777776,z,z,z,-0.004265606873927012
27,-0.3333333333333334,0.3333333333333333,0.0,0.027777777777777776,x,x,x,0.18021816135481694
27,-0.3333333333333334,0.3333333333333333,0.0,0.027777777777777776,x,x,y,0.0008659882843837795
27,-0.3333333333333334,0.3333333333333333,0.0,0.027777777777777776,x,x,z,0.0003863143694175214
27,-0.3333333333333334,0.3333333333333333,0.0,0.027777777777777776,x,y,x,-0.0012162815520616235
27,-0.3333333333333334,0.3333333333333333,0.0,0.027777777777777776,x,y,y,-0.18128770020987828
27,-0.3333333333333334,0.3333333333333333,0.0,0.027777777777777776,x,y,z,0.5035883279444209
27,-0.3333333333333334,0.3333333333333333,0.0,0.027777777777777776,x,z,x,-0.00011189257627415382
27,-0.3333333333333334,0.3333333333333333,0.0,0.027777777777777776,x,z,y,-0.8384865180736892
27,-0.3333333333333334,0.3333333333333333,0.0,0.027777777777777776,x,z,z,0.0007869250445645706
27,-0.3333333333333334,0.3333333333333333,0.0,0.027777777777777776,y,x,x,0.0007840480016464248
27,-0.3333333333333334,0.3333333333333333,0.0,0.027777777777777776,y,x,y,-0.17933437384555173
27,-0.3333333333333334,0.3333333333333333,0.0,0.027777777777777776,y,x,z,-0.5044403581416539
27,-0.3333333333333334,0.3333333333333333,0.0,0.027777777777777776,y,y,x,-0.18137898089300925
27,-0.3333333333333334,0.3333333333333333,0.0,0.027777777777777776,y,y,y,0.00023494451146362097
27,-0.3333333333333334,0.3333333333333333,0.0,0.027777777777777776,y,y,z,-0.0003310488896318093
27,-0.3333333333333334,0.3333333333333333,0.0,0.027777777777777776,y,z,x,0.8380929656348152
27,-0.3333333333333334,0.3333333333333333,0.0,0.027777777777777776,y,z,y,-0.0006103242442457598
27,-0.3333333333333334,0.3333333333333333,0.0,0.027777777777777776,y,z,z,-0.0008033052969532283
27,-0.3333333333333334,0.3333333333333333,0.0,0.027777777777777776,z,x,x,-0.0002879931084779422
27,-0.3333333333333334,0.3333333333333333,0.0,0.027777777777777776,z,x,y,1.0092558907366866
27,-0.3333333333333334,0.3333333333333333,0.0,0.027777777777777776,z,x,z,-0.00026434800686614223
27,-0.3333333333333334,0.3333333333333333,0.0,0.027777777777777776,z,y,x,-1.0090338465864583
27,-0.3333333333333334,0.3333333333333333,0.0,0.027777777777777776,z,y,y,-4.587424932966385e-05
27,-0.3333333333333334,0.3333333333333333,0.0,0.027777777777777776,z,y,z,8.129955318876656e-05
27,-0.3333333333333334,0.3333333333333333,0.0,0.027777777777777776,z,z,x,0.0023647396103776723
27,-0.3333333333333334,0.3333333333333333,0.0,0.027777777777777776,z,z,y,-0.0022975029149781517
27,-0.3333333333333334,0.3333333333333333,0.0,0.027777777777777776,z,z,z,-0.00030943466438366395
28,-0.3333333333333334,0.5,0.0,0.027777777777777776,x,x,x,0.060524978814909806
28,-0.3333333333333334,0.5,0.0,0.027777777777777776,x,x,y,0.7274759596004059
28,-0.3333333333333334,0.5,0.0,0.027777777777777776,x,x,z,0.01405561689431253
28,-0.3333333333333334,0.5,0.0,0.027777777777777776,x,y,x,-0.42858364892047085
28,-0.3333333333333334,0.5,0.0,0.027777777777777776,x,y,y,-0.17380550535834421
28,-0.3333333333333334,0.5,0.0,0.027777777777777776,x,y,z,0.4406833179700262
28,-0.3333333333333334,0.5,0.0,0.027777777777777776,x,z,x,-0.25872364459906527
28,-0.3333333333333334,0.5,0.0,0.027777777777777776,x,z,y,-0.6134621862758084
28,-0.3333333333333334,0.5,0.0,0.027777777777777776,x,z,z,0.02509599941381376
28,-0.3333333333333334,0.5,0.0,0.027777777777777776,y,x,x,0.1015897064692724
28,-0.3333333333333334,0.5,0.0,0.027777777777777776,y,x,y,0.00048707277226164516
28,-0.3333333333333334,0.5,0.0,0.027777777777777776,y,x,z,-0.42432579786859
28,-0.3333333333333334,0.5,0.0,0.027777777777777776,y,y,x,-0.4024808210025656
28,-0.3333333333333334,0.5,0.0,0.027777777777777776,y,y,y,0.2304544009803746
28,-0.3333333333333334,0.5,0.0,0.027777777777777776,y,y,z,0.13822087664057314
28,-0.3333333333333334,0.5,0.0,0.027777777777777776,y,z,x,0.6774176504464955
28,-0.3333333333333334,0.5,0.0,0.027777777777777776,y,z,y,0.11307516308936512
28,-0.3333333333333334,0.5,0.0,0.027777777777777776,y,z,z,-0.02295655362264115
28,-0.3333333333333334,0.5,0.0,0.027777777777777776,z,x,x,-0.20864492485993338
28,-0.3333333333333334,0.5,0.0,0.027777777777777776,z,x,y,0.6577423685181552
28,-0.3333333333333334,0.5,0.0,0.027777777777777776,z,x,z,0.10215530348929412
28,-0.3333333333333334,0.5,0.0,0.027777777777777776,z,y,x,-0.5303573694732401
28,-0.3333333333333334,0.5,0.0,0.027777777777777776,z,y,y,0.1292725299788465
28,-0.3333333333333334,0.5,0.0,0.027777777777777776,z,y,z,0.39681955565743177
28,-0.3333333333333334,0.5,0.0,0.027777777777777776,z,z,x,-0.14605619737929748
28,-0.3333333333333334,0.5,0.0,0.027777777777777776,z,z,y,-0.07756466824317787
28,-0.3333333333333334,0.5,0.0,0.027777777777777776,z,z,z,0.006948244409213812
29,-0.3333333333333334,-0.3333333333333334,0.0,0.027777777777777776,x,x,x,-0.03761493209789301
29,-0.3333333333333334,-0.3333333333333334,0.0,0.027777777777777776,x,x,y,-0.8921053588713523
29,-0.3333333333333334,-0.3333333333333334,0.0,0.027777777777777776,x,x,z,0.8484210218008071
29,-0.3333333333333334,-0.3333333333333334,0.0,0.027777777777777776,x,y,x,2.178865308684899
29,-0.3333333333333334,-0.3333333333333334,0.0,0.027777777777777776,x,y,y,-0.8729870940289449
29,-0.3333333333333334,-0.3333333333333334,0.0,0.027777777777777776,x,y,z,-1.2312791468027038
29,-0.3333333333333334,-0.3333333333333334,0.0,0.027777777777777776,x,z,x,-1.3819505195905228
29,-0.3333333333333334,-0.3333333333333334,0.0,0.027777777777777776,x,z,y,1.5185364565724562
29,-0.3333333333333334,-0.3333333333333334,0.0,0.027777777777777776,x,z,z,0.009203893404733427
29,-0.3333333333333334,-0.3333333333333334,0.0,0.027777777777777776,y,x,x,0.14369109810093988
29,-0.3333333333333334,-0.3333333333333334,0.0,0.027777777777777776,y,x,y,-2.0451685457903737
29,-0.3333333333333334,-0.3333333333333334,0.0,0.027777777777777776,y,x,z,0.24787119660184265
29,-0.3333333333333334,-0.3333333333333334,0.0,0.027777777777777776,y,y,x,-0.2773637534576547
29,-0.3333333333333334,-0.3333333333333334,0.0,0.027777777777777776,y,y,y,1.4396308034202172
29,-0.3333333333333334,-0.3333333333333334,0.0,0.027777777777777776,y,y,z,-0.8471497787503345
29,-0.3333333333333334,-0.3333333333333334,0.0,0.027777777777777776,y,z,x,0.08411219995210409
29,-0.3333333333333334,-0.3333333333333334,0.0,0.027777777777777776,y,z,y,1.3810644032292039
29,-0.3333333333333334,-0.3333333333333334,0.0,0.027777777777777776,y,z,z,-0.015164402650408996
29,-0.3333333333333334,-0.3333333333333334,0.0,0.027777777777777776,z,x,x,-0.5264178535097297
29,-0.3333333333333334,-0.3333333333333334,0.0,0.027777777777777776,z,x,y,-1.7894770240893882
29,-0.3333333333333334,-0.3333333333333334,0.0,0.027777777777777776,z,x,z,0.7970939815718923
29,-0.3333333333333334,-0.3333333333333334,0.0,0.027777777777777776,z,y,x,2.3979883082128715
29,-0.3333333333333334,-0.3333333333333334,0.0,0.027777777777777776,z,y,y,0.5305144792083386
29,-0.3333333333333334,-0.3333333333333334,0.0,0.027777777777777776,z,y,z,-1.383969413218615
29,-0.3333333333333334,-0.3333333333333334,0.0,0.027777777777777776,z,z,x,-0.8334207690770178
29,-0.3333333333333334,-0.3333333333333334,0.0,0.027777777777777776,z,z,y,1.4466364810583885
29,-0.3333333333333334,-0.3333333333333334,0.0,0.027777777777777776,z,z,z,0.000693044723673096
30,-0.3333333333333334,-0.1666666666666666,0.0,0.027777777777777776,x,x,x,-0.18360117430336165
30,-0.3333333333333334,-0.1666666666666666,0.0,0.027777777777777776,x,x,y,3.871529089638764e-06
30,-0.3333333333333334,-0.1666666666666666,0.0,0.027777777777777776,x,x,z,-2.288218125839198e-06
30,-0.3333333333333334,-0.1666666666666666,0.0,0.027777777777777776,x,y,x,3.51750598571413e-07
30,-0.3333333333333334,-0.1666666666666666,0.0,0.027777777777777776,x,y,y,-0.16372548785389743
30,-0.3333333333333334,-0.1666666666666666,0.0,0.027777777777777776,x,y,z,1.0965117668372086
30,-0.3333333333333334,-0.1666666666666666,0.0,0.027777777777777776,x,z,x,6.653756188867239e-07
30,-0.3333333333333334,-0.1666666666666666,0.0,0.027777777777777776,x,z,y,-0.4658950704637971
30,-0.3333333333333334,-0.1666666666666666,0.0,0.027777777777777776,x,z,z,-0.08642434381461463
30,-0.3333333333333334,-0.1666666666666666,0.0,0.027777777777777776,y,x,x,1.7580485962946646e-06
30,-0.3333333333333334,-0.1666666666666666,0.0,0.027777777777777776,y,x,y,0.8551156393855122
30,-0.3333333333333334,-0.1666666666666666,0.0,0.027777777777777776,y,x,z,-0.7513114078338101
30,-0.3333333333333334,-0.1666666666666666,0.0,0.027777777777777776,y,y,x,-0.7645817847694203
30,-0.3333333333333334,-0.1666666666666666,0.0,0.027777777777777776,y,y,y,-2.394026591586522e-06
30,-0.3333333333333334,-0.1666666666666666,0.0,0.027777777777777776,y,y,z,8.739682055433752e-07
30,-0.3333333333333334,-0.1666666666666666,0.0,0.027777777777777776,y,z,x,0.7139836515979773
30,-0.3333333333333334,-0.1666666666666666,0.0,0.027777777777777776,y,z,y,-2.3115460158403282e-06
30,-0.3333333333333334,-0.1666666666666666,0.0,0.027777777777777776,y,z,z,-1.207254596431018e-07
30,-0.3333333333333334,-0.1666666666666666,0.0,0.027777777777777776,z,x,x,-2.1010292885794953e-06
30,-0.3333333333333334,-0.1666666666666666,0.0,0.027777777777777776,z,x,y,0.01601140508235409
30,-0.3333333333333334,-0.1666666666666666,0.0,0.027777777777777776,z,x,z,-0.6124498140217152
30,-0.3333333333333334,-0.1666666666666666,0.0,0.027777777777777776,z,y,x,0.28721783259840106
30,-0.3333333333333334,-0.1666666666666666,0.0,0.027777777777777776,z,y,y,1.2305663984304359e-06
30,-0.3333333333333334,-0.1666666666666666,0.0,0.027777777777777776,z,y,z,-8.475249611115688e-07
30,-0.3333333333333334,-0.1666666666666666,0.0,0.027777777777777776,z,z,x,0.2723709504010377
30,-0.3333333333333334,-0.1666666666666666,0.0,0.027777777777777776,z,z,y,5.7002859607708806e-08
30,-0.3333333333333334,-0.1666666666666666,0.0,0.027777777777777776,z,z,z,1.049098741819635e-06
31,-0.1666666666666666,0.0,0.0,0.027777777777777776,x,x,x,-1.6577935469631513
31,-0.1666666666666666,0.0,0.0,0.027777777777777776,x,x,y,14.579375574694314
31,-0.1666666666666666,0.0,0.0,0.027777777777777776,x,x,z,-2.2595140266204856
31,-0.1666666666666666,0.0,0.0,0.027777777777777776,x,y,x,-13.17610555194852
31,-0.1666666666666666,0.0,0.0,0.027777777777777776,x,y,y,5.592801167087736
31,-0.1666666666666666,0.0,0.0,0.027777777777777776,x,y,z,-2.798036391845748
31,-0.1666666666666666,0.0,0.0,0.027777777777777776,x,z,x,1.3280701801623758
31,-0.1666666666666666,0.0,0.0,0.027777777777777776,x,z,y,6.219656650176674
31,-0.1666666666666666,0.0,0.0,0.027777777777777776,x,z,z,-0.4912768837120201
31,-0.1666666666666666,0.0,0.0,0.027777777777777776,y,x,x,2.7066642971675012
31,-0.1666666666666666,0.0,0.0,0.027777777777777776,y,x,y,-3.5757258044312428
31,-0.1666666666666666,0.0,0.0,0.027777777777777776,y,x,z,0.18840895845028416
31,-0.1666666666666666,0.0,0.0,0.027777777777777776,y,y,x,12.446386438963712
31,-0.1666666666666666,0.0,0.0,0.027777777777777776,y,y,y,4.108304754218022
31,-0.1666666666666666,0.0,0.0,0.027777777777777776,y,y,z,2.2592831994752984
31,-0.1666666666666666,0.0,0.0,0.027777777777777776,y,z,x,-4.684503393921249
31,-0.1666666666666666,0.0,0.0,0.027777777777777776,y,z,y,-1.3270878717942045
31,-0.1666666666666666,0.0,0.0,0.027777777777777776,y,z,z,-0.8511940849402698
31,-0.1666666666666666,0.0,0.0,0.027777777777777776,z,x,x,-2.7043249882796228
31,-0.1666666666666666,0.0,0.0,0.027777777777777776,z,x,y,1.320500983251184
31,-0.1666666666666666,0.0,0.0,0.027777777777777776,z,x,z,0.28727720866181056
31,-0.1666666666666666,0.0,0.0,0.027777777777777776,z,y,x,-4.443856517661015
31,-0.1666666666666666,0.0,0.0,0.027777777777777776,z,y,y,2.705550854440768
31,-0.1666666666666666,0.0,0.0,0.027777777777777776,z,y,z,0.49811588402152723
31,-0.1666666666666666,0.0,0.0,0.027777777777777776,z,z,x,2.7328448714624707
31,-0.1666666666666666,0.0,0.0,0.027777777777777776,z,z,y,4.732483404721455
31,-0.1666666666666666,0.0,0.0,0.027777777777777776,z,z,z,-0.00011460416991465952
32,-0.1666666666666666,0.1666666666666667,0.0,0.027777777777777776,x,x,x,0.05038706128260426
32,-0.1666666666666666,0.1666666666666667,0.0,0.027777777777777776,x,x,y,-0.6860603573950994
32,-0.1666666666666666,0.1666666666666667,0.0,0.027777777777777776,x,x,z,0.14948628509094436
32,-0.1666666666666666,0.1666666666666667,0.0,0.027777777777777776,x,y,x,0.7166543225685379
32,-0.1666666666666666,0.1666666666666667,0.0,0.027777777777777776,x,y,y,0.12326891058497855
32,-0.1666666666666666,0.1666666666666667,0.0,0.027777777777777776,x,y,z,0.8376250793193074
32,-0.1666666666666666,0.1666666666666667,0.0,0.027777777777777776,x,z,x,0.10741096138736378
32,-0.1666666666666666,0.1666666666666667,0.0,0.027777777777777776,x,z,y,-0.6519739022557032
32,-0.1666666666666666,0.1666666666666667,0.0,0.027777777777777776,x,z,z,0.04321377467253363
32,-0.1666666666666666,0.1666666666666667,0.0,0.027777777777777776,y,x,x,-0.16569254308087752
32,-0.1666666666666666,0.1666666666666667,0.0,0.027777777777777776,y,x,y,-0.3861389758927787
32,-0.1666666666666666,0.1666666666666667,0.0,0.027777777777777776,y,x,z,-1.0102171749243687
32,-0.1666666666666666,0.1666666666666667,0.0,0.027777777777777776,y,y,x,0.4236811265403346
32,-0.1666666666666666,0.1666666666666667,0.0,0.027777777777777776,y,y,y,-0.1350941227311644
32,-0.1666666666666666,0.1666666666666667,0.0,0.027777777777777776,y,y,z,-0.14948511832873218
32,-0.1666666666666666,0.1666666666666667,0.0,0.027777777777777776,y,z,x,0.5279236347577059
32,-0.1666666666666666,0.1666666666666667,0.0,0.027777777777777776,y,z,y,-0.10741550249686263
32,-0.1666666666666666,0.1666666666666667,0.0,0.027777777777777776,y,z,z,-0.07484549086845421
32,-0.1666666666666666,0.1666666666666667,0.0,0.027777777777777776,z,x,x,0.1313013412470487
32,-0.1666666666666666,0.1666666666666667,0.0,0.027777777777777776,z,x,y,-0.21142573229997322
32,-0.1666666666666666,0.1666666666666667,0.0,0.027777777777777776,z,x,z,0.30620462728184655
32,-0.1666666666666666,0.1666666666666667,0.0,0.027777777777777776,z,y,x,0.059802526644345225
32,-0.1666666666666666,0.1666666666666667,0.0,0.027777777777777776,z,y,y,-0.1313027357034868
32,-0.1666666666666666,0.1666666666666667,0.0,0.027777777777777776,z,y,z,-0.5304112464198505
32,-0.1666666666666666,0.1666666666666667,0.0,0.027777777777777776,z,z,x,-0.13617164393511952
32,-0.1666666666666666,0.1666666666666667,0.0,0.027777777777777776,z,z,y,0.23589030434925182
32,-0.1666666666666666,0.1666666666666667,0.0,0.027777777777777776,z,z,z,-2.3819755068888934e-06
33,-0.1666666666666666,0.3333333333333333,0.0,0.027777777777777776,x,x,x,0.4443589240411225
33,-0.1666666666666666,0.3333333333333333,0.0,0.027777777777777776,x,x,y,-0.085772621200356
33,-0.1666666666666666,0.3333333333333333,0.0,0.027777777777777776,x,x,z,0.09688137725251293
33,-0.1666666666666666,0.3333333333333333,0.0,0.027777777777777776,x,y,x,0.13749856589431383
33,-0.1666666666666666,0.3333333333333333,0.0,0.027777777777777776,x,y,y,-0.10095050722302727
33,-0.1666666666666666,0.3333333333333333,0.0,0.027777777777777776,x,y,z,0.3749569764220493
33,-0.1666666666666666,0.3333333333333333,0.0,0.027777777777777776,x,z,x,-0.007305546144162417
33,-0.1666666666666666,0.3333333333333333,0.0,0.027777777777777776,x,z,y,-0.8208380611956632
33,-0.1666666666666666,0.3333333333333333,0.0,0.027777777777777776,x,z,z,-0.03412556460068985
33,-0.1666666666666666,0.3333333333333333,0.0,0.027777777777777776,y,x,x,0.024266146353074107
33,-0.1666666666666666,0.3333333333333333,0.0,0.027777777777777776,y,x,y,-0.646538275157726
33,-0.1666666666666666,0.3333333333333333,0.0,0.027777777777777776,y,x,z,-0.4898912158554218
33,-0.1666666666666666,0.3333333333333333,0.0,0.027777777777777776,y,y,x,0.5551140245997148
33,-0.1666666666666666,0.3333333333333333,0.0,0.027777777777777776,y,y,y,-0.09482922685260467
33,-0.1666666666666666,0.3333333333333333,0.0,0.027777777777777776,y,y,z,0.05038821919777616
33,-0.1666666666666666,0.3333333333333333,0.0,0.027777777777777776,y,z,x,0.4698455924863599
33,-0.1666666666666666,0.3333333333333333,0.0,0.027777777777777776,y,z,y,-0.1377701680973567
33,-0.1666666666666666,0.3333333333333333,0.0,0.027777777777777776,y,z,z,-0.008859695034572113
33,-0.1666666666666666,0.3333333333333333,0.0,0.027777777777777776,z,x,x,-0.012021304098103884
33,-0.1666666666666666,0.3333333333333333,0.0,0.027777777777777776,z,x,y,0.4192876009169102
33,-0.1666666666666666,0.3333333333333333,0.0,0.027777777777777776,z,x,z,0.29105735864817184
33,-0.1666666666666666,0.3333333333333333,0.0,0.027777777777777776,z,y,x,-0.7743364683651851
33,-0.1666666666666666,0.3333333333333333,0.0,0.027777777777777776,z,y,y,-0.06980270473221509
33,-0.1666666666666666,0.3333333333333333,0.0,0.027777777777777776,z,y,z,-0.28593334214344585
33,-0.1666666666666666,0.3333333333333333,0.0,0.027777777777777776,z,z,x,0.006715426014316277
33,-0.1666666666666666,0.3333333333333333,0.0,0.027777777777777776,z,z,y,0.16792413304659723
33,-0.1666666666666666,0.3333333333333333,0.0,0.027777777777777776,z,z,z,0.004237220700262948
34,-0.1666666666666666,0.5,0.0,0.027777777777777776,x,x,x,0.44349287403566334
34,-0.1666666666666666,0.5,0.0,0.027777777777777776,x,x,y,0.08856406000979246
34,-0.1666666666666666,0.5,0.0,0.027777777777777776,x,x,z,-0.09923859098657573
34,-0.1666666666666666,0.5,0.0,0.027777777777777776,x,y,x,-0.13698530151449997
34,-0.1666666666666666,0.5,0.0,0.027777777777777776,x,y,y,-0.10264177932486929
34,-0.1666666666666666,0.5,0.0,0.027777777777777776,x,y,z,0.37271670072398
34,-0.1666666666666666,0.5,0.0,0.027777777777777776,x,z,x,0.008330087955083243
34,-0.1666666666666666,0.5,0.0,0.027777777777777776,x,z,y,-0.8194045064439619
34,-0.1666666666666666,0.5,0.0,0.027777777777777776,x,z,z,-0.0329917542098454
34,-0.1666666666666666,0.5,0.0,0.027777777777777776,y,x,x,-0.025196638298528473
34,-0.1666666666666666,0.5,0.0,0.027777777777777776,y,x,y,-0.6475173534474522
34,-0.1666666666666666,0.5,0.0,0.027777777777777776,y,x,z,-0.4895499206503902
34,-0.1666666666666666,0.5,0.0,0.027777777777777776,y,y,x,0.5598318991172078
34,-0.1666666666666666,0.5,0.0,0.027777777777777776,y,y,y,0.09284806123124018
34,-0.1666666666666666,0.5,0.0,0.027777777777777776,y,y,z,-0.049511989744653595
34,-0.1666666666666666,0.5,0.0,0.027777777777777776,y,z,x,0.4693943956378747
34,-0.1666666666666666,0.5,0.0,0.027777777777777776,y,z,y,0.13855280222496053
34,-0.1666666666666666,0.5,0.0,0.027777777777777776,y,z,z,0.008771618132410723
34,-0.1666666666666666,0.5,0.0,0.027777777777777776,z,x,x,0.01161161777740171
34,-0.1666666666666666,0.5,0.0,0.027777777777777776,z,x,y,0.42006145004678025
34,-0.1666666666666666,0.5,0.0,0.027777777777777776,z,x,z,0.290976407364589
34,-0.1666666666666666,0.5,0.0,0.027777777777777776,z,y,x,-0.7728625598732611
34,-0.1666666666666666,0.5,0.0,0.027777777777777776,z,y,y,0.06909721026000447
34,-0.1666666666666666,0.5,0.0,0.027777777777777776,z,y,z,0.2857677964776033
34,-0.1666666666666666,0.5,0.0,0.027777777777777776,z,z,x,0.007543643167736575
34,-0.1666666666666666,0.5,0.0,0.027777777777777776,z,z,y,-0.16686664492052197
34,-0.1666666666666666,0.5,0.0,0.027777777777777776,z,z,z,-0.005285210583541014
35,-0.1666666666666666,-0.3333333333333334,0.0,0.027777777777777776,x,x,x,0.050390707876188934
35,-0.1666666666666666,-0.3333333333333334,0.0,0.027777777777777776,x,x,y,0.6860589443696782
35,-0.1666666666666666,-0.3333333333333334,0.0,0.027777777777777776,x,x,z,-0.14948701540533088
35,-0.1666666666666666,-0.3333333333333334,0.0,0.027777777777777776,x,y,x,-0.716658585013451
35,-0.1666666666666666,-0.3333333333333334,0.0,0.027777777777777776,x,y,y,0.12326617792613466
35,-0.1666666666666666,-0.3333333333333334,0.0,0.027777777777777776,x,y,z,0.8376234544700499
35,-0.1666666666666666,-0.3333333333333334,0.0,0.027777777777777776,x,z,x,-0.10741040320448063
35,-0.1666666666666666,-0.3333333333333334,0.0,0.027777777777777776,x,z,y,-0.6519761965674926
35,-0.1666666666666666,-0.3333333333333334,0.0,0.027777777777777776,x,z,z,0.04321356647234864
35,-0.1666666666666666,-0.3333333333333334,0.0,0.027777777777777776,y,x,x,0.16569267948901645
35,-0.1666666666666666,-0.3333333333333334,0.0,0.027777777777777776,y,x,y,-0.3861393713191047
35,-0.1666666666666666,-0.3333333333333334,0.0,0.027777777777777776,y,x,z,-1.0102179839398315
35,-0.1666666666666666,-0.3333333333333334,0.0,0.027777777777777776,y,y,x,0.42368557978283333
35,-0.1666666666666666,-0.3333333333333334,0.0,0.027777777777777776,y,y,y,0.13509563469944627
35,-0.1666666666666666,-0.3333333333333334,0.0,0.027777777777777776,y,y,z,0.14948524016355325
35,-0.1666666666666666,-0.3333333333333334,0.0,0.027777777777777776,y,z,x,0.5279240542850945
35,-0.1666666666666666,-0.3333333333333334,0.0,0.027777777777777776,y,z,y,0.1074156258365099
35,-0.1666666666666666,-0.3333333333333334,0.0,0.027777777777777776,y,z,z,0.07484407072536388
35,-0.1666666666666666,-0.3333333333333334,0.0,0.027777777777777776,z,x,x,-0.13130130066074197
35,-0.1666666666666666,-0.3333333333333334,0.0,0.027777777777777776,z,x,y,-0.21141418872658368
35,-0.1666666666666666,-0.3333333333333334,0.0,0.027777777777777776,z,x,z,0.30620556477064265
35,-0.1666666666666666,-0.3333333333333334,0.0,0.027777777777777776,z,y,x,0.05979206769824991
35,-0.1666666666666666,-0.3333333333333334,0.0,0.027777777777777776,z,y,y,0.13130026120815952
35,-0.1666666666666666,-0.3333333333333334,0.0,0.027777777777777776,z,y,z,0.5304113107425493
35,-0.1666666666666666,-0.3333333333333334,0.0,0.027777777777777776,z,z,x,-0.13617229672110517
35,-0.1666666666666666,-0.3333333333333334,0.0,0.027777777777777776,z,z,y,-0.23589324945906484
35,-0.1666666666666666,-0.3333333333333334,0.0,0.027777777777777776,z,z,z,1.5238168748415244e-06
36,-0.1666666666666666,-0.1666666666666666,0.0,0.027777777777777776,x,x,x,-1.6588648892681017
36,-0.1666666666666666,-0.1666666666666666,0.0,0.027777777777777776,x,x,y,-14.577962060244825
36,-0.1666666666666666,-0.1666666666666666,0.0,0.027777777777777776,x,x,z,2.259382009927268
36,-0.1666666666666666,-0.1666666666666666,0.0,0.027777777777777776,x,y,x,13.175477632071088
36,-0.1666666666666666,-0.1666666666666666,0.0,0.027777777777777776,x,y,y,5.592508750193685
36,-0.1666666666666666,-0.1666666666666666,0.0,0.027777777777777776,x,y,z,-2.7970972041568403
36,-0.1666666666666666,-0.1666666666666666,0.0,0.027777777777777776,x,z,x,-1.3265714662778179
36,-0.1666666666666666,-0.1666666666666666,0.0,0.027777777777777776,x,z,y,6.216704865407727
36,-0.1666666666666666,-0.1666666666666666,0.0,0.027777777777777776,x,z,z,-0.49124946240611334
36,-0.1666666666666666,-0.1666666666666666,0.0,0.027777777777777776,y,x,x,-2.705208360886801
36,-0.1666666666666666,-0.1666666666666666,0.0,0.027777777777777776,y,x,y,-3.576799540605076
36,-0.1666666666666666,-0.1666666666666666,0.0,0.027777777777777776,y,x,z,0.1885922193732714
36,-0.1666666666666666,-0.1666666666666666,0.0,0.027777777777777776,y,y,x,12.447641745288092
36,-0.1666666666666666,-0.1666666666666666,0.0,0.027777777777777776,y,y,y,-4.108927174620835
36,-0.1666666666666666,-0.1666666666666666,0.0,0.027777777777777776,y,y,z,-2.259311818394527
36,-0.1666666666666666,-0.1666666666666666,0.0,0.027777777777777776,y,z,x,-4.685989591035485
36,-0.1666666666666666,-0.1666666666666666,0.0,0.027777777777777776,y,z,y,1.3285804216145765
36,-0.1666666666666666,-0.1666666666666666,0.0,0.027777777777777776,y,z,z,0.850830084306384
36,-0.1666666666666666,-0.1666666666666666,0.0,0.027777777777777776,z,x,x,2.704503028658674
36,-0.1666666666666666,-0.1666666666666666,0.0,0.027777777777777776,z,x,y,1.321936407035218
36,-0.1666666666666666,-0.1666666666666666,0.0,0.027777777777777776,z,x,z,0.2874501131927549
36,-0.1666666666666666,-0.1666666666666666,0.0,0.027777777777777776,z,y,x,-4.4449141629347615
36,-0.1666666666666666,-0.1666666666666666,0.0,0.027777777777777776,z,y,y,-2.704731561680485
36,-0.1666666666666666,-0.1666666666666666,0.0,0.027777777777777776,z,y,z,-0.497736851408655
36,-0.1666666666666666,-0.1666666666666666,0.0,0.027777777777777776,z,z,x,2.731945995417773
36,-0.1666666666666666,-0.1666666666666666,0.0,0.027777777777777776,z,z,y,-4.733163901158098
36,-0.1666666666666666,-0.1666666666666666,0.0,0.027777777777777776,z,z,z,0.0001036951986160418
