valley,delta_kx_inv_A,omega18_z_A2,E17_eV,E18_eV
K,-0.12,-4.424779267218601,-1.488528302763544,-1.3505122319865182
K,-0.11939999999999999,-4.438776035300578,-1.488000658143673,-1.3499138761461735
K,-0.11879999999999999,-4.452772803382556,-1.4874730135238026,-1.3493155203058287
K,-0.1182,-4.466769571464535,-1.4869453689039318,-1.348717164465484
K,-0.1176,-4.480766339546512,-1.486417724284061,-1.3481188086251394
K,-0.11699999999999999,-4.49476310762849,-1.4858900796641903,-1.3475204527847944
K,-0.11639999999999999,-4.508759875710468,-1.4853624350443193,-1.3469220969444498
K,-0.1158,-4.522756643792445,-1.4848347904244488,-1.346323741104105
K,-0.1152,-4.5367534118744235,-1.484307145804578,-1.3457253852637605
K,-0.1146,-4.550750179956402,-1.4837795011847073,-1.3451270294234157
K,-0.11399999999999999,-4.564746948038379,-1.4832518565648365,-1.344528673583071
K,-0.1134,-4.578743716120357,-1.4827242119449655,-1.3439303177427262
K,-0.1128,-4.592740484202334,-1.4821965673250947,-1.3433319619023814
K,-0.1122,-4.606737252284312,-1.4816689227052242,-1.342733606062037
K,-0.11159999999999999,-4.62073402036629,-1.4811412780853532,-1.342135250221692
K,-0.111,-4.634730788448268,-1.4806136334654827,-1.3415368943813473
K,-0.1104,-4.648727556530245,-1.4800859888456117,-1.3409385385410026
K,-0.1098,-4.662724324612223,-1.479558344225741,-1.3403401827006578
K,-0.10919999999999999,-4.676721092694201,-1.4790306996058704,-1.3397418268603132
K,-0.1086,-4.690717860776179,-1.4785030549859994,-1.3391434710199683
K,-0.108,-4.704714628858157,-1.4779754103661287,-1.3385451151796237
K,-0.1074,-4.718711396940135,-1.477447765746258,-1.337946759339279
K,-0.10679999999999999,-4.732708165022112,-1.4769201211263872,-1.3373484034989342
K,-0.1062,-4.74670493310409,-1.4763924765065166,-1.3367500476585898
K,-0.1056,-4.7607017011860675,-1.4758648318866456,-1.336151691818245
K,-0.105,-4.774698469268046,-1.4753371872667749,-1.3355533359779002
K,-0.10439999999999999,-4.788695237350024,-1.4748095426469041,-1.3349549801375553
K,-0.1038,-4.802692005432001,-1.4742818980270334,-1.3343566242972107
K,-0.1032,-4.816688773513979,-1.4737542534071626,-1.333758268456866
K,-0.1026,-4.830685541595956,-1.4732266087872918,-1.3331599126165212
K,-0.102,-4.844682309677935,-1.472698964167421,-1.3325615567761766
K,-0.10139999999999999,-4.858679077759913,-1.4721713195475503,-1.331963200935832
K,-0.1008,-4.87267584584189,-1.4716436749276796,-1.3313648450954871
K,-0.1002,-4.886672613923868,-1.4711160303078086,-1.3307664892551425
K,-0.0996,-4.900669382005845,-1.4705883856879378,-1.3301681334147977
K,-0.099,-4.9146661500878235,-1.4700607410680673,-1.329569777574453
K,-0.0984,-4.928662918169801,-1.4695330964481963,-1.3289714217341082
K,-0.0978,-4.942659686251779,-1.4690054518283258,-1.3283730658937636
K,-0.0972,-4.956656454333757,-1.4684778072084548,-1.3277747100534187
K,-0.09659999999999999,-4.970653222415735,-1.467950162588584,-1.3271763542130741
K,-0.096,-4.984649990497712,-1.4674225179687133,-1.3265779983727293
K,-0.0954,-4.9986467585796905,-1.4668948733488425,-1.3259796425323847
K,-0.0948,-5.012643526661668,-1.4663672287289717,-1.3253812866920398
K,-0.0942,-5.026640294743645,-1.465839584109101,-1.3247829308516952
K,-0.0936,-5.040637062825624,-1.4653119394892302,-1.3241845750113506
K,-0.093,-5.054633830907601,-1.4647842948693595,-1.323586219171006
K,-0.0924,-5.0686305989895795,-1.4642566502494887,-1.322987863330661
K,-0.09179999999999999,-5.082627367071557,-1.463729005629618,-1.3223895074903165
K,-0.0912,-5.096624135153534,-1.4632013610097472,-1.3217911516499716
K,-0.0906,-5.110620903235513,-1.4626737163898766,-1.3211927958096268
K,-0.09,-5.12461767131749,-1.4621460717700057,-1.3205944399692822
K,-0.0894,-5.137518561591916,-1.4617221531398412,-1.3201122831587409
K,-0.08879999999999999,-5.150419451866343,-1.461298234509677,-1.3196301263481993
K,-0.0882,-5.163320342140769,-1.4608743158795128,-1.319147969537658
K,-0.0876,-5.176221232415195,-1.4604503972493486,-1.3186658127271165
K,-0.087,-5.189122122689621,-1.460026478619184,-1.3181836559165752
K,-0.0864,-5.202023012964048,-1.4596025599890199,-1.3177014991060336
K,-0.0858,-5.214923903238474,-1.4591786413588554,-1.317219342295492
K,-0.0852,-5.2278247935129,-1.4587547227286912,-1.3167371854849508
K,-0.08460000000000001,-5.240725683787327,-1.458330804098527,-1.3162550286744092
K,-0.08399999999999999,-5.253626574061753,-1.4579068854683626,-1.315772871863868
K,-0.0834,-5.266527464336178,-1.4574829668381986,-1.3152907150533266
K,-0.0828,-5.279428354610605,-1.457059048208034,-1.314808558242785
K,-0.0822,-5.292329244885032,-1.45663512957787,-1.3143264014322438
K,-0.0816,-5.305230135159458,-1.4562112109477054,-1.3138442446217022
K,-0.08099999999999999,-5.3181310254338845,-1.4557872923175412,-1.3133620878111607
K,-0.0804,-5.33103191570831,-1.4553633736873768,-1.3128799310006194
K,-0.0798,-5.343932805982736,-1.4549394550572126,-1.312397774190078
K,-0.07919999999999999,-5.356833696257162,-1.4545155364270483,-1.3119156173795365
K,-0.0786,-5.369734586531589,-1.454091617796884,-1.311433460568995
K,-0.078,-5.382635476806015,-1.4536676991667197,-1.3109513037584537
K,-0.0774,-5.395536367080441,-1.4532437805365555,-1.3104691469479124
K,-0.07680000000000001,-5.408437257354867,-1.452819861906391,-1.3099869901373709
K,-0.07619999999999999,-5.421338147629294,-1.4523959432762266,-1.3095048333268293
K,-0.0756,-5.43423903790372,-1.4519720246460626,-1.309022676516288
K,-0.075,-5.447139928178146,-1.4515481060158981,-1.3085405197057467
K,-0.0744,-5.460040818452573,-1.4511241873857337,-1.3080583628952052
K,-0.0738,-5.4729417087269985,-1.4507002687555697,-1.3075762060846636
K,-0.0732,-5.485842599001425,-1.4502763501254052,-1.3070940492741223
K,-0.0726,-5.498743489275851,-1.4498524314952408,-1.306611892463581
K,-0.07200000000000001,-5.511644379550278,-1.4494285128650766,-1.3061297356530395
K,-0.07139999999999999,-5.524545269824704,-1.4490045942349123,-1.305647578842498
K,-0.0708,-5.53744616009913,-1.448580675604748,-1.3051654220319566
K,-0.0702,-5.550347050373556,-1.4481567569745837,-1.3046832652214153
K,-0.0696,-5.563247940647982,-1.4477328383444195,-1.3042011084108738
K,-0.069,-5.576148830922409,-1.447308919714255,-1.3037189516003322
K,-0.0684,-5.589049721196835,-1.4468850010840906,-1.303236794789791
K,-0.0678,-5.601950611471261,-1.4464610824539266,-1.3027546379792496
K,-0.06720000000000001,-5.6148515017456875,-1.4460371638237621,-1.302272481168708
K,-0.06659999999999999,-5.627752392020113,-1.4456132451935981,-1.3017903243581666
K,-0.066,-5.64065328229454,-1.4451893265634337,-1.3013081675476252
K,-0.0654,-5.653554172568966,-1.4447654079332692,-1.3008260107370837
K,-0.0648,-5.666455062843393,-1.444341489303105,-1.3003438539265424
K,-0.06420000000000001,-5.679355953117819,-1.4439175706729408,-1.2998616971160009
K,-0.0636,-5.692256843392245,-1.4434936520427764,-1.2993795403054595
K,-0.063,-5.705157733666671,-1.4430697334126121,-1.298897383494918
K,-0.0624,-5.718058623941098,-1.4426458147824477,-1.2984152266843767
K,-0.0618,-5.730959514215524,-1.4422218961522835,-1.2979330698738354
K,-0.0612,-5.74386040448995,-1.441797977522119,-1.2974509130632939
K,-0.0606,-5.7567612947643765,-1.441374058891955,-1.2969687562527523
K,-0.06,-5.769662185038802,-1.4409501402617906,-1.296486599442211
K,-0.0594,-5.779056756028466,-1.4406704252842728,-1.296167869475052
K,-0.0588,-5.788451327018131,-1.4403907103067548,-1.295849139507893
K,-0.0582,-5.797845898007795,-1.440110995329237,-1.2955304095407343
K,-0.0576,-5.80724046899746,-1.439831280351719,-1.2952116795735753
K,-0.056999999999999995,-5.816635039987124,-1.4395515653742013,-1.2948929496064163
K,-0.056400000000000006,-5.826029610976787,-1.4392718503966835,-1.2945742196392573
K,-0.0558,-5.835424181966451,-1.4389921354191655,-1.2942554896720984
K,-0.0552,-5.844818752956115,-1.4387124204416475,-1.2939367597049394
K,-0.054599999999999996,-5.85421332394578,-1.4384327054641295,-1.2936180297377806
K,-0.054000000000000006,-5.863607894935444,-1.4381529904866117,-1.2932992997706216
K,-0.0534,-5.873002465925108,-1.437873275509094,-1.2929805698034627
K,-0.0528,-5.882397036914773,-1.437593560531576,-1.2926618398363037
K,-0.052199999999999996,-5.8917916079044375,-1.4373138455540582,-1.2923431098691447
K,-0.05160000000000001,-5.901186178894101,-1.4370341305765402,-1.292024379901986
K,-0.051000000000000004,-5.910580749883765,-1.4367544155990224,-1.2917056499348267
K,-0.0504,-5.919975320873429,-1.4364747006215044,-1.291386919967668
K,-0.0498,-5.929369891863093,-1.4361949856439866,-1.291068190000509
K,-0.04920000000000001,-5.938764462852758,-1.4359152706664688,-1.29074946003335
K,-0.048600000000000004,-5.948159033842423,-1.4356355556889508,-1.290430730066191
K,-0.048,-5.9575536048320865,-1.4353558407114329,-1.2901120000990323
K,-0.0474,-5.96694817582175,-1.435076125733915,-1.2897932701318733
K,-0.04680000000000001,-5.976342746811414,-1.4347964107563973,-1.2894745401647143
K,-0.046200000000000005,-5.985737317801078,-1.4345166957788793,-1.2891558101975553
K,-0.0456,-5.995131888790743,-1.4342369808013613,-1.2888370802303966
K,-0.045,-6.004526459780408,-1.4339572658238435,-1.2885183502632374
K,-0.04440000000000001,-6.013921030770072,-1.4336775508463258,-1.2881996202960786
K,-0.043800000000000006,-6.023315601759736,-1.4333978358688078,-1.2878808903289196
K,-0.0432,-6.0327101727494,-1.4331181208912898,-1.2875621603617606
K,-0.0426,-6.042104743739063,-1.432838405913772,-1.2872434303946019
K,-0.041999999999999996,-6.051499314728728,-1.4325586909362542,-1.2869247004274427
K,-0.041400000000000006,-6.060893885718393,-1.4322789759587362,-1.286605970460284
K,-0.0408,-6.070288456708057,-1.4319992609812182,-1.286287240493125
K,-0.0402,-6.079683027697721,-1.4317195460037004,-1.285968510525966
K,-0.039599999999999996,-6.089077598687385,-1.4314398310261827,-1.285649780558807
K,-0.03900000000000001,-6.098472169677049,-1.4311601160486647,-1.285331050591648
K,-0.038400000000000004,-6.107866740666713,-1.4308804010711467,-1.2850123206244892
K,-0.0378,-6.117261311656377,-1.430600686093629,-1.28469359065733
K,-0.0372,-6.126655882646042,-1.4303209711161111,-1.2843748606901713
K,-0.03660000000000001,-6.136050453635706,-1.4300412561385931,-1.2840561307230123
K,-0.036000000000000004,-6.145445024625371,-1.4297615411610753,-1.2837374007558535
K,-0.0354,-6.154839595615035,-1.4294818261835576,-1.2834186707886945
K,-0.0348,-6.164234166604699,-1.4292021112060396,-1.2830999408215353
K,-0.03420000000000001,-6.173628737594363,-1.4289223962285218,-1.2827812108543764
K,-0.033600000000000005,-6.183023308584026,-1.4286426812510038,-1.2824624808872176
K,-0.033,-6.192417879573691,-1.4283629662734858,-1.2821437509200586
K,-0.0324,-6.201812450563355,-1.428083251295968,-1.2818250209528996
K,-0.03180000000000001,-6.21120702155302,-1.42780353631845,-1.2815062909857409
K,-0.031200000000000006,-6.220601592542684,-1.4275238213409323,-1.2811875610185819
K,-0.030600000000000002,-6.229996163532348,-1.4272441063634143,-1.280868831051423
K,-0.03,-6.239390734522012,-1.4269643913858965,-1.280550101084264
K,-0.02940000000000001,-6.242899383307384,-1.4268647755951525,-1.280436576677147
K,-0.028800000000000006,-6.246408032092754,-1.4267651598044084,-1.2803230522700302
K,-0.028200000000000003,-6.249916680878125,-1.4266655440136644,-1.280209527862913
K,-0.0276,-6.253425329663496,-1.4265659282229204,-1.2800960034557962
K,-0.02700000000000001,-6.256933978448867,-1.4264663124321766,-1.2799824790486793
K,-0.026400000000000007,-6.260442627234237,-1.4263666966414326,-1.2798689546415623
K,-0.025800000000000003,-6.263951276019608,-1.4262670808506885,-1.2797554302344454
K,-0.0252,-6.26745992480498,-1.4261674650599447,-1.2796419058273283
K,-0.02460000000000001,-6.270968573590349,-1.4260678492692007,-1.2795283814202114
K,-0.024000000000000007,-6.274477222375721,-1.4259682334784567,-1.2794148570130945
K,-0.023400000000000004,-6.277985871161091,-1.425868617687713,-1.2793013326059777
K,-0.0228,-6.281494519946462,-1.4257690018969686,-1.2791878081988608
K,-0.022199999999999998,-6.285003168731833,-1.4256693861062248,-1.2790742837917437
K,-0.021600000000000008,-6.288511817517204,-1.4255697703154808,-1.2789607593846268
K,-0.021000000000000005,-6.292020466302575,-1.4254701545247368,-1.27884723497751
K,-0.0204,-6.2955291150879455,-1.4253705387339928,-1.278733710570393
K,-0.019799999999999998,-6.299037763873317,-1.4252709229432488,-1.278620186163276
K,-0.01920000000000001,-6.302546412658687,-1.425171307152505,-1.2785066617561591
K,-0.018600000000000005,-6.3060550614440585,-1.425071691361761,-1.2783931373490423
K,-0.018000000000000002,-6.30956371022943,-1.424972075571017,-1.2782796129419252
K,-0.0174,-6.3130723590148,-1.4248724597802729,-1.2781660885348085
K,-0.01680000000000001,-6.3165810078001705,-1.4247728439895289,-1.2780525641276914
K,-0.016200000000000006,-6.320089656585542,-1.424673228198785,-1.2779390397205743
K,-0.015600000000000003,-6.323598305370913,-1.424573612408041,-1.2778255153134577
K,-0.015,-6.327106954156283,-1.424473996617297,-1.2777119909063406
K,-0.01440000000000001,-6.330615602941654,-1.4243743808265532,-1.2775984664992235
K,-0.013800000000000007,-6.334124251727025,-1.424274765035809,-1.2774849420921068
K,-0.013200000000000003,-6.337632900512396,-1.4241751492450652,-1.2773714176849897
K,-0.0126,-6.341141549297767,-1.4240755334543211,-1.2772578932778726
K,-0.01200000000000001,-6.344650198083137,-1.4239759176635771,-1.277144368870756
K,-0.011400000000000007,-6.348158846868508,-1.4238763018728333,-1.277030844463639
K,-0.010800000000000004,-6.35166749565388,-1.423776686082089,-1.276917320056522
K,-0.0102,-6.35517614443925,-1.4236770702913453,-1.2768037956494052
K,-0.009600000000000011,-6.358684793224621,-1.4235774545006012,-1.276690271242288
K,-0.009000000000000008,-6.362193442009992,-1.4234778387098572,-1.2765767468351712
K,-0.008400000000000005,-6.365702090795363,-1.4233782229191132,-1.2764632224280543
K,-0.007800000000000001,-6.369210739580733,-1.4232786071283694,-1.2763496980209375
K,-0.007200000000000012,-6.372719388366105,-1.4231789913376254,-1.2762361736138204
K,-0.006600000000000009,-6.376228037151476,-1.4230793755468814,-1.2761226492067035
K,-0.006000000000000005,-6.379736685936846,-1.4229797597561373,-1.2760091247995864
K,-0.005400000000000002,-6.383245334722217,-1.4228801439653933,-1.2758956003924697
K,-0.004799999999999999,-6.386753983507587,-1.4227805281746493,-1.2757820759853526
K,-0.004200000000000009,-6.390262632292958,-1.4226809123839053,-1.2756685515782358
K,-0.003600000000000006,-6.39377128107833,-1.4225812965931612,-1.275555027171119
K,-0.0030000000000000027,-6.3972799298637,-1.4224816808024174,-1.275441502764002
K,-0.0023999999999999994,-6.400788578649071,-1.4223820650116736,-1.275327978356885
K,-0.00180000000000001,-6.404297227434442,-1.4222824492209296,-1.2752144539497678
K,-0.0012000000000000066,-6.407805876219813,-1.4221828334301856,-1.2751009295426512
K,-0.0006000000000000033,-6.411314525005183,-1.4220832176394416,-1.274987405135534
K,0.0,-6.4148231737905546,-1.4219836018486975,-1.2748738807284172
K,0.0005999999999999894,-6.411189018707249,-1.422089323475717,-1.2749939284537088
K,0.0011999999999999927,-6.407554863623944,-1.4221950451027365,-1.2751139761790007
K,0.001799999999999996,-6.403920708540638,-1.422300766729756,-1.2752340239042923
K,0.0023999999999999994,-6.400286553457333,-1.4224064883567755,-1.275354071629584
K,0.002999999999999989,-6.3966523983740275,-1.4225122099837946,-1.2754741193548755
K,0.003599999999999992,-6.393018243290722,-1.422617931610814,-1.2755941670801674
K,0.004199999999999995,-6.389384088207418,-1.4227236532378336,-1.275714214805459
K,0.004799999999999999,-6.385749933124112,-1.422829374864853,-1.2758342625307506
K,0.005399999999999988,-6.3821157780408075,-1.4229350964918726,-1.2759543102560424
K,0.006000000000000005,-6.378481622957501,-1.423040818118892,-1.2760743579813338
K,0.006599999999999995,-6.374847467874196,-1.4231465397459115,-1.2761944057066257
K,0.007199999999999984,-6.371213312790891,-1.4232522613729308,-1.2763144534319173
K,0.007800000000000001,-6.367579157707586,-1.42335798299995,-1.2764345011572091
K,0.00839999999999999,-6.3639450026242805,-1.4234637046269696,-1.2765545488825008
K,0.00899999999999998,-6.360310847540974,-1.423569426253989,-1.2766745966077924
K,0.009599999999999997,-6.35667669245767,-1.4236751478810086,-1.276794644333084
K,0.010199999999999987,-6.353042537374364,-1.423780869508028,-1.2769146920583758
K,0.010800000000000004,-6.349408382291059,-1.4238865911350476,-1.2770347397836674
K,0.011399999999999993,-6.3457742272077535,-1.423992312762067,-1.277154787508959
K,0.011999999999999983,-6.342140072124448,-1.4240980343890866,-1.277274835234251
K,0.0126,-6.338505917041143,-1.4242037560161058,-1.2773948829595425
K,0.01319999999999999,-6.334871761957838,-1.424309477643125,-1.2775149306848341
K,0.013799999999999979,-6.331237606874533,-1.4244151992701446,-1.2776349784101257
K,0.014399999999999996,-6.3276034517912265,-1.424520920897164,-1.2777550261354174
K,0.014999999999999986,-6.323969296707922,-1.4246266425241836,-1.2778750738607092
K,0.015600000000000003,-6.320335141624616,-1.424732364151203,-1.277995121586001
K,0.016199999999999992,-6.316700986541311,-1.4248380857782226,-1.2781151693112927
K,0.01679999999999998,-6.313066831458006,-1.424943807405242,-1.2782352170365843
K,0.0174,-6.3094326763747,-1.4250495290322613,-1.2783552647618759
K,0.017999999999999988,-6.305798521291395,-1.4251552506592808,-1.2784753124871675
K,0.018600000000000005,-6.30216436620809,-1.4252609722863,-1.2785953602124591
K,0.019199999999999995,-6.298530211124785,-1.4253666939133196,-1.278715407937751
K,0.019799999999999984,-6.29489605604148,-1.425472415540339,-1.2788354556630426
K,0.0204,-6.291261900958173,-1.4255781371673586,-1.2789555033883344
K,0.02099999999999999,-6.287627745874868,-1.425683858794378,-1.279075551113626
K,0.02159999999999998,-6.283993590791563,-1.4257895804213976,-1.2791955988389176
K,0.022199999999999998,-6.280359435708258,-1.4258953020484169,-1.2793156465642093
K,0.022799999999999987,-6.276725280624953,-1.4260010236754364,-1.2794356942895009
K,0.023400000000000004,-6.273091125541647,-1.4261067453024556,-1.2795557420147927
K,0.023999999999999994,-6.269456970458343,-1.4262124669294751,-1.2796757897400846
K,0.024599999999999983,-6.265822815375037,-1.4263181885564946,-1.2797958374653762
K,0.0252,-6.262188660291731,-1.426423910183514,-1.2799158851906676
K,0.02579999999999999,-6.258554505208426,-1.4265296318105336,-1.2800359329159594
K,0.02639999999999998,-6.254920350125121,-1.4266353534375529,-1.280155980641251
K,0.026999999999999996,-6.251286195041816,-1.4267410750645724,-1.2802760283665429
K,0.027599999999999986,-6.247652039958511,-1.4268467966915919,-1.2803960760918345
K,0.028200000000000003,-6.2440178848752055,-1.4269525183186111,-1.280516123817126
K,0.028799999999999992,-6.240383729791899,-1.4270582399456306,-1.2806361715424177
K,0.02939999999999998,-6.236749574708594,-1.4271639615726501,-1.2807562192677093
K,0.03,-6.233115419625289,-1.4272696831996696,-1.2808762669930012
K,0.03059999999999999,-6.222973591401566,-1.427592665298772,-1.2812407141129345
K,0.031199999999999978,-6.212831763177844,-1.4279156473978742,-1.2816051612328674
K,0.031799999999999995,-6.202689934954121,-1.4282386294969767,-1.2819696083528007
K,0.032399999999999984,-6.192548106730397,-1.4285616115960789,-1.2823340554727338
K,0.033,-6.182406278506674,-1.4288845936951815,-1.282698502592667
K,0.03359999999999999,-6.172264450282951,-1.4292075757942837,-1.2830629497126
K,0.03419999999999998,-6.162122622059227,-1.4295305578933861,-1.2834273968325334
K,0.0348,-6.151980793835504,-1.4298535399924883,-1.2837918439524665
K,0.03539999999999999,-6.141838965611782,-1.4301765220915907,-1.2841562910723996
K,0.036000000000000004,-6.131697137388059,-1.430499504190693,-1.284520738192333
K,0.036599999999999994,-6.121555309164336,-1.4308224862897954,-1.284885185312266
K,0.03719999999999998,-6.111413480940612,-1.4311454683888978,-1.2852496324321991
K,0.0378,-6.10127165271689,-1.431468450488,-1.2856140795521322
K,0.03839999999999999,-6.091129824493167,-1.4317914325871022,-1.2859785266720656
K,0.03899999999999998,-6.080987996269444,-1.4321144146862048,-1.2863429737919985
K,0.039599999999999996,-6.07084616804572,-1.432437396785307,-1.2867074209119318
K,0.040199999999999986,-6.0607043398219975,-1.4327603788844094,-1.287071868031865
K,0.0408,-6.050562511598274,-1.4330833609835119,-1.287436315151798
K,0.04139999999999999,-6.040420683374552,-1.433406343082614,-1.2878007622717313
K,0.04199999999999998,-6.030278855150829,-1.4337293251817163,-1.2881652093916645
K,0.0426,-6.020137026927106,-1.434052307280819,-1.2885296565115976
K,0.04319999999999999,-6.009995198703383,-1.434375289379921,-1.288894103631531
K,0.04379999999999998,-5.99985337047966,-1.4346982714790233,-1.2892585507514638
K,0.044399999999999995,-5.989711542255937,-1.4350212535781257,-1.2896229978713971
K,0.044999999999999984,-5.979569714032214,-1.4353442356772281,-1.2899874449913302
K,0.0456,-5.96942788580849,-1.4356672177763306,-1.2903518921112633
K,0.04619999999999999,-5.959286057584768,-1.435990199875433,-1.2907163392311967
K,0.04679999999999998,-5.949144229361044,-1.4363131819745352,-1.2910807863511296
K,0.0474,-5.939002401137321,-1.4366361640736374,-1.2914452334710629
K,0.04799999999999999,-5.928860572913599,-1.4369591461727398,-1.2918096805909962
K,0.04859999999999998,-5.918718744689876,-1.4372821282718422,-1.292174127710929
K,0.049199999999999994,-5.908576916466153,-1.4376051103709444,-1.2925385748308624
K,0.04979999999999998,-5.8984350882424295,-1.4379280924700468,-1.2929030219507955
K,0.0504,-5.888293260018706,-1.4382510745691492,-1.2932674690707286
K,0.05099999999999999,-5.878151431794984,-1.4385740566682514,-1.2936319161906618
K,0.05159999999999998,-5.86800960357126,-1.4388970387673539,-1.293996363310595
K,0.052199999999999996,-5.857867775347537,-1.4392200208664563,-1.2943608104305282
K,0.052799999999999986,-5.8477259471238145,-1.4395430029655585,-1.2947252575504613
K,0.0534,-5.837584118900091,-1.439865985064661,-1.2950897046703946
K,0.05399999999999999,-5.827442290676368,-1.4401889671637633,-1.2954541517903277
K,0.05459999999999998,-5.817300462452645,-1.4405119492628655,-1.2958185989102609
K,0.0552,-5.807158634228922,-1.440834931361968,-1.296183046030194
K,0.05579999999999999,-5.7970168060052,-1.4411579134610704,-1.296547493150127
K,0.05639999999999998,-5.786874977781476,-1.4414808955601726,-1.2969119402700604
K,0.056999999999999995,-5.776733149557753,-1.441803877659275,-1.2972763873899933
K,0.057599999999999985,-5.76659132133403,-1.4421268597583774,-1.2976408345099266
K,0.0582,-5.756449493110306,-1.4424498418574796,-1.2980052816298597
K,0.05879999999999999,-5.746307664886585,-1.442772823956582,-1.298369728749793
K,0.05939999999999998,-5.736165836662861,-1.4430958060556844,-1.298734175869726
K,0.06,-5.726024008439138,-1.4434187881547866,-1.2990986229896593
K,0.06059999999999999,-5.711668082554956,-1.4439531055194694,-1.2996966936636687
K,0.06119999999999998,-5.697312156670774,-1.4444874228841527,-1.3002947643376783
K,0.061799999999999994,-5.6829562307865915,-1.4450217402488355,-1.3008928350116877
K,0.06239999999999998,-5.6686003049024105,-1.4455560576135185,-1.3014909056856971
K,0.063,-5.654244379018227,-1.4460903749782015,-1.3020889763597066
K,0.06359999999999999,-5.639888453134046,-1.4466246923428843,-1.3026870470337162
K,0.06419999999999998,-5.625532527249864,-1.4471590097075673,-1.3032851177077256
K,0.0648,-5.611176601365681,-1.4476933270722503,-1.3038831883817352
K,0.06539999999999999,-5.596820675481499,-1.448227644436933,-1.3044812590557444
K,0.06599999999999998,-5.582464749597317,-1.448761961801616,-1.3050793297297538
K,0.06659999999999999,-5.5681088237131355,-1.4492962791662989,-1.3056774004037637
K,0.06719999999999998,-5.553752897828954,-1.4498305965309821,-1.3062754710777729
K,0.0678,-5.539396971944771,-1.450364913895665,-1.3068735417517825
K,0.06839999999999999,-5.52504104606059,-1.450899231260348,-1.307471612425792
K,0.06899999999999998,-5.510685120176408,-1.451433548625031,-1.3080696830998013
K,0.0696,-5.496329194292224,-1.451967865989714,-1.3086677537738107
K,0.07019999999999998,-5.481973268408042,-1.4525021833543967,-1.3092658244478204
K,0.07079999999999997,-5.467617342523861,-1.4530365007190795,-1.3098638951218298
K,0.07139999999999999,-5.453261416639679,-1.4535708180837625,-1.3104619657958392
K,0.07199999999999998,-5.438905490755497,-1.4541051354484456,-1.3110600364698488
K,0.0726,-5.424549564871315,-1.4546394528131286,-1.3116581071438582
K,0.07319999999999999,-5.410193638987133,-1.4551737701778116,-1.3122561778178676
K,0.07379999999999998,-5.395837713102951,-1.4557080875424944,-1.312854248491877
K,0.0744,-5.381481787218768,-1.4562424049071774,-1.3134523191658867
K,0.07499999999999998,-5.3671258613345865,-1.4567767222718602,-1.3140503898398959
K,0.0756,-5.352769935450404,-1.4573110396365432,-1.3146484605139055
K,0.07619999999999999,-5.338414009566222,-1.4578453570012262,-1.3152465311879151
K,0.07679999999999998,-5.32405808368204,-1.4583796743659092,-1.3158446018619245
K,0.0774,-5.309702157797858,-1.4589139917305922,-1.316442672535934
K,0.07799999999999999,-5.295346231913676,-1.459448309095275,-1.3170407432099434
K,0.07859999999999998,-5.280990306029494,-1.4599826264599578,-1.3176388138839528
K,0.07919999999999999,-5.2666343801453115,-1.4605169438246408,-1.3182368845579624
K,0.07979999999999998,-5.25227845426113,-1.4610512611893238,-1.3188349552319718
K,0.0804,-5.237922528376947,-1.4615855785540068,-1.3194330259059814
K,0.08099999999999999,-5.223566602492766,-1.4621198959186898,-1.3200310965799908
K,0.08159999999999998,-5.209210676608583,-1.4626542132833726,-1.3206291672540003
K,0.0822,-5.194854750724401,-1.4631885306480557,-1.3212272379280097
K,0.08279999999999998,-5.180498824840219,-1.4637228480127384,-1.321825308602019
K,0.08339999999999997,-5.166142898956037,-1.4642571653774215,-1.3224233792760285
K,0.08399999999999999,-5.151786973071855,-1.4647914827421045,-1.3230214499500381
K,0.08459999999999998,-5.137431047187674,-1.4653258001067875,-1.3236195206240475
K,0.0852,-5.12307512130349,-1.4658601174714703,-1.3242175912980572
K,0.08579999999999999,-5.108719195419309,-1.4663944348361535,-1.3248156619720666
K,0.08639999999999998,-5.094363269535127,-1.4669287522008363,-1.325413732646076
K,0.087,-5.080007343650945,-1.467463069565519,-1.3260118033200854
K,0.08759999999999998,-5.065651417766762,-1.467997386930202,-1.326609873994095
K,0.08819999999999997,-5.0512954918825805,-1.4685317042948849,-1.3272079446681044
K,0.08879999999999999,-5.036939565998398,-1.4690660216595681,-1.3278060153421138
K,0.08939999999999998,-5.022583640114217,-1.469600339024251,-1.3284040860161235
K,0.09,-5.008227714230034,-1.470134656388934,-1.3290021566901329
K,0.09059999999999999,-4.992508152525663,-1.4708598276544644,-1.3298061843343922
K,0.09119999999999998,-4.976788590821291,-1.471584998919995,-1.3306102119786514
K,0.09179999999999999,-4.96106902911692,-1.4723101701855255,-1.331414239622911
K,0.09239999999999998,-4.945349467412548,-1.4730353414510562,-1.33221826726717
K,0.093,-4.929629905708175,-1.4737605127165867,-1.3330222949114297
K,0.09359999999999999,-4.913910344003804,-1.4744856839821172,-1.333826322555689
K,0.09419999999999998,-4.898190782299433,-1.4752108552476477,-1.3346303501999484
K,0.0948,-4.882471220595061,-1.4759360265131782,-1.3354343778442077
K,0.09539999999999998,-4.86675165889069,-1.476661197778709,-1.336238405488467
K,0.09599999999999997,-4.851032097186318,-1.4773863690442395,-1.3370424331327264
K,0.09659999999999999,-4.835312535481947,-1.47811154030977,-1.3378464607769858
K,0.09719999999999998,-4.819592973777575,-1.4788367115753003,-1.3386504884212451
K,0.0978,-4.803873412073203,-1.479561882840831,-1.3394545160655045
K,0.09839999999999999,-4.788153850368832,-1.4802870541063615,-1.3402585437097638
K,0.09899999999999998,-4.772434288664461,-1.4810122253718923,-1.3410625713540232
K,0.0996,-4.756714726960087,-1.4817373966374228,-1.3418665989982825
K,0.10019999999999998,-4.7409951652557165,-1.482462567902953,-1.3426706266425419
K,0.10079999999999997,-4.725275603551346,-1.4831877391684838,-1.3434746542868012
K,0.10139999999999999,-4.709556041846973,-1.4839129104340143,-1.3442786819310606
K,0.10199999999999998,-4.693836480142602,-1.4846380816995448,-1.34508270957532
K,0.1026,-4.6781169184382305,-1.4853632529650755,-1.3458867372195793
K,0.10319999999999999,-4.662397356733859,-1.4860884242306058,-1.3466907648638387
K,0.10379999999999998,-4.646677795029488,-1.4868135954961366,-1.347494792508098
K,0.10439999999999999,-4.630958233325115,-1.4875387667616669,-1.3482988201523574
K,0.10499999999999998,-4.6152386716207445,-1.4882639380271976,-1.3491028477966167
K,0.10559999999999997,-4.599519109916372,-1.488989109292728,-1.349906875440876
K,0.10619999999999999,-4.583799548212,-1.4897142805582586,-1.3507109030851354
K,0.10679999999999998,-4.5680799865076285,-1.4904394518237893,-1.3515149307293948
K,0.1074,-4.552360424803258,-1.4911646230893196,-1.3523189583736541
K,0.10799999999999998,-4.536640863098885,-1.4918897943548504,-1.3531229860179135
K,0.10859999999999997,-4.520921301394514,-1.4926149656203809,-1.3539270136621728
K,0.10919999999999999,-4.5052017396901425,-1.4933401368859114,-1.3547310413064322
K,0.10979999999999998,-4.489482177985772,-1.494065308151442,-1.3555350689506915
K,0.1104,-4.473762616281399,-1.4947904794169724,-1.3563390965949509
K,0.11099999999999999,-4.458043054577028,-1.495515650682503,-1.3571431242392102
K,0.11159999999999998,-4.4423234928726565,-1.4962408219480337,-1.3579471518834696
K,0.1122,-4.426603931168284,-1.4969659932135642,-1.358751179527729
K,0.11279999999999998,-4.410884369463913,-1.4976911644790945,-1.3595552071719883
K,0.11339999999999997,-4.395164807759541,-1.4984163357446252,-1.3603592348162477
K,0.11399999999999999,-4.37944524605517,-1.4991415070101557,-1.361163262460507
K,0.11459999999999998,-4.363725684350799,-1.4998666782756864,-1.3619672901047664
K,0.1152,-4.348006122646426,-1.500591849541217,-1.3627713177490257
K,0.11579999999999999,-4.332286560942055,-1.5013170208067472,-1.363575345393285
K,0.11639999999999998,-4.316566999237684,-1.502042192072278,-1.3643793730375444
K,0.11699999999999999,-4.300847437533312,-1.5027673633378085,-1.3651834006818038
K,0.11759999999999998,-4.285127875828939,-1.503492534603339,-1.3659874283260631
K,0.11819999999999997,-4.2694083141245684,-1.5042177058688697,-1.3667914559703225
K,0.11879999999999999,-4.253688752420197,-1.5049428771344,-1.3675954836145818
K,0.11939999999999998,-4.237969190715825,-1.5056680483999307,-1.3683995112588412
K,0.12,-4.222249629011453,-1.5063932196654612,-1.3692035389031005
Kprime,-0.12,4.2222428050741145,-1.5063932157507074,-1.3692035426460523
Kprime,-0.11939999999999999,4.237962061398226,-1.505668044481677,-1.3683995150059214
Kprime,-0.11879999999999999,4.253681317722336,-1.5049428732126464,-1.3675954873657905
Kprime,-0.1182,4.269400574046448,-1.5042177019436158,-1.3667914597256599
Kprime,-0.1176,4.285119830370559,-1.5034925306745854,-1.3659874320855288
Kprime,-0.11699999999999999,4.30083908669467,-1.5027673594055548,-1.3651834044453979
Kprime,-0.11639999999999999,4.316558343018781,-1.5020421881365245,-1.3643793768052672
Kprime,-0.1158,4.332277599342891,-1.501317016867494,-1.3635753491651361
Kprime,-0.1152,4.347996855667003,-1.5005918455984637,-1.3627713215250057
Kprime,-0.1146,4.363716111991113,-1.499866674329433,-1.3619672938848746
Kprime,-0.11399999999999999,4.3794353683152245,-1.4991415030604025,-1.3611632662447437
Kprime,-0.1134,4.395154624639336,-1.4984163317913721,-1.3603592386046128
Kprime,-0.1128,4.410873880963447,-1.4976911605223415,-1.3595552109644817
Kprime,-0.1122,4.426593137287558,-1.4969659892533111,-1.3587511833243513
Kprime,-0.11159999999999999,4.442312393611669,-1.4962408179842805,-1.3579471556842202
Kprime,-0.111,4.45803164993578,-1.4955156467152502,-1.3571431280440895
Kprime,-0.1104,4.473750906259891,-1.4947904754462196,-1.3563391004039587
Kprime,-0.1098,4.489470162584001,-1.494065304177189,-1.3555350727638276
Kprime,-0.10919999999999999,4.505189418908113,-1.4933401329081588,-1.354731045123697
Kprime,-0.1086,4.520908675232223,-1.4926149616391282,-1.3539270174835658
Kprime,-0.108,4.536627931556335,-1.4918897903700978,-1.3531229898434352
Kprime,-0.1074,4.552347187880446,-1.4911646191010672,-1.3523189622033043
Kprime,-0.10679999999999999,4.5680664442045575,-1.4904394478320366,-1.3515149345631734
Kprime,-0.1062,4.583785700528668,-1.4897142765630065,-1.3507109069230427
Kprime,-0.1056,4.599504956852779,-1.4889891052939759,-1.3499068792829116
Kprime,-0.105,4.61522421317689,-1.4882639340249453,-1.349102851642781
Kprime,-0.10439999999999999,4.630943469501001,-1.4875387627559147,-1.3482988240026499
Kprime,-0.1038,4.646662725825111,-1.4868135914868843,-1.3474947963625192
Kprime,-0.1032,4.662381982149223,-1.486088420217854,-1.3466907687223881
Kprime,-0.1026,4.678101238473334,-1.4853632489488233,-1.3458867410822575
Kprime,-0.102,4.6938204947974445,-1.4846380776797927,-1.3450827134421266
Kprime,-0.10139999999999999,4.709539751121556,-1.4839129064107623,-1.3442786858019957
Kprime,-0.1008,4.725259007445667,-1.483187735141732,-1.3434746581618648
Kprime,-0.1002,4.740978263769778,-1.4824625638727014,-1.342670630521734
Kprime,-0.0996,4.756697520093889,-1.4817373926036708,-1.3418666028816033
Kprime,-0.099,4.772416776418,-1.4810122213346406,-1.3410625752414722
Kprime,-0.0984,4.788136032742111,-1.48028705006561,-1.3402585476013416
Kprime,-0.0978,4.803855289066222,-1.4795618787965794,-1.3394545199612107
Kprime,-0.0972,4.819574545390333,-1.478836707527549,-1.3386504923210798
Kprime,-0.09659999999999999,4.835293801714444,-1.4781115362585187,-1.3378464646809487
Kprime,-0.096,4.851013058038555,-1.477386364989488,-1.337042437040818
Kprime,-0.0954,4.866732314362666,-1.4766611937204575,-1.3362384094006872
Kprime,-0.0948,4.882451570686777,-1.475936022451427,-1.3354343817605563
Kprime,-0.0942,4.898170827010889,-1.4752108511823965,-1.3346303541204256
Kprime,-0.0936,4.913890083334999,-1.474485679913366,-1.3338263264802945
Kprime,-0.093,4.92960933965911,-1.4737605086443355,-1.3330222988401639
Kprime,-0.0924,4.945328595983222,-1.4730353373753051,-1.332218271200033
Kprime,-0.09179999999999999,4.961047852307332,-1.4723101661062747,-1.331414243559902
Kprime,-0.0912,4.976767108631443,-1.4715849948372441,-1.3306102159197712
Kprime,-0.0906,4.992486364955554,-1.4708598235682135,-1.3298061882796404
Kprime,-0.09,5.008205621279665,-1.4701346522991832,-1.3290021606395095
Kprime,-0.0894,5.022561875474094,-1.4696003349278148,-1.3284040899705638
Kprime,-0.08879999999999999,5.036918129668523,-1.4690660175564463,-1.3278060193016181
Kprime,-0.0882,5.051274383862952,-1.468531700185078,-1.3272079486326724
Kprime,-0.0876,5.065630638057382,-1.4679973828137094,-1.3266098779637268
Kprime,-0.087,5.07998689225181,-1.467463065442341,-1.326011807294781
Kprime,-0.0864,5.0943431464462385,-1.4669287480709727,-1.3254137366258356
Kprime,-0.0858,5.108699400640668,-1.4663944306996042,-1.32481566595689
Kprime,-0.0852,5.123055654835097,-1.4658601133282358,-1.324217595287944
Kprime,-0.08460000000000001,5.1374119090295265,-1.4653257959568673,-1.3236195246189983
Kprime,-0.08399999999999999,5.151768163223956,-1.464791478585499,-1.3230214539500527
Kprime,-0.0834,5.166124417418384,-1.4642571612141306,-1.322423383281107
Kprime,-0.0828,5.180480671612814,-1.463722843842762,-1.3218253126121613
Kprime,-0.0822,5.194836925807243,-1.4631885264713937,-1.3212272419432156
Kprime,-0.0816,5.209193180001671,-1.4626542091000252,-1.32062917127427
Kprime,-0.08099999999999999,5.223549434196101,-1.4621198917286569,-1.3200311006053242
Kprime,-0.0804,5.23790568839053,-1.4615855743572883,-1.3194330299363786
Kprime,-0.0798,5.252261942584958,-1.46105125698592,-1.3188349592674329
Kprime,-0.07919999999999999,5.266618196779388,-1.4605169396145516,-1.3182368885984872
Kprime,-0.0786,5.280974450973817,-1.459982622243183,-1.3176388179295415
Kprime,-0.078,5.2953307051682454,-1.4594483048718145,-1.317040747260596
Kprime,-0.0774,5.309686959362675,-1.4589139875004462,-1.3164426765916502
Kprime,-0.07680000000000001,5.324043213557104,-1.4583796701290779,-1.3158446059227047
Kprime,-0.07619999999999999,5.3383994677515325,-1.4578453527577095,-1.3152465352537588
Kprime,-0.0756,5.352755721945961,-1.4573110353863408,-1.3146484645848133
Kprime,-0.075,5.367111976140391,-1.4567767180149724,-1.3140503939158674
Kprime,-0.0744,5.38146823033482,-1.456242400643604,-1.313452323246922
Kprime,-0.0738,5.395824484529249,-1.4557080832722358,-1.312854252577976
Kprime,-0.0732,5.410180738723678,-1.4551737659008674,-1.3122561819090306
Kprime,-0.0726,5.424536992918107,-1.4546394485294987,-1.311658111240085
Kprime,-0.07200000000000001,5.438893247112535,-1.4541051311581303,-1.3110600405711392
Kprime,-0.07139999999999999,5.453249501306965,-1.453570813786762,-1.3104619699021933
Kprime,-0.0708,5.467605755501394,-1.4530364964153937,-1.3098638992332479
Kprime,-0.0702,5.481962009695822,-1.4525021790440251,-1.3092658285643022
Kprime,-0.0696,5.496318263890252,-1.4519678616726566,-1.3086677578953565
Kprime,-0.069,5.510674518084681,-1.4514335443012882,-1.3080696872264108
Kprime,-0.0684,5.525030772279109,-1.45089922692992,-1.3074716165574651
Kprime,-0.0678,5.5393870264735385,-1.4503649095585514,-1.3068735458885192
Kprime,-0.06720000000000001,5.553743280667968,-1.449830592187183,-1.3062754752195738
Kprime,-0.06659999999999999,5.568099534862398,-1.4492962748158145,-1.305677404550628
Kprime,-0.066,5.582455789056826,-1.4487619574444461,-1.3050793338816824
Kprime,-0.0654,5.596812043251255,-1.4482276400730778,-1.3044812632127367
Kprime,-0.0648,5.611168297445683,-1.4476933227017093,-1.303883192543791
Kprime,-0.06420000000000001,5.625524551640113,-1.447159005330341,-1.3032851218748454
Kprime,-0.0636,5.639880805834542,-1.4466246879589724,-1.3026870512058997
Kprime,-0.063,5.654237060028971,-1.446090370587604,-1.3020889805369538
Kprime,-0.0624,5.6685933142234,-1.4455560532162357,-1.3014909098680083
Kprime,-0.0618,5.682949568417829,-1.4450217358448674,-1.3008928391990626
Kprime,-0.0612,5.6973058226122575,-1.4444874184734986,-1.300294768530117
Kprime,-0.0606,5.711662076806688,-1.4439531011021303,-1.2996966978611713
Kprime,-0.06,5.726018331001116,-1.443418783730762,-1.2990986271922256
Kprime,-0.0594,5.736160170375418,-1.4430958016256057,-1.298734180079939
Kprime,-0.0588,5.7463020097497175,-1.4427728195204494,-1.298369732967653
Kprime,-0.0582,5.756443849124019,-1.4424498374152934,-1.2980052858553663
Kprime,-0.0576,5.766585688498319,-1.4421268553101372,-1.2976408387430798
Kprime,-0.056999999999999995,5.7767275278726204,-1.441803873204981,-1.2972763916307934
Kprime,-0.056400000000000006,5.786869367246921,-1.4414808910998247,-1.296911944518507
Kprime,-0.0558,5.797011206621222,-1.4411579089946684,-1.2965474974062208
Kprime,-0.0552,5.807153045995523,-1.4408349268895122,-1.2961830502939342
Kprime,-0.054599999999999996,5.817294885369824,-1.440511944784356,-1.2958186031816479
Kprime,-0.054000000000000006,5.827436724744125,-1.4401889626791997,-1.2954541560693615
Kprime,-0.0534,5.837578564118426,-1.4398659805740435,-1.295089708957075
Kprime,-0.0528,5.847720403492726,-1.4395429984688872,-1.2947252618447886
Kprime,-0.052199999999999996,5.857862242867028,-1.4392200163637312,-1.294360814732502
Kprime,-0.05160000000000001,5.868004082241328,-1.438897034258575,-1.2939963676202157
Kprime,-0.051000000000000004,5.878145921615629,-1.4385740521534187,-1.2936319205079294
Kprime,-0.0504,5.888287760989931,-1.4382510700482625,-1.2932674733956429
Kprime,-0.0498,5.898429600364231,-1.4379280879431062,-1.2929030262833565
Kprime,-0.04920000000000001,5.908571439738532,-1.43760510583795,-1.2925385791710702
Kprime,-0.048600000000000004,5.918713279112833,-1.437282123732794,-1.2921741320587836
Kprime,-0.048,5.928855118487133,-1.4369591416276375,-1.2918096849464973
Kprime,-0.0474,5.938996957861434,-1.4366361595224815,-1.291445237834211
Kprime,-0.04680000000000001,5.949138797235735,-1.4363131774173252,-1.2910807907219244
Kprime,-0.046200000000000005,5.959280636610037,-1.435990195312169,-1.290716343609638
Kprime,-0.0456,5.969422475984338,-1.4356672132070127,-1.2903518964973515
Kprime,-0.045,5.979564315358639,-1.4353442311018565,-1.2899874493850652
Kprime,-0.04440000000000001,5.989706154732939,-1.4350212489967002,-1.2896230022727788
Kprime,-0.043800000000000006,5.99984799410724,-1.434698266891544,-1.2892585551604923
Kprime,-0.0432,6.009989833481541,-1.4343752847863878,-1.288894108048206
Kprime,-0.0426,6.020131672855841,-1.4340523026812315,-1.2885296609359194
Kprime,-0.041999999999999996,6.030273512230142,-1.4337293205760755,-1.288165213823633
Kprime,-0.041400000000000006,6.040415351604443,-1.433406338470919,-1.2878007667113467
Kprime,-0.0408,6.050557190978744,-1.433083356365763,-1.2874363195990604
Kprime,-0.0402,6.060699030353045,-1.4327603742606068,-1.2870718724867738
Kprime,-0.039599999999999996,6.070840869727347,-1.4324373921554505,-1.2867074253744875
Kprime,-0.03900000000000001,6.080982709101647,-1.4321144100502945,-1.286342978262201
Kprime,-0.038400000000000004,6.091124548475948,-1.431791427945138,-1.2859785311499146
Kprime,-0.0378,6.101266387850249,-1.4314684458399818,-1.2856140840376282
Kprime,-0.0372,6.11140822722455,-1.4311454637348258,-1.2852496369253417
Kprime,-0.03660000000000001,6.12155006659885,-1.4308224816296695,-1.2848851898130553
Kprime,-0.036000000000000004,6.131691905973152,-1.4304994995245133,-1.284520742700769
Kprime,-0.0354,6.141833745347451,-1.430176517419357,-1.2841562955884824
Kprime,-0.0348,6.151975584721753,-1.4298535353142008,-1.283791848476196
Kprime,-0.03420000000000001,6.162117424096055,-1.4295305532090448,-1.2834274013639098
Kprime,-0.033600000000000005,6.172259263470354,-1.4292075711038885,-1.2830629542516232
Kprime,-0.033,6.182401102844656,-1.428884588998732,-1.2826985071393366
Kprime,-0.0324,6.1925429422189575,-1.4285616068935758,-1.2823340600270505
Kprime,-0.03180000000000001,6.202684781593257,-1.4282386247884196,-1.281969612914764
Kprime,-0.031200000000000006,6.212826620967559,-1.4279156426832635,-1.2816051658024774
Kprime,-0.030600000000000002,6.222968460341859,-1.4275926605781073,-1.2812407186901913
Kprime,-0.03,6.23311029971616,-1.427269678472951,-1.2808762715779047
Kprime,-0.02940000000000001,6.2367448225943924,-1.4271639568386958,-1.2807562238608816
Kprime,-0.028800000000000006,6.2403793454726255,-1.4270582352044405,-1.2806361761438585
Kprime,-0.028200000000000003,6.244013868350859,-1.426952513570185,-1.2805161284268354
Kprime,-0.0276,6.247648391229092,-1.4268467919359298,-1.2803960807098123
Kprime,-0.02700000000000001,6.251282914107324,-1.4267410703016745,-1.280276032992789
Kprime,-0.026400000000000007,6.254917436985556,-1.426635348667419,-1.280155985275766
Kprime,-0.025800000000000003,6.258551959863789,-1.4265296270331638,-1.2800359375587427
Kprime,-0.0252,6.262186482742022,-1.4264239053989087,-1.2799158898417193
Kprime,-0.02460000000000001,6.265821005620254,-1.4263181837646535,-1.2797958421246962
Kprime,-0.024000000000000007,6.269455528498487,-1.426212462130398,-1.279675794407673
Kprime,-0.023400000000000004,6.27309005137672,-1.4261067404961427,-1.27955574669065
Kprime,-0.0228,6.276724574254953,-1.4260010188618875,-1.2794356989736269
Kprime,-0.022199999999999998,6.280359097133186,-1.425895297227632,-1.2793156512566037
Kprime,-0.021600000000000008,6.283993620011418,-1.4257895755933767,-1.2791956035395806
Kprime,-0.021000000000000005,6.287628142889651,-1.4256838539591214,-1.2790755558225575
Kprime,-0.0204,6.291262665767883,-1.425578132324866,-1.2789555081055342
Kprime,-0.019799999999999998,6.294897188646116,-1.425472410690611,-1.278835460388511
Kprime,-0.01920000000000001,6.298531711524349,-1.4253666890563554,-1.278715412671488
Kprime,-0.018600000000000005,6.3021662344025815,-1.4252609674221002,-1.2785953649544648
Kprime,-0.018000000000000002,6.305800757280814,-1.425155245787845,-1.2784753172374415
Kprime,-0.0174,6.309435280159047,-1.4250495241535894,-1.2783552695204186
Kprime,-0.01680000000000001,6.31306980303728,-1.4249438025193344,-1.2782352218033952
Kprime,-0.016200000000000006,6.316704325915512,-1.424838080885079,-1.278115174086372
Kprime,-0.015600000000000003,6.320338848793745,-1.4247323592508239,-1.277995126369349
Kprime,-0.015,6.323973371671977,-1.4246266376165684,-1.2778750786523259
Kprime,-0.01440000000000001,6.32760789455021,-1.4245209159823131,-1.2777550309353027
Kprime,-0.013800000000000007,6.331242417428443,-1.4244151943480579,-1.2776349832182796
Kprime,-0.013200000000000003,6.334876940306676,-1.4243094727138024,-1.2775149355012565
Kprime,-0.0126,6.338511463184909,-1.4242037510795473,-1.2773948877842332
Kprime,-0.01200000000000001,6.342145986063141,-1.4240980294452918,-1.2772748400672103
Kprime,-0.011400000000000007,6.345780508941374,-1.4239923078110366,-1.277154792350187
Kprime,-0.010800000000000004,6.349415031819606,-1.4238865861767813,-1.2770347446331638
Kprime,-0.0102,6.35304955469784,-1.4237808645425258,-1.2769146969161407
Kprime,-0.009600000000000011,6.356684077576072,-1.4236751429082706,-1.2767946491991173
Kprime,-0.009000000000000008,6.360318600454304,-1.4235694212740153,-1.2766746014820944
Kprime,-0.008400000000000005,6.3639531233325375,-1.42346369963976,-1.276554553765071
Kprime,-0.007800000000000001,6.36758764621077,-1.4233579780055048,-1.276434506048048
Kprime,-0.007200000000000012,6.371222169089004,-1.4232522563712493,-1.2763144583310249
Kprime,-0.006600000000000009,6.374856691967236,-1.423146534736994,-1.2761944106140017
Kprime,-0.006000000000000005,6.378491214845468,-1.4230408131027388,-1.2760743628969786
Kprime,-0.005400000000000002,6.382125737723701,-1.4229350914684835,-1.2759543151799553
Kprime,-0.004799999999999999,6.385760260601933,-1.422829369834228,-1.2758342674629324
Kprime,-0.004200000000000009,6.389394783480166,-1.4227236481999728,-1.275714219745909
Kprime,-0.003600000000000006,6.393029306358399,-1.4226179265657177,-1.275594172028886
Kprime,-0.0030000000000000027,6.396663829236632,-1.4225122049314622,-1.2754741243118628
Kprime,-0.0023999999999999994,6.400298352114865,-1.422406483297207,-1.2753540765948395
Kprime,-0.00180000000000001,6.403932874993097,-1.4223007616629517,-1.2752340288778166
Kprime,-0.0012000000000000066,6.40756739787133,-1.4221950400286965,-1.2751139811607934
Kprime,-0.0006000000000000033,6.411201920749563,-1.422089318394441,-1.27499393344377
Kprime,0.0,6.414836443627795,-1.4219835967601857,-1.274873885726747
Kprime,0.0005999999999999894,6.411327565193062,-1.4220832125444898,-1.274987410138871
Kprime,0.0011999999999999927,6.407818686758329,-1.422182828328794,-1.2751009345509952
Kprime,0.001799999999999996,6.404309808323596,-1.4222824441130981,-1.2752144589631191
Kprime,0.0023999999999999994,6.400800929888862,-1.4223820598974022,-1.2753279833752433
Kprime,0.002999999999999989,6.397292051454129,-1.4224816756817062,-1.2754415077873675
Kprime,0.003599999999999992,6.393783173019397,-1.4225812914660105,-1.2755550321994915
Kprime,0.004199999999999995,6.390274294584664,-1.4226809072503146,-1.2756685566116155
Kprime,0.004799999999999999,6.38676541614993,-1.4227805230346187,-1.2757820810237397
Kprime,0.005399999999999988,6.383256537715197,-1.4228801388189227,-1.2758956054358637
Kprime,0.006000000000000005,6.379747659280464,-1.422979754603227,-1.2760091298479876
Kprime,0.006599999999999995,6.376238780845731,-1.423079370387531,-1.2761226542601118
Kprime,0.007199999999999984,6.372729902410998,-1.4231789861718351,-1.2762361786722358
Kprime,0.007800000000000001,6.369221023976264,-1.4232786019561394,-1.2763497030843598
Kprime,0.00839999999999999,6.365712145541531,-1.4233782177404435,-1.276463227496484
Kprime,0.00899999999999998,6.362203267106798,-1.4234778335247475,-1.2765767519086082
Kprime,0.009599999999999997,6.358694388672066,-1.4235774493090516,-1.2766902763207322
Kprime,0.010199999999999987,6.355185510237332,-1.4236770650933557,-1.2768038007328562
Kprime,0.010800000000000004,6.351676631802599,-1.42377668087766,-1.2769173251449804
Kprime,0.011399999999999993,6.348167753367866,-1.4238762966619642,-1.2770308495571043
Kprime,0.011999999999999983,6.344658874933133,-1.4239759124462683,-1.2771443739692285
Kprime,0.0126,6.3411499964984,-1.4240755282305724,-1.2772578983813525
Kprime,0.01319999999999999,6.337641118063667,-1.4241751440148764,-1.2773714227934767
Kprime,0.013799999999999979,6.334132239628934,-1.4242747597991805,-1.2774849472056007
Kprime,0.014399999999999996,6.330623361194201,-1.4243743755834846,-1.2775984716177247
Kprime,0.014999999999999986,6.327114482759468,-1.4244739913677888,-1.2777119960298489
Kprime,0.015600000000000003,6.323605604324734,-1.4245736071520931,-1.277825520441973
Kprime,0.016199999999999992,6.320096725890001,-1.4246732229363972,-1.2779390448540968
Kprime,0.01679999999999998,6.316587847455268,-1.4247728387207013,-1.278052569266221
Kprime,0.0174,6.313078969020535,-1.4248724545050053,-1.2781660936783452
Kprime,0.017999999999999988,6.309570090585802,-1.4249720702893094,-1.2782796180904692
Kprime,0.018600000000000005,6.306061212151069,-1.4250716860736135,-1.2783931425025932
Kprime,0.019199999999999995,6.302552333716335,-1.4251713018579177,-1.2785066669147174
Kprime,0.019799999999999984,6.299043455281602,-1.4252709176422218,-1.2786201913268416
Kprime,0.0204,6.295534576846869,-1.425370533426526,-1.2787337157389655
Kprime,0.02099999999999999,6.292025698412136,-1.4254701492108302,-1.2788472401510895
Kprime,0.02159999999999998,6.288516819977404,-1.4255697649951342,-1.2789607645632137
Kprime,0.022199999999999998,6.28500794154267,-1.4256693807794383,-1.2790742889753377
Kprime,0.022799999999999987,6.281499063107937,-1.4257689965637423,-1.279187813387462
Kprime,0.023400000000000004,6.277990184673204,-1.4258686123480466,-1.2793013377995859
Kprime,0.023999999999999994,6.274481306238471,-1.4259682281323507,-1.27941486221171
Kprime,0.024599999999999983,6.270972427803738,-1.4260678439166548,-1.279528386623834
Kprime,0.0252,6.267463549369005,-1.426167459700959,-1.279641911035958
Kprime,0.02579999999999999,6.263954670934272,-1.426267075485263,-1.2797554354480822
Kprime,0.02639999999999998,6.260445792499539,-1.4263666912695672,-1.2798689598602062
Kprime,0.026999999999999996,6.256936914064805,-1.4264663070538712,-1.2799824842723302
Kprime,0.027599999999999986,6.253428035630073,-1.4265659228381755,-1.2800960086844546
Kprime,0.028200000000000003,6.249919157195339,-1.4266655386224796,-1.2802095330965786
Kprime,0.028799999999999992,6.246410278760606,-1.4267651544067836,-1.2803230575087026
Kprime,0.02939999999999998,6.242901400325873,-1.426864770191088,-1.2804365819208268
Kprime,0.03,6.23939252189114,-1.426964385975392,-1.2805501063329507
Kprime,0.03059999999999999,6.2299975652203825,-1.4272441009482755,-1.2808688363074296
Kprime,0.031199999999999978,6.220602608549625,-1.4275238159211592,-1.2811875662819083
Kprime,0.031799999999999995,6.211207651878868,-1.4278035308940427,-1.2815062962563872
Kprime,0.032399999999999984,6.201812695208111,-1.4280832458669264,-1.2818250262308661
Kprime,0.033,6.192417738537353,-1.4283629608398098,-1.2821437562053446
Kprime,0.03359999999999999,6.183022781866596,-1.4286426758126933,-1.2824624861798235
Kprime,0.03419999999999998,6.1736278251958385,-1.428922390785577,-1.2827812161543024
Kprime,0.0348,6.164232868525081,-1.4292021057584605,-1.283099946128781
Kprime,0.03539999999999999,6.154837911854324,-1.429481820731344,-1.28341867610326
Kprime,0.036000000000000004,6.145442955183567,-1.4297615357042277,-1.283737406077739
Kprime,0.036599999999999994,6.13604799851281,-1.4300412506771112,-1.2840561360522176
Kprime,0.03719999999999998,6.126653041842053,-1.4303209656499947,-1.2843748660266963
Kprime,0.0378,6.117258085171295,-1.4306006806228784,-1.2846935960011752
Kprime,0.03839999999999999,6.107863128500538,-1.4308803955957619,-1.285012325975654
Kprime,0.03899999999999998,6.098468171829781,-1.4311601105686453,-1.2853310559501328
Kprime,0.039599999999999996,6.089073215159023,-1.431439825541529,-1.2856497859246117
Kprime,0.040199999999999986,6.079678258488267,-1.4317195405144125,-1.2859685158990906
Kprime,0.0408,6.0702833018175095,-1.431999255487296,-1.2862872458735692
Kprime,0.04139999999999999,6.060888345146752,-1.4322789704601797,-1.286605975848048
Kprime,0.04199999999999998,6.051493388475995,-1.4325586854330634,-1.2869247058225268
Kprime,0.0426,6.042098431805238,-1.432838400405947,-1.2872434357970057
Kprime,0.04319999999999999,6.032703475134481,-1.4331181153788304,-1.2875621657714844
Kprime,0.04379999999999998,6.023308518463724,-1.4333978303517139,-1.2878808957459633
Kprime,0.044399999999999995,6.0139135617929655,-1.4336775453245976,-1.288199625720442
Kprime,0.044999999999999984,6.004518605122208,-1.4339572602974808,-1.288518355694921
Kprime,0.0456,5.995123648451451,-1.4342369752703645,-1.2888370856693998
Kprime,0.04619999999999999,5.985728691780694,-1.4345166902432482,-1.2891558156438787
Kprime,0.04679999999999998,5.976333735109937,-1.4347964052161317,-1.2894745456183574
Kprime,0.0474,5.966938778439179,-1.4350761201890152,-1.289793275592836
Kprime,0.04799999999999999,5.957543821768422,-1.435355835161899,-1.290112005567315
Kprime,0.04859999999999998,5.948148865097665,-1.4356355501347824,-1.2904307355417939
Kprime,0.049199999999999994,5.938753908426907,-1.435915265107666,-1.2907494655162726
Kprime,0.04979999999999998,5.929358951756151,-1.4361949800805496,-1.2910681954907515
Kprime,0.0504,5.919963995085394,-1.436474695053433,-1.2913869254652302
Kprime,0.05099999999999999,5.9105690384146365,-1.4367544100263168,-1.291705655439709
Kprime,0.05159999999999998,5.9011740817438785,-1.4370341249992002,-1.2920243854141877
Kprime,0.052199999999999996,5.891779125073121,-1.4373138399720837,-1.2923431153886664
Kprime,0.052799999999999986,5.882384168402364,-1.4375935549449674,-1.2926618453631455
Kprime,0.0534,5.872989211731607,-1.437873269917851,-1.2929805753376242
Kprime,0.05399999999999999,5.86359425506085,-1.4381529848907344,-1.293299305312103
Kprime,0.05459999999999998,5.854199298390093,-1.438432699863618,-1.2936180352865818
Kprime,0.0552,5.844804341719335,-1.4387124148365016,-1.2939367652610607
Kprime,0.05579999999999999,5.835409385048578,-1.4389921298093853,-1.2942554952355394
Kprime,0.05639999999999998,5.826014428377821,-1.4392718447822688,-1.2945742252100183
Kprime,0.056999999999999995,5.816619471707064,-1.4395515597551523,-1.294892955184497
Kprime,0.057599999999999985,5.807224515036306,-1.439831274728036,-1.295211685158976
Kprime,0.0582,5.797829558365549,-1.4401109897009194,-1.2955304151334546
Kprime,0.05879999999999999,5.788434601694791,-1.440390704673803,-1.2958491451079335
Kprime,0.05939999999999998,5.779039645024034,-1.4406704196466866,-1.2961678750824122
Kprime,0.06,5.769644688353277,-1.4409501346195701,-1.296486605056891
Kprime,0.06059999999999999,5.756745583861405,-1.441374053243887,-1.2969687618737038
Kprime,0.06119999999999998,5.743846479369532,-1.441797971868204,-1.2974509186905168
Kprime,0.061799999999999994,5.730947374877659,-1.4422218904925208,-1.2979330755073295
Kprime,0.06239999999999998,5.718048270385786,-1.4426458091168377,-1.298415232324142
Kprime,0.063,5.705149165893912,-1.4430697277411546,-1.298897389140955
Kprime,0.06359999999999999,5.69225006140204,-1.4434936463654715,-1.299379545957768
Kprime,0.06419999999999998,5.6793509569101674,-1.4439175649897882,-1.2998617027745805
Kprime,0.0648,5.6664518524182945,-1.4443414836141053,-1.3003438595913934
Kprime,0.06539999999999999,5.6535527479264225,-1.4447654022384222,-1.3008260164082062
Kprime,0.06599999999999998,5.64065364343455,-1.445189320862739,-1.301308173225019
Kprime,0.06659999999999999,5.627754538942677,-1.445613239487056,-1.3017903300418319
Kprime,0.06719999999999998,5.614855434450804,-1.446037158111373,-1.3022724868586446
Kprime,0.0678,5.601956329958931,-1.4464610767356896,-1.3027546436754573
Kprime,0.06839999999999999,5.589057225467059,-1.4468849953600067,-1.30323680049227
Kprime,0.06899999999999998,5.576158120975185,-1.4473089139843234,-1.303718957309083
Kprime,0.0696,5.563259016483312,-1.4477328326086405,-1.3042011141258958
Kprime,0.07019999999999998,5.550359911991439,-1.4481567512329574,-1.3046832709427085
Kprime,0.07079999999999997,5.537460807499567,-1.4485806698572743,-1.3051654277595213
Kprime,0.07139999999999999,5.524561703007693,-1.449004588481591,-1.305647584576334
Kprime,0.07199999999999998,5.511662598515821,-1.449428507105908,-1.3061297413931467
Kprime,0.0726,5.498763494023947,-1.4498524257302248,-1.3066118982099597
Kprime,0.07319999999999999,5.485864389532075,-1.450276344354542,-1.3070940550267725
Kprime,0.07379999999999998,5.472965285040203,-1.4507002629788586,-1.3075762118435854
Kprime,0.0744,5.4600661805483295,-1.4511241816031755,-1.3080583686603982
Kprime,0.07499999999999998,5.4471670760564574,-1.4515481002274924,-1.308540525477211
Kprime,0.0756,5.434267971564584,-1.4519720188518095,-1.3090226822940236
Kprime,0.07619999999999999,5.421368867072711,-1.4523959374761262,-1.3095048391108364
Kprime,0.07679999999999998,5.408469762580839,-1.4528198561004433,-1.3099869959276491
Kprime,0.0774,5.395570658088966,-1.45324377472476,-1.310469152744462
Kprime,0.07799999999999999,5.382671553597093,-1.453667693349077,-1.3109513095612748
Kprime,0.07859999999999998,5.36977244910522,-1.4540916119733938,-1.3114334663780878
Kprime,0.07919999999999999,5.356873344613348,-1.4545155305977109,-1.3119156231949005
Kprime,0.07979999999999998,5.343974240121475,-1.4549394492220276,-1.3123977800117133
Kprime,0.0804,5.331075135629601,-1.4553633678463445,-1.312879936828526
Kprime,0.08099999999999999,5.318176031137728,-1.4557872864706614,-1.3133620936453387
Kprime,0.08159999999999998,5.305276926645856,-1.4562112050949783,-1.3138442504621515
Kprime,0.0822,5.292377822153982,-1.4566351237192954,-1.3143264072789644
Kprime,0.08279999999999998,5.27947871766211,-1.457059042343612,-1.3148085640957772
Kprime,0.08339999999999997,5.266579613170237,-1.457482960967929,-1.3152907209125901
Kprime,0.08399999999999999,5.2536805086783644,-1.457906879592246,-1.3157728777294029
Kprime,0.08459999999999998,5.2407814041864915,-1.4583307982165628,-1.3162550345462156
Kprime,0.0852,5.227882299694619,-1.4587547168408797,-1.3167371913630284
Kprime,0.08579999999999999,5.214983195202747,-1.4591786354651965,-1.317219348179841
Kprime,0.08639999999999998,5.202084090710874,-1.4596025540895134,-1.3177015049966538
Kprime,0.087,5.189184986219001,-1.4600264727138303,-1.3181836618134666
Kprime,0.08759999999999998,5.176285881727128,-1.4604503913381472,-1.3186658186302795
Kprime,0.08819999999999997,5.163386777235255,-1.4608743099624641,-1.3191479754470923
Kprime,0.08879999999999999,5.150487672743382,-1.461298228586781,-1.319630132263905
Kprime,0.08939999999999998,5.137588568251509,-1.461722147211098,-1.320112289080718
Kprime,0.09,5.124689463759636,-1.4621460658354148,-1.3205944458975307
Kprime,0.09059999999999999,5.110693162094365,-1.462673710452585,-1.3211928017409655
Kprime,0.09119999999999998,5.096696860429096,-1.4632013550697553,-1.3217911575844004
Kprime,0.09179999999999999,5.0827005587638245,-1.4637289996869256,-1.3223895134278352
Kprime,0.09239999999999998,5.068704257098554,-1.464256644304096,-1.3229878692712702
Kprime,0.093,5.054707955433283,-1.464784288921266,-1.3235862251147048
Kprime,0.09359999999999999,5.040711653768012,-1.4653119335384366,-1.3241845809581396
Kprime,0.09419999999999998,5.026715352102743,-1.4658395781556068,-1.3247829368015747
Kprime,0.0948,5.012719050437471,-1.466367222772777,-1.3253812926450095
Kprime,0.09539999999999998,4.998722748772201,-1.4668948673899473,-1.3259796484884443
Kprime,0.09599999999999997,4.98472644710693,-1.4674225120071176,-1.3265780043318791
Kprime,0.09659999999999999,4.970730145441659,-1.4679501566242878,-1.327176360175314
Kprime,0.09719999999999998,4.956733843776389,-1.468477801241458,-1.3277747160187487
Kprime,0.0978,4.942737542111118,-1.4690054458586286,-1.3283730718621838
Kprime,0.09839999999999999,4.928741240445849,-1.4695330904757986,-1.3289714277056186
Kprime,0.09899999999999998,4.9147449387805775,-1.470060735092969,-1.3295697835490534
Kprime,0.0996,4.900748637115306,-1.4705883797101391,-1.3301681393924882
Kprime,0.10019999999999998,4.886752335450036,-1.4711160243273094,-1.330766495235923
Kprime,0.10079999999999997,4.872756033784766,-1.4716436689444798,-1.3313648510793579
Kprime,0.10139999999999999,4.858759732119495,-1.47217131356165,-1.3319632069227927
Kprime,0.10199999999999998,4.844763430454224,-1.4726989581788203,-1.3325615627662275
Kprime,0.1026,4.8307671287889535,-1.4732266027959906,-1.3331599186096623
Kprime,0.10319999999999999,4.816770827123683,-1.4737542474131609,-1.3337582744530971
Kprime,0.10379999999999998,4.802774525458412,-1.474281892030331,-1.334356630296532
Kprime,0.10439999999999999,4.788778223793141,-1.4748095366475016,-1.334954986139967
Kprime,0.10499999999999998,4.774781922127872,-1.4753371812646718,-1.3355533419834018
Kprime,0.10559999999999997,4.760785620462601,-1.475864825881842,-1.3361516978268366
Kprime,0.10619999999999999,4.74678931879733,-1.4763924704990123,-1.3367500536702714
Kprime,0.10679999999999998,4.732793017132059,-1.4769201151161826,-1.3373484095137065
Kprime,0.1074,4.718796715466788,-1.4774477597333529,-1.3379467653571413
Kprime,0.10799999999999998,4.704800413801518,-1.477975404350523,-1.3385451212005761
Kprime,0.10859999999999997,4.690804112136248,-1.4785030489676934,-1.339143477044011
Kprime,0.10919999999999999,4.676807810470977,-1.4790306935848636,-1.3397418328874457
Kprime,0.10979999999999998,4.6628115088057065,-1.4795583382020339,-1.3403401887308806
Kprime,0.1104,4.648815207140435,-1.4800859828192041,-1.3409385445743154
Kprime,0.11099999999999999,4.634818905475166,-1.4806136274363744,-1.3415369004177502
Kprime,0.11159999999999998,4.620822603809894,-1.4811412720535448,-1.342135256261185
Kprime,0.1122,4.606826302144624,-1.4816689166707149,-1.3427336121046198
Kprime,0.11279999999999998,4.592830000479353,-1.4821965612878854,-1.3433319679480547
Kprime,0.11339999999999997,4.578833698814083,-1.4827242059050556,-1.3439303237914895
Kprime,0.11399999999999999,4.564837397148812,-1.4832518505222259,-1.3445286796349245
Kprime,0.11459999999999998,4.550841095483542,-1.483779495139396,-1.345127035478359
Kprime,0.1152,4.53684479381827,-1.4843071397565664,-1.3457253913217941
Kprime,0.11579999999999999,4.522848492153,-1.4848347843737366,-1.346323747165229
Kprime,0.11639999999999998,4.50885219048773,-1.4853624289909069,-1.3469221030086638
Kprime,0.11699999999999999,4.4948558888224595,-1.4858900736080773,-1.3475204588520988
Kprime,0.11759999999999998,4.4808595871571875,-1.4864177182252474,-1.3481188146955336
Kprime,0.11819999999999997,4.466863285491918,-1.4869453628424179,-1.3487171705389684
Kprime,0.11879999999999999,4.452866983826647,-1.487473007459588,-1.3493155263824033
Kprime,0.11939999999999998,4.438870682161377,-1.4880006520767584,-1.349913882225838
Kprime,0.12,4.424874380496106,-1.4885282966939286,-1.350512238069273
