k_index,valley,delta_kx_inv_A,delta_ky_inv_A,E17_eV,E18_eV,E19_eV,min_gap18_eV,omega_z_A2
1,K,-0.12,-0.12,-1.5767150318996688,-1.4465120350249303,0.5614671717678543,0.13020299687473846,-3.1004661509119797
2,K,-0.12,-0.09,-1.540207288551212,-1.4069299384682679,0.5293987997704943,0.13327735008294406,-3.5671995285300446
3,K,-0.12,-0.06,-1.5122040432834356,-1.376420289020622,0.5042531880607198,0.13578375426281353,-3.999315311835403
4,K,-0.12,-0.03,-1.4945620325547846,-1.3571243397729758,0.4881774218607702,0.13743769278180884,-4.310738215327229
5,K,-0.12,0.0,-1.488528302763544,-1.3505122319865182,0.48264843539853236,0.13801607077702593,-4.424779267218601
6,K,-0.12,0.03,-1.4945625641151827,-1.3571249003500534,0.48817779179416654,0.13743766376512934,-4.310782292441699
7,K,-0.12,0.06,-1.5122050532082576,-1.3764213514561128,0.5042539143894744,0.13578370175214483,-3.9993463344995948
8,K,-0.12,0.09,-1.5402087377471365,-1.4069314540035343,0.5293998113767362,0.13327728374360226,-3.5671256322849434
9,K,-0.12,0.12,-1.5767168247522196,-1.4465139022038191,0.5614684076624195,0.1302029225484005,-3.1004359781157675
10,K,-0.09,-0.12,-1.549607346993295,-1.4167001369350194,0.5327368361676283,0.13290721005827555,-3.4929461499425862
11,K,-0.09,-0.09,-1.5134197982650361,-1.3771225721045197,0.49865276651313856,0.13629722616051643,-4.066226662658902
12,K,-0.09,-0.06,-1.4856497807409967,-1.3465771787899952,0.4720577693255821,0.13907260195100157,-4.598449574573032
13,K,-0.09,-0.03,-1.4681360195869448,-1.3272279341278792,0.45511775055316983,0.14090808545906564,-4.983332389726728
14,K,-0.09,0.0,-1.4621460717700057,-1.3205944399692822,0.4492887022258344,0.1415516318007235,-5.12461767131749
15,K,-0.09,0.03,-1.4681365317721484,-1.3272284806313306,0.4551181802504024,0.14090805114081784,-4.983278857540112
16,K,-0.09,0.06,-1.485650792075182,-1.3465782504733932,0.4720585569603679,0.13907254160178883,-4.598555440659374
17,K,-0.09,0.09,-1.513421249426992,-1.3771241002426813,0.4986538771010572,0.1362971491843108,-4.066187043208215
18,K,-0.09,0.12,-1.549609133714321,-1.4167020093863059,0.5327381895859089,0.1329071243280151,-3.4929079996248356
19,K,-0.06,-0.12,-1.526202280430597,-1.3910192320368724,0.5095599502208117,0.13518304839372464,-3.864569268898672
20,K,-0.06,-0.09,-1.490917786180193,-1.3521016368150498,0.47422005498994624,0.1388161493651432,-4.533449681491405
21,K,-0.06,-0.06,-1.463854022901015,-1.3220573472522033,0.4467582874353668,0.14179667564881182,-5.154736625411024
22,K,-0.06,-0.03,-1.4467865744465158,-1.3030159493291869,0.42931022978353445,0.14377062511732897,-5.604351132569565
23,K,-0.06,0.0,-1.4409501402617906,-1.296486599442211,0.42331490384031656,0.14446354081957957,-5.769662185038802
24,K,-0.06,0.03,-1.446787078211146,-1.3030164922138483,0.42931067710618387,0.14377058599729775,-5.604325714745251
25,K,-0.06,0.06,-1.4638550147647948,-1.3220584083927465,0.446759135026352,0.14179660637204838,-5.154730342916503
26,K,-0.06,0.09,-1.490919185313587,-1.3521031230264522,0.4742212515775655,0.13881606228713483,-4.533435537321328
27,K,-0.06,0.12,-1.5262040316848342,-1.3910210785173018,0.5095613926777459,0.13518295316753237,-3.8645795565058867
28,K,-0.03,-0.12,-1.508276517354849,-1.371462397010113,0.4935969448512759,0.13681412034473595,-4.160354774654793
29,K,-0.03,-0.09,-1.4745831902915034,-1.3340075315077942,0.4578561777955719,0.14057565878370926,-4.8929917646467445
30,K,-0.03,-0.06,-1.448773540134471,-1.3051159945802664,0.43020199864866476,0.14365754555420462,-5.570670710728865
31,K,-0.03,-0.03,-1.4325139492841856,-1.28681641924548,0.4119965978139692,0.14569753003870556,-6.059856787891716
32,K,-0.03,0.0,-1.4269643913858965,-1.280550101084264,0.40523499025123466,0.14641429030163255,-6.239390734522012
33,K,-0.03,0.03,-1.4325144347650691,-1.286816946144338,0.4119970952498835,0.14569748862073117,-6.05979803804888
34,K,-0.03,0.06,-1.4487744701202958,-1.3051170002299033,0.43020287933764056,0.14365746989039252,-5.570674407768385
35,K,-0.03,0.09,-1.4745845357823826,-1.3340089721860267,0.4578574237265293,0.14057556359635592,-4.892967418561606
36,K,-0.03,0.12,-1.5082782035247313,-1.3714641854334633,0.4935984533498788,0.13681401809126803,-4.160312573441206
37,K,0.0,-0.12,-1.4974994300063118,-1.3599004796193164,0.48626164301331426,0.13759895038699543,-4.320713029186504
38,K,0.0,-0.09,-1.4661523321386047,-1.3248107006484142,0.4510136181994509,0.14134163149019052,-5.065692941924478
39,K,0.0,-0.06,-1.4421894875672352,-1.2977972613268063,0.423879521750565,0.1443922262404289,-5.747721031664712
40,K,0.0,-0.03,-1.427113832603252,-1.280710335832142,0.40530824409820393,0.14640349677110986,-6.236287304069154
41,K,0.0,0.0,-1.4219836018486975,-1.2748738807284172,0.3986764826392859,0.1471097211202803,-6.4148231737905546
42,K,0.0,0.03,-1.4271142655682987,-1.2807108111327867,0.40530875854931775,0.14640345443551195,-6.236217766959783
43,K,0.0,0.06,-1.4421903627046384,-1.2977982127463266,0.4238804112568338,0.14439214995831184,-5.747717217255499
44,K,0.0,0.09,-1.4661536013060716,-1.3248120670442083,0.4510148796068914,0.14134153426186336,-5.065719660736855
45,K,0.0,0.12,-1.4975010180625639,-1.3599021739058152,0.48626317694365173,0.1375988441567486,-4.320727060303571
46,K,0.03,-0.12,-1.4952584418926842,-1.3578525804113841,0.48845445407180293,0.13740586148130007,-4.302812767029497
47,K,0.03,-0.09,-1.466960676234231,-1.3259912610344242,0.4546096787568327,0.14096941519980688,-5.000144458847115
48,K,0.03,-0.06,-1.4454036211268244,-1.3015548375690336,0.42868528063595956,0.14384878355779085,-5.627989092828886
49,K,0.03,-0.03,-1.4318873104495644,-1.286151414616958,0.4117008884408849,0.1457358958326065,-6.071974459793064
50,K,0.03,0.0,-1.4272696831996696,-1.2808762669930012,0.4053856850580952,0.14639341620666846,-6.233115419625289
51,K,0.03,0.03,-1.4318876982758377,-1.286151843061878,0.4117013912939971,0.14573585521395982,-6.071879055563044
52,K,0.03,0.06,-1.445404420854128,-1.3015557101699862,0.42868615767583473,0.14384871068414173,-5.6279311451596685
53,K,0.03,0.09,-1.4669618397331745,-1.3259925184097638,0.45461092858727925,0.14096932132341067,-5.000090740635158
54,K,0.03,0.12,-1.4952599123271693,-1.3578541516013254,0.48845599688453517,0.13740576072584387,-4.3027889521671625
55,K,0.06,-0.12,-1.502402351750561,-1.366191544239853,0.5004462480027656,0.13621080751070802,-4.099950372720727
56,K,0.06,-0.09,-1.4777603512611854,-1.3383016374574233,0.4687884759118654,0.13945871380376218,-4.699262237413143
57,K,0.06,-0.06,-1.4590776553409646,-1.3170254334516152,0.44468530064991985,0.1420522218893494,-5.227009419815308
58,K,0.06,-0.03,-1.447398409939654,-1.3036625725623128,0.4295829702024677,0.1437358373773412,-5.594056451134538
59,K,0.06,0.0,-1.4434187881547866,-1.2990986229896593,0.42444281795964367,0.14432016516512736,-5.726024008439138
60,K,0.06,0.03,-1.4473987699284416,-1.3036629680576644,0.4295834037647251,0.14373580187077728,-5.5939824451019415
61,K,0.06,0.06,-1.459078364262424,-1.3170262081347635,0.4446861521604326,0.14205215612766064,-5.2270410329778585
62,K,0.06,0.09,-1.4777613984395412,-1.3383027663227425,0.4687896936948145,0.13945863211679876,-4.6993191406544526
63,K,0.06,0.12,-1.502403670482201,-1.3661929561213437,0.500447757367775,0.1362107143608573,-4.099898997142802
64,K,0.09,-0.12,-1.5191540993404127,-1.3850369425100226,0.5217158612514214,0.13411715683039005,-3.7477820395439054
65,K,0.09,-0.09,-1.4985823279114734,-1.3616220491431883,0.49285277876122363,0.1369602787682851,-4.2231343248998385
66,K,0.09,-0.06,-1.4830722627985535,-1.3438741302544384,0.4709983882603098,0.13919813254411517,-4.63099530904337
67,K,0.09,-0.03,-1.4734179336735314,-1.332781826285955,0.457356996692618,0.14063610738757637,-4.909160749994734
68,K,0.09,0.0,-1.470134656388934,-1.3290021566901329,0.4527207886485292,0.14113249969880104,-5.008227714230034
69,K,0.09,0.03,-1.4734182443247137,-1.332782166625477,0.457357412327981,0.14063607769923658,-4.909148524128355
70,K,0.09,0.06,-1.483072890375174,-1.3438748132431955,0.470999181950831,0.13919807713197851,-4.630956913608995
71,K,0.09,0.09,-1.4985832276092483,-1.3616230198866892,0.49285394225493645,0.13696020772255912,-4.223229491864319
72,K,0.09,0.12,-1.5191552419298873,-1.3850381676471502,0.5217173125454676,0.13411707428273711,-3.7478232696109024
73,K,0.12,-0.12,-1.5450898026137017,-1.4137617166205012,0.5509474779073327,0.13132808599320045,-3.310932371131383
74,K,0.12,-0.09,-1.528758087826589,-1.3950253456196644,0.5252594111147286,0.13373274220692455,-3.6628129374653087
75,K,0.12,-0.06,-1.5165331967603253,-1.3809357526666064,0.5059016531410456,0.13559744409371888,-3.9566125134818724
76,K,0.12,-0.03,-1.5089593556753997,-1.3721766800825468,0.49387186508189806,0.13678267559285295,-4.153067753846799
77,K,0.12,0.0,-1.5063932196654612,-1.3692035389031005,0.4897881388373203,0.1371896807623607,-4.222249629011453
78,K,0.12,0.03,-1.508959630729095,-1.3721769794532375,0.49387223372443345,0.13678265127585743,-4.153030099511379
79,K,0.12,0.06,-1.5165337142687352,-1.3809363135660981,0.5059023870400794,0.13559740070263704,-3.956591177364854
80,K,0.12,0.09,-1.5287588531434493,-1.3950261691252333,0.5252604880811076,0.13373268401821603,-3.6628195020594143
81,K,0.12,0.12,-1.5450907507150542,-1.4137627353658777,0.5509488484526089,0.13132801534917649,-3.310934306494432
82,Kprime,-0.12,-0.12,-1.5450907474921345,-1.4137627385585056,0.5509488567795282,0.13132800893362884,3.3108804974219965
83,Kprime,-0.12,-0.09,-1.5287588498262976,-1.3950261723819835,0.5252604959502448,0.13373267744431416,3.6628187991081345
84,Kprime,-0.12,-0.06,-1.5165337107402608,-1.3809363169643833,0.5059023931211417,0.13559739377587743,3.9566245569126126
85,Kprime,-0.12,-0.03,-1.5089596270101613,-1.3721769830779287,0.49387224016761744,0.1367826439322326,4.153052978741269
86,Kprime,-0.12,0.0,-1.5063932157507074,-1.3692035426460523,0.4897881449242948,0.13718967310465513,4.2222428050741145
87,Kprime,-0.12,0.03,-1.5089593515324382,-1.3721766840110408,0.4938718710133687,0.13678266752139745,4.153027547865301
88,Kprime,-0.12,0.06,-1.5165331925016814,-1.3809357565704847,0.5059016614595471,0.13559743593119666,3.956602976000938
89,Kprime,-0.12,0.09,-1.528758083532018,-1.3950253496278582,0.5252594172873752,0.13373273390415985,3.66283433177253
90,Kprime,-0.12,0.12,-1.5450897984655234,-1.4137617204855508,0.550947483692158,0.1313280779799726,3.3109011795414056
91,Kprime,-0.09,-0.12,-1.5191552380377207,-1.3850381713675755,0.5217173147091366,0.13411706667014522,3.7477264758538884
92,Kprime,-0.09,-0.09,-1.498583223718334,-1.3616230236102425,0.4928539474459357,0.13696020010809162,4.22308092022922
93,Kprime,-0.09,-0.06,-1.4830728865071596,-1.3438748171305117,0.470999187029443,0.13919806937664791,4.630945126821133
94,Kprime,-0.09,-0.03,-1.4734182403122482,-1.332782170497227,0.4573574170680442,0.1406360698150213,4.909161937076659
95,Kprime,-0.09,0.0,-1.4701346522991832,-1.3290021606395095,0.4527207942910544,0.14113249165967368,5.008205621279665
96,Kprime,-0.09,0.03,-1.473417929469964,-1.332781830338103,0.45735700099459176,0.14063609913186115,4.9091087644207025
97,Kprime,-0.09,0.06,-1.4830722585993263,-1.3438741342868772,0.47099839278836175,0.13919812431244916,4.630989317913909
98,Kprime,-0.09,0.09,-1.498582323752153,-1.3616220530035499,0.4928527839266988,0.13696027074860306,4.223185750969713
99,Kprime,-0.09,0.12,-1.519154095378913,-1.3850369462088485,0.5217158669959425,0.13411714917006456,3.747824032021783
100,Kprime,-0.06,-0.12,-1.502403665997445,-1.3661929603591991,0.5004477617874306,0.13621070563824578,4.099881997563134
101,Kprime,-0.06,-0.09,-1.4777613940464258,-1.3383027705957584,0.4687896994988975,0.1394586234506674,4.699286694617495
102,Kprime,-0.06,-0.06,-1.4590783599177326,-1.3170262124012342,0.44468615734089073,0.14205214751649842,5.226974808202349
103,Kprime,-0.06,-0.03,-1.4473987655039786,-1.3036629723460145,0.4295834083009622,0.14373579315796414,5.594010685491039
104,Kprime,-0.06,0.0,-1.443418783730762,-1.2990986271922256,0.42444282373063486,0.14432015653853636,5.726018331001116
105,Kprime,-0.06,0.03,-1.447398405502399,-1.3036625768559835,0.42958297382630495,0.14373582864641543,5.594003516708436
106,Kprime,-0.06,0.06,-1.4590776509868961,-1.317025437538251,0.4446853059239095,0.14205221344864505,5.227039550720336
107,Kprime,-0.06,0.09,-1.477760347133315,-1.338301641403982,0.4687884798057872,0.13945870572933305,4.699311506212823
108,Kprime,-0.06,0.12,-1.5024023479156872,-1.3661915478787785,0.500446253035493,0.13621080003690866,4.099898590737923
109,Kprime,-0.03,-0.12,-1.49525990730252,-1.3578541563912605,0.4884560015394922,0.1374057509112594,4.302783286278343
110,Kprime,-0.03,-0.09,-1.4669618348525733,-1.3259925231304162,0.4546109330772915,0.1409693117221571,5.000107998868232
111,Kprime,-0.03,-0.06,-1.445404415981194,-1.3015557148238401,0.42868616311747404,0.14384870115735393,5.627974823466094
112,Kprime,-0.03,-0.03,-1.4318876935281901,-1.2861518476307872,0.41170138793079675,0.14573584589740296,6.071883766418112
113,Kprime,-0.03,0.0,-1.427269678472951,-1.2808762715779047,0.4053856807706908,0.14639340689504632,6.23311029971616
114,Kprime,-0.03,0.03,-1.4318873058261261,-1.2861514191475854,0.41170088312952136,0.14573588667854076,6.071893144440517
115,Kprime,-0.03,0.06,-1.4454036166187998,-1.3015548419092435,0.428685285245381,0.14384877470955626,5.627998946583445
116,Kprime,-0.03,0.09,-1.4669606719894583,-1.3259912650897796,0.4546096827729026,0.14096940689967874,5.000175690516749
117,Kprime,-0.03,0.12,-1.4952584380092828,-1.3578525841357019,0.48845445882190386,0.13740585387358095,4.30285128603822
118,Kprime,0.0,-0.12,-1.4975010126716481,-1.3599021791729013,0.4862631784937973,0.1375988334987468,4.320721980075063
119,Kprime,0.0,-0.09,-1.4661535960791667,-1.3248120721688093,0.45101488353734787,0.14134152391035748,5.065701513696202
120,Kprime,0.0,-0.06,-1.4421903574936965,-1.2977982177970566,0.4238804150785572,0.1443921396966399,5.747778322621292
121,Kprime,0.0,-0.03,-1.4271142604312106,-1.280710816190911,0.40530875460030497,0.1464034442402995,6.236249823071813
122,Kprime,0.0,0.0,-1.4219835967601857,-1.274873885726747,0.3986764789118037,0.14710971103343873,6.414836443627795
123,Kprime,0.0,0.03,-1.4271138276367745,-1.280710340668335,0.4053082409098375,0.14640348696843963,6.236308461966746
124,Kprime,0.0,0.06,-1.4421894828194923,-1.2977972659207282,0.4238795252586453,0.14439221689876414,5.747730353034758
125,Kprime,0.0,0.09,-1.4661523277003359,-1.3248107049925335,0.4510136213423965,0.14134162270780237,5.065659368810046
126,Kprime,0.0,0.12,-1.497499426004768,-1.3599004835579482,0.48626164587132914,0.1375989424468198,4.320782683405685
127,Kprime,0.03,-0.12,-1.5082781978838917,-1.3714641910235517,0.4935984570085695,0.13681400686034006,4.160253377218566
128,Kprime,0.03,-0.09,-1.4745845303210894,-1.3340089776628883,0.4578574264624445,0.1405755526582011,4.892941807781688
129,Kprime,0.03,-0.06,-1.4487744646481295,-1.3051170056652035,0.4302028824588636,0.14365745898292603,5.570706342776611
130,Kprime,0.03,-0.03,-1.4325144293856344,-1.2868169515834875,0.41199709201165235,0.14569747780214692,6.059819604403123
131,Kprime,0.03,0.0,-1.426964385975392,-1.2805501063329507,0.4052349881773953,0.14641427964244125,6.23939252189114
132,Kprime,0.03,0.03,-1.4325139440243642,-1.2868164244760631,0.4119965944321329,0.145697519548301,6.0598173632776655
133,Kprime,0.03,0.06,-1.4487735350765503,-1.3051159995471222,0.43020200074741755,0.14365753552942806,5.5707394557952785
134,Kprime,0.03,0.09,-1.4745831855418146,-1.334007536153775,0.4578561796517105,0.14057564938803946,4.893011382400135
135,Kprime,0.03,0.12,-1.5082765130292264,-1.3714624011465926,0.493596948900866,0.13681411188263382,4.1603017483905536
136,Kprime,0.06,-0.12,-1.5262040259681968,-1.3910210842261863,0.5095613953721355,0.1351829417420105,3.8645323751594125
137,Kprime,0.06,-0.09,-1.4909191796155243,-1.352103128683372,0.47422125513034086,0.13881605093215232,4.533424880855234
138,Kprime,0.06,-0.06,-1.4638550090578546,-1.322058414079121,0.44675913813023027,0.14179659497873365,5.154757537674489
139,Kprime,0.06,-0.03,-1.4467870725391474,-1.3030164979678454,0.42931067793728384,0.14377057457130205,5.604369179650964
140,Kprime,0.06,0.0,-1.4409501346195701,-1.296486605056891,0.42331490666137395,0.14446352956267905,5.769644688353277
141,Kprime,0.06,0.03,-1.4467865688099972,-1.3030159548346076,0.42931023366624876,0.1437706139753896,5.6043844636186
142,Kprime,0.06,0.06,-1.463854017503023,-1.3220573525922092,0.4467582889604568,0.14179666491081377,5.154802278580656
143,Kprime,0.06,0.09,-1.4909177810510226,-1.3521016417918137,0.4742200580024999,0.13881613925920888,4.533442997311943
144,Kprime,0.06,0.12,-1.5262022757496387,-1.3910192365823293,0.5095599521239562,0.13518303916730945,3.8645990394891525
145,Kprime,0.09,-0.12,-1.5496091280725333,-1.4167020150948013,0.5327381926658442,0.13290711297773194,3.4928871180829
146,Kprime,0.09,-0.09,-1.513421243683045,-1.3771241059780581,0.49865388116301523,0.13629713770498686,4.066207633829558
147,Kprime,0.09,-0.06,-1.4856507862773767,-1.3465782563341082,0.4720585590856583,0.13907252994326846,4.598476780154402
148,Kprime,0.09,-0.03,-1.4681365258902355,-1.3272284864751471,0.45511818226286965,0.14090803941508834,4.983279924171821
149,Kprime,0.09,0.0,-1.4621460658354148,-1.3205944458975307,0.4492887046402426,0.14155161993788412,5.124689463759636
150,Kprime,0.09,0.03,-1.4681360137168133,-1.3272279399476359,0.45511775224918216,0.14090807376917747,4.98331191724742
151,Kprime,0.09,0.06,-1.4856497749977007,-1.3465771843942758,0.47205777081954575,0.13907259060342492,4.598532512936489
152,Kprime,0.09,0.09,-1.513419792825172,-1.3771225775220408,0.49865276772179057,0.13629721530313121,4.066186458757648
153,Kprime,0.09,0.12,-1.54960734186102,-1.4167001419507033,0.5327368375471664,0.13290719991031663,3.492950676804537
154,Kprime,0.12,-0.12,-1.5767168192074503,-1.4465139078453846,0.5614684108213798,0.13020291136206574,3.100442452589926
155,Kprime,0.12,-0.09,-1.5402087321390776,-1.4069314597380442,0.529399815536151,0.13327727240103338,3.5671576269291996
156,Kprime,0.12,-0.06,-1.5122050474190885,-1.376421357308634,0.5042539173582412,0.13578369011045455,3.999382892745118
157,Kprime,0.12,-0.03,-1.4945625581688295,-1.3571249063159823,0.48817779258976257,0.1374376518528473,4.310774171055385
158,Kprime,0.12,0.0,-1.4885282966939286,-1.350512238069273,0.48264843749790376,0.1380160586246557,4.424874380496106
159,Kprime,0.12,0.03,-1.4945620264074186,-1.3571243459117002,0.48817742387127394,0.13743768049571847,4.310739663439183
160,Kprime,0.12,0.06,-1.5122040372593377,-1.376420295024752,0.5042531936579913,0.13578374223458578,3.999337178011977
161,Kprime,0.12,0.09,-1.5402072826294582,-1.4069299442596712,0.5293987967542735,0.13327733836978695,3.5672030874793257
162,Kprime,0.12,0.12,-1.5767150262906742,-1.4465120404632623,0.5614671720887271,0.13020298582741185,3.100533143560302
